"agedays","cohort","a","ta","mu","sigma","nu","tau","mu_global","sigma_global","nu_global","tau_global","delta_mu","pct_diff_mu","delta_sigma","pct_diff_sigma","delta_nu","pct_diff_nu","delta_tau","pct_diff_tau"
0,"GSED-BGD",0,4.60517018598809,11.8036254076785,0.21171466680682,1.1453073162462,20.0072760138823,11.6050503129991,0.261950107186285,0.907877454013602,21.0681859305832,0.198575094679336,1.71110929572539,-0.0502354403794649,-19.1774841854675,0.2374298622326,26.1521928078459,-1.06090991670091,-5.03560164219387
7,"GSED-BGD",0.0191649555099247,4.60536181718076,12.6008645985989,0.20382153189406,1.16403850180821,19.9738789996303,12.4030362089615,0.251867363876831,0.930979954518945,21.1059002703549,0.197828389637394,1.5949996944656,-0.0480458319827715,-19.0758466056233,0.233058547289263,25.0336804952679,-1.13202127072466,-5.36352989554623
14,"GSED-BGD",0.0383299110198494,4.60555341165795,13.3979462705088,0.196224083732453,1.1827653801115,19.9405441158256,13.2008705348206,0.242174525248723,0.954074529958685,21.143674877681,0.19707573568823,1.49289954149913,-0.0459504415162699,-18.9741020320271,0.228690850152817,23.9699146106249,-1.20313076185534,-5.69026325279601
21,"GSED-BGD",0.0574948665297741,4.60574496943373,14.1948805424302,0.188911463125724,1.20151067763458,19.9072712344995,13.9985964604806,0.232856846814105,0.9772033323882,21.181509836192,0.196284081949601,1.40216972825619,-0.0439453836883817,-18.8722746569974,0.224307345246377,22.9540094483908,-1.27423860169244,-6.01580629306793
28,"GSED-BGD",0.0766598220396988,4.60593649052216,14.9918786735845,0.181876101668348,1.22046472392643,19.8740602225372,14.7966139832405,0.223903879062596,1.0007686427584,21.2194052181427,0.195264690344013,1.31965793366767,-0.0420277773942482,-18.7704552374006,0.219696081168033,21.9527343065515,-1.34534499560541,-6.34016355206382
35,"GSED-BGD",0.0958247775496235,4.60612797493728,15.7895687133872,0.175113455919189,1.23986105474819,19.8409109435525,15.5957536804133,0.215309018190003,1.02532597689816,21.2573610863,0.193815032973916,1.24274233195494,-0.0401955622708144,-18.668777837881,0.214535077850032,20.9235972445611,-1.41645014274756,-6.66333952270509
42,"GSED-BGD",0.114989733059548,4.60631942269314,16.5885049683645,0.168620338982439,1.2598133132319,19.8078232608132,16.3965275248461,0.207067025411573,1.05128782178837,21.29537749981,0.19197744351839,1.17084207755259,-0.0384466864291337,-18.5672664938881,0.208525491443527,19.8352427491074,-1.48755423899677,-6.98533866802802
49,"GSED-BGD",0.134154688569473,4.60651083380377,17.3892434590696,0.16239406130152,1.28033679180377,19.7747970366426,17.1992840378762,0.199172785863774,1.07888877540219,21.3334545159255,0.189959421193418,1.10446121347313,-0.0367787245622538,-18.4657378781702,0.201448016401581,18.6718057499936,-1.5586574792829,-7.306165431948
56,"GSED-BGD",0.153319644079398,4.6067022082832,18.1927542690448,0.156432464313815,1.30130598448307,19.7418321304249,18.0049106380647,0.191621919955934,1.10799285758867,21.3715921878771,0.187843630980097,1.04329110405564,-0.0351894556421191,-18.3640032675862,0.193313126894406,17.4471455813456,-1.62976005745223,-7.62582423960299
63,"GSED-BGD",0.172484599589322,4.60689354614545,18.9999346389054,0.150732812194437,1.32250662555505,19.7089284028682,18.8144383092808,0.18440974578618,1.13820004163427,21.4097905701766,0.185496329624613,0.985925418422464,-0.0336769335917428,-18.2620139994069,0.18430658392078,16.1928112088404,-1.70086216730837,-7.94431950061964
70,"GSED-BGD",0.191649555099247,4.60708484740452,19.8114666827488,0.14529181802942,1.34374531737454,19.6760857162131,19.6285883526259,0.177530948424467,1.16920656186339,21.4480497184558,0.182878330122911,0.931693746068322,-0.0322391303950469,-18.1597240825667,0.174538755511148,14.9279657850176,-1.7719640022427,-8.2616556073998
77,"GSED-BGD",0.210814510609172,4.60727611207442,20.6279076707763,0.140105346913066,1.3648734474638,19.6433039344111,20.4478890714428,0.170979235256265,1.2008087095807,21.4863696904026,0.180018599333561,0.880377425291162,-0.0308738883431992,-18.0570981598585,0.1640647378831,13.6628537563146,-1.84306575599145,-8.57783693824605
84,"GSED-BGD",0.229979466119097,4.60746734016914,21.4494813808269,0.135168568007061,1.38578019830451,19.6105829234914,21.272508099288,0.164747243610346,1.2328242151394,21.5247505477789,0.176973281538903,0.831934253887184,-0.0295786756032849,-17.9539729801145,0.152955983165108,12.4069580469599,-1.91416762428751,-8.89286786408324
91,"GSED-BGD",0.249144421629021,4.60765853170267,22.2759903225723,0.130475607863975,1.40637453643064,19.5779225521048,22.1022463251566,0.158826545929816,1.26506991173462,21.563192357287,0.173743997415635,0.786092032726467,-0.0283509380658404,-17.8502516061569,0.141304624696026,11.169708755643,-1.98526980518213,-9.20675274925718
98,"GSED-BGD",0.268309377138946,4.60784968668898,23.1068108036098,0.126019370701003,1.42655976573105,19.5453226923902,22.9365414323595,0.153207570960786,1.2973235509714,21.6016951924269,0.170269371250317,0.742349807848956,-0.0271882002597832,-17.745990024698,0.129236214759648,9.96175662292413,-2.05637250003668,-9.51949595491746
105,"GSED-BGD",0.287474332648871,4.60804080514205,23.9412615819021,0.121791871192586,1.44620344451731,19.5127832194553,23.7746843400378,0.147879597108205,1.32930606296216,21.6402591331744,0.166577241864282,0.700649646833615,-0.0260877259156198,-17.6411935289025,0.116897381555155,8.79386507082247,-2.12747591371906,-9.83110183952304
112,"GSED-BGD",0.306639288158795,4.60823188707584,24.7789034333522,0.117784340159409,1.46515700013919,19.4803040112569,24.616190517143,0.142830838464002,1.36072377712258,21.6788842660144,0.162712916209127,0.660999581132636,-0.025046498304593,-17.5357776891477,0.104433223016611,7.67482899706863,-2.19858025475753,-10.1415747590119
119,"GSED-BGD",0.32580424366872,4.60842293250429,25.6192197007252,0.113987533055473,1.48329903083002,19.4478849473761,25.4604774427507,0.138049110423653,1.39136660137312,21.7175706806101,0.158742257974513,0.623485000748529,-0.0240615773681797,-17.4297228677086,0.0919324294569019,6.60734772317916,-2.269685733234,-10.4509190581819
126,"GSED-BGD",0.344969199178645,4.60861394144136,26.461444504976,0.110392012503962,1.50052980171184,19.4155259088258,26.3067157630454,0.13352236591651,1.42106434645698,21.7563184687209,0.154728741930604,0.588172021640044,-0.0231303534125475,-17.3232051827262,0.079465455254857,5.59196741885626,-2.3407925598951,-10.7591390669357
133,"GSED-BGD",0.364134154688569,4.60880491390098,27.3046256462129,0.106987806700036,1.51677584947969,19.3832267793014,27.1539132443768,0.129238102775583,1.44967539849667,21.7951277260052,0.150712401836056,0.555030136834023,-0.0222502960755474,-17.2165140138154,0.0671004509830131,4.62865349391988,-2.41190094670374,-11.066239101806
140,"GSED-BGD",0.383299110198494,4.60899584989709,28.1477777701509,0.103765286497082,1.53201235827283,19.3509874436864,28.0009151016705,0.125184103577787,1.47718898886431,21.8339985497556,0.14686266848042,0.524492388720747,-0.0214188170807045,-17.10985378219,0.0548233694085252,3.71133076551529,-2.48301110606919,-11.3722234633793
147,"GSED-BGD",0.402464065708419,4.6091867494436,28.9897092597056,0.100715512555863,1.54624171671839,19.3188077869016,28.8463237974274,0.12134883744206,1.5036476921354,21.8729310381277,0.143385462278175,0.497066674024378,-0.0206333248861974,-17.0033148410252,0.0425940245829945,2.83271306209401,-2.55412325122614,-11.6770964383965
154,"GSED-BGD",0.421629021218344,4.60937761255443,29.82888939787,0.0978298792505373,1.5595028245674,19.2866876953296,29.6885188990723,0.11772120355404,1.5291689058997,21.9119252919543,0.140370498797694,0.47281071607139,-0.0198913243035026,-16.8969766728315,0.0303339186677023,1.98368659934627,-2.6252375966246,-11.9808623005326
161,"GSED-BGD",0.440793976728268,4.60956843924349,30.6634404866092,0.0950998759884337,1.57183386739438,19.2546270573426,30.5255549781439,0.11429022515371,1.55387374073021,21.9509814150942,0.137885508465288,0.451705164947905,-0.019190349165276,-16.7908927814839,0.0179601266641656,1.15582921529555,-2.69635435775161,-12.2835253092488
168,"GSED-BGD",0.459958932238193,4.60975922952466,31.4913168984901,0.0925173996422471,1.58325930678296,19.222625761454,31.3554184111522,0.111045626275557,1.57784313855664,21.9900995115415,0.13589848733794,0.433413088468323,-0.0185282266333095,-16.6852376403661,0.00541616822632096,0.343264047861912,-2.76747375008756,-12.585089706552
175,"GSED-BGD",0.479123887748118,4.60994998341185,32.310355827398,0.0900747115702636,1.59380329752135,19.1906836968635,32.1760663041136,0.107977749640864,1.6011334430171,22.0292796865297,0.134289523284416,0.417358424162767,-0.0179030380706002,-16.5803030070047,-0.00733014549575306,-0.457809780173004,-2.83859598966623,-12.8855597189678
182,"GSED-BGD",0.498288843258042,4.61014070091894,33.1182622193473,0.0877648462369522,1.6035184690304,19.1588007520081,32.9853600847282,0.105077745423079,1.62383448766318,22.0685220440563,0.132902134619115,0.402912486866097,-0.0173128991861272,-16.4762758435856,-0.0203160186327802,-1.25111387811552,-2.90972129204824,-13.1849395543546
189,"GSED-BGD",0.517453798767967,4.61033138205979,33.9125663313917,0.0855815777780083,1.61250602387075,19.1269768134869,33.7809942585681,0.102337552973776,1.64612917345313,22.1078266842036,0.131572072823644,0.389485495354456,-0.0167559751957681,-16.3732419907106,-0.0336231495823711,-2.04255839241577,-2.98084987071675,-13.4832333964632
196,"GSED-BGD",0.536618754277892,4.61052202684827,34.6908463473587,0.0835187199151531,1.62086839116272,19.0952117689879,34.5606219013791,0.099749167079126,1.6682061126804,22.1471937085274,0.130224445979586,0.37680006555203,-0.0162304471639729,-16.2712608428079,-0.0473377215176731,-2.83764225282769,-3.05198193953949,-13.7804454131107
203,"GSED-BGD",0.555783709787817,4.61071263529825,35.4511905191258,0.081570142557612,1.62869540479259,19.063505507939,35.3223274381368,0.0973047058939671,1.69017820532055,22.1866232206483,0.128863080989021,0.364820470040403,-0.0157345633363551,-16.1704032624086,-0.0614828005279533,-3.63765195494832,-3.12311771270927,-14.076579755511
210,"GSED-BGD",0.574948665297741,4.61090320742357,36.192436519792,0.0797299596521678,1.63604691205812,19.0318579208091,36.0649544780831,0.0949965814522839,1.71203296185354,22.2261153247376,0.127482041708866,0.353479003519436,-0.0152666218001161,-16.0707065104068,-0.0759860497954177,-4.43835203459816,-3.19425740392852,-14.3716405555285
217,"GSED-BGD",0.594113620807666,4.61109374323807,36.9141338391897,0.0779926903193673,1.64295556451501,19.0002688988104,36.7880410709294,0.0928175615450034,1.73367880035946,22.2656701265734,0.126092768260342,0.342754777339811,-0.014824871225636,-15.9720541876637,-0.0907232358444479,-5.23298986096142,-3.26540122776305,-14.665631931131
224,"GSED-BGD",0.613278576317591,4.6112842427556,37.6163298656697,0.0763530815896333,1.64944768807416,18.9687383343453,37.4915677565501,0.0907606162824175,1.75500477289749,22.3052877338007,0.124762109119601,0.332773785107463,-0.0144075346927842,-15.8742142604592,-0.105557084823331,-6.0146323504897,-3.33654939945534,-14.9585579853303
231,"GSED-BGD",0.632443531827515,4.61147470598997,38.2996036593567,0.0748062418798717,1.65553040892385,18.9372661203686,38.1759050292938,0.088819167406161,1.7758754951537,22.3449682541424,0.12369863006294,0.32402278339707,-0.0140129255262893,-15.7769161043918,-0.120345086229851,-6.77666235939784,-3.40770213377371,-15.2504228021984
238,"GSED-BGD",0.65160848733744,4.611665132955,38.9650373369805,0.0733477429012769,1.66118027779798,18.9058521501503,38.8418297768653,0.0869872519449048,1.79610289503172,22.3847117956989,0.123207560115269,0.317203285280481,-0.0136395090436279,-15.679894166868,-0.134922617233737,-7.51196479928586,-3.4788596455486,-15.5412304491543
245,"GSED-BGD",0.670773442847365,4.61185552366451,39.6140990818722,0.071973615813661,1.66634883304419,18.8744963169708,39.4905474584911,0.0852594733157654,1.81545884064666,22.4245184673372,0.123551623381132,0.312863789773993,-0.0132858575021044,-15.5828519522976,-0.14911000760247,-8.21335104184228,-3.55002215036634,-15.8309849798433
252,"GSED-BGD",0.68993839835729,4.6120458781323,40.2484057561416,0.0706802666413598,1.67100762057865,18.8431985128253,40.123533174021,0.0836310258611108,1.83375918385239,22.4643883765856,0.124872582120631,0.311220304500708,-0.012950759219751,-15.4855917243665,-0.16275156327374,-8.87529642424631,-3.62118986376026,-16.1196904320555
259,"GSED-BGD",0.709103353867214,4.61223619637215,40.8692839127531,0.0694640768310456,1.67514405064055,18.8119586303207,40.7420415927977,0.082097294563665,1.85086874031536,22.5043216318409,0.127242319955407,0.312312085945886,-0.0126332177326195,-15.3881048087676,-0.175724689674809,-9.49417351145432,-3.69236300152016,-16.4073508276558
266,"GSED-BGD",0.728268309377139,4.61242647839787,41.4776481414785,0.0683212264958656,1.67876221522271,18.7807765626183,41.3470325279124,0.0806536553312006,1.86669438154953,22.5443183421308,0.130615613566142,0.315900817012604,-0.012332428835335,-15.2906012563131,-0.18793216632682,-10.0676451477193,-3.76354177951253,-16.6939701719844
273,"GSED-BGD",0.747433264887064,4.61261672422323,42.0743505757434,0.0672478793366938,1.68189225531602,18.7496522021752,41.939447715524,0.079295648071037,1.88121272134413,22.5843786142882,0.134902860219462,0.32166103172009,-0.0120477687343432,-15.1934803831229,-0.199320466028109,-10.5953177844606,-3.83472641211297,-16.9795524490849
280,"GSED-BGD",0.766598220396988,4.612806933862,42.6602728528744,0.0662404644212755,1.68459621022465,18.7185854380586,42.5202660212089,0.0780191763673757,1.89445970664651,22.6245025480407,0.140006831665431,0.329270827222945,-0.0117787119461002,-15.0972010914814,-0.209863496421856,-11.077749275193,-3.90591710998212,-17.2641016158845
287,"GSED-BGD",0.785763175906913,4.61299710732794,43.2363223040655,0.0652954574417991,1.6869287313238,18.6875761598841,43.0905498386006,0.076820197154479,1.90646608765866,22.6646902445228,0.145772465464901,0.338293352047966,-0.0115247397126799,-15.0022261587075,-0.219537356334861,-11.5154084174912,-3.97711408463874,-17.5476216164033
294,"GSED-BGD",0.804928131416838,4.61318724463481,43.803557964102,0.0644093303146766,1.68893934501011,18.6566242590087,43.6515138736002,0.0756946823395366,1.91727590960666,22.7049418081667,0.152044090501768,0.348313442099707,-0.0112853520248599,-14.9090420569285,-0.228336564596546,-11.9094264655624,-4.04831754915802,-17.8301163833059
301,"GSED-BGD",0.824093086926763,4.61337734579636,44.3630003063137,0.0635784863406327,1.69067551431186,18.6257296280663,44.2043081235949,0.0746386501577895,1.9269448404801,22.7452573455479,0.158692182718781,0.358997096561445,-0.0110601638171568,-14.8182795291382,-0.236269326168243,-12.2613435114923,-4.11952771748166,-18.1115898356191
308,"GSED-BGD",0.843258042436687,4.61356741082632,44.9156260872879,0.0627992145045579,1.69218611716699,18.5948921610228,44.7500459604097,0.0736480028973323,1.93554440915666,22.7856369660223,0.165580126878218,0.37001107669187,-0.0108487883927744,-14.7305941315177,-0.243358291989673,-12.5731184899915,-4.19074480499951,-18.3920458806954
315,"GSED-BGD",0.862422997946612,4.61375743973843,45.4623217738598,0.0620678868930847,1.69351073372947,18.5641117526443,45.2897213618883,0.0727186816610894,1.94314509363897,22.8260807810914,0.172600411971473,0.381102834774157,-0.0106507947680047,-14.6465729640748,-0.249634359909499,-12.8469233062779,-4.26196902844703,-18.6714884141545
322,"GSED-BGD",0.881587953456537,4.61394743254642,46.003877408832,0.0613809377358608,1.69467852776943,18.5333882977434,45.8242113576699,0.0718466946773609,1.94979354056637,22.8665889039697,0.17966605116208,0.392076690114184,-0.0104657569415001,-14.5667897298523,-0.255115012796939,-13.0842064807966,-4.33320060622621,-18.9499213215574
329,"GSED-BGD",0.900752908966461,4.614137389264,46.5408299412201,0.0607348869783483,1.69572217869901,18.5027216912836,46.3541362582107,0.0710281554607347,1.95555085171084,22.9071614491559,0.186693683009416,0.402755175869224,-0.0102932684823864,-14.4918144299504,-0.259828673011837,-13.2867254658462,-4.40443975787227,-19.2273484763629
336,"GSED-BGD",0.919917864476386,4.61432730990487,47.0734629694371,0.0601263008183483,1.6966816796733,18.4721118286295,46.8798810070546,0.0702592176304483,1.96050826200705,22.9477985324359,0.193581962382474,0.412931855252242,-0.0101329168121,-14.4221885096948,-0.263826582333743,-13.4570502683653,-4.47568670380645,-19.5037737388195
343,"GSED-BGD",0.939082819986311,4.61451719448275,47.601887315225,0.0595520014292847,1.69758377446939,18.441558605345,47.4016648057999,0.0695362447948385,1.96473522592134,22.9885002701889,0.200222509425082,0.422395521856404,-0.00998424336555385,-14.3583298106068,-0.267151451451948,-13.597325885307,-4.5469416648439,-19.7792009544019
350,"GSED-BGD",0.958247775496235,4.61470704301131,48.1260866012197,0.0590089785161159,1.69843843109596,18.4110619171878,47.9195589772843,0.0688557054896996,1.9682980932635,23.0292667793845,0.206527623935472,0.430988156701053,-0.00984672697358374,-14.3005244134152,-0.269859662167537,-13.7103045057622,-4.61820486219671,-20.0536339538646
357,"GSED-BGD",0.97741273100616,4.61489685550426,48.6458621718486,0.0584943082325282,1.69923375684129,18.3806216602957,48.4333796487574,0.068214095273801,1.97123830784346,23.0700981791395,0.212482523091182,0.438710915141834,-0.00971978704127277,-14.2489422490455,-0.272004551002175,-13.7986640133708,-4.68947651884385,-20.3270765578457
364,"GSED-BGD",0.996577686516085,4.61508663197525,49.1606576258666,0.0580051696403935,1.6999753039251,18.3502377310399,48.9425121563186,0.0676080170684282,1.97364727081367,23.1109945889577,0.218145469548055,0.445717761383633,-0.00960284742803465,-14.2037111047279,-0.273671966888564,-13.866305845813,-4.76075685791782,-20.599532571361
371,"GSED-BGD",1.01574264202601,4.61527637243798,49.669667544477,0.0575391469512889,1.70067956143501,18.3199100259077,49.4461181145905,0.0670344887782894,1.97564985330535,23.1519561281235,0.22354942988644,0.452107138862484,-0.00949534182700044,-14.164860506963,-0.274970291870338,-13.9179668608939,-4.83204610221587,-20.8710057822985
378,"GSED-BGD",1.03490759753593,4.61546607690609,50.17206798066,0.0570940969922036,1.70135955128782,18.2896384426732,49.9433818546952,0.0664907978818753,1.97736583576975,23.1929829179045,0.228686125964707,0.457890750430245,-0.00939670088967171,-14.1323328776495,-0.276006284481938,-13.9582812390654,-4.9033444752313,-21.1414999639655
385,"GSED-BGD",1.05407255304586,4.61565574539324,50.6671892261552,0.0566681827797078,1.70200883081121,18.2594228797548,50.4337294506991,0.065974555429408,1.97886067735471,23.2340750802806,0.233459775456105,0.462904048538232,-0.00930637264970023,-14.1060028205236,-0.276851846543493,-13.9904668232421,-4.97465220052584,-21.4110188735163
392,"GSED-BGD",1.07323750855578,4.61584537791307,51.1544403161196,0.0562597666862621,1.70261015802537,18.2292632359596,50.9167568938537,0.0654835511946257,1.98015844695415,23.2752327379385,0.237683422265874,0.466807858091539,-0.00922378450836359,-14.0856510376923,-0.277548288928776,-14.0164687000526,-5.04596950197883,-21.6795662530752
399,"GSED-BGD",1.09240246406571,4.61603497447923,51.6332863456816,0.0558671632433221,1.70313645605828,18.1991594110955,51.3920789810808,0.0650155373289068,1.98126949592111,23.3164560156275,0.241207364600875,0.469347357381031,-0.00914837408558469,-14.0710581830679,-0.278133039862822,-14.0381225489729,-5.11729660453199,-21.9471458316915
406,"GSED-BGD",1.11156741957563,4.61622453510535,52.1032810637703,0.0554886397416201,1.70354474941047,18.1691113054262,51.8592784565666,0.0645682452777315,1.98217799495883,23.3577450390861,0.244002607203733,0.470509066970708,-0.0090796055361114,-14.0620292483661,-0.278633245548359,-14.0569235586811,-5.18863373365986,-22.2137613240378
413,"GSED-BGD",1.13073237508556,4.61641405980505,52.5640990260359,0.0551226489860689,1.70378363829376,18.1391188188452,52.3179788496527,0.0641395757029495,1.98284122284894,23.3990999324301,0.246120176383236,0.470431354182311,-0.00901692671688056,-14.0582886900294,-0.279057584555178,-14.0736223021544,-5.2599811135849,-22.4794164253079
420,"GSED-BGD",1.14989733059548,4.61660354859194,53.0155824309175,0.0547679007094373,1.7037948478797,18.1091818501952,52.7679293966109,0.0637277076586084,1.98318438154515,23.4405208170054,0.247653034306637,0.469324904612503,-0.00895980694917115,-14.0595155205788,-0.279389533665455,-14.0879252713646,-5.33133896681026,-22.7441148105486
427,"GSED-BGD",1.16906228610541,4.61679300147963,53.4577873355575,0.0544234666203961,1.70352037742497,18.0793002964049,53.2091083149389,0.0633312013970063,1.9831220965035,23.4820078115005,0.24867902061866,0.467361751575982,-0.00890773477661016,-14.0653178529963,-0.279601719078532,-14.0990673025885,-5.4027075150956,-23.0078601389851
434,"GSED-BGD",1.18822724161533,4.61698241848173,53.890824193025,0.0540885634295576,1.70290513385268,18.0494740542939,53.6415715261155,0.0629487794042551,1.98258147827209,23.5235610350981,0.249252666909499,0.464663244976239,-0.00886021597469745,-14.0752784383593,-0.279676344419405,-14.1066759416695,-5.47408698080423,-23.2706560568643
441,"GSED-BGD",1.20739219712526,4.61717179961182,54.3148246749097,0.0537625394303916,1.70188431935719,18.0197030202689,54.0654479557948,0.0625793380124356,1.98146918934581,23.565180606094,0.249376719114935,0.461249704837054,-0.00881679858204399,-14.08899304798,-0.279584869988625,-14.1099781662984,-5.5454775858251,-23.5325061942917
448,"GSED-BGD",1.22655715263518,4.61736114488348,54.7298809941337,0.0534450250010666,1.70039439292894,17.9899870899436,54.480857866616,0.0622219658053174,1.97969654178263,23.6068666415576,0.249023127517731,0.457083712094636,-0.00877694080425089,-14.1058558511515,-0.279302148853688,-14.1083314012454,-5.61687955161398,-23.7934141658852
455,"GSED-BGD",1.24572210814511,4.61755045431031,55.1360240742424,0.0531356454807076,1.69837720455093,17.9603261595488,54.8879063791438,0.0618757540378542,1.97717935323839,23.648619259247,0.248117695098571,0.45204437819995,-0.00874010855714655,-14.1252558341343,-0.278802148687458,-14.1010044552009,-5.68829309969813,-24.0533835711103
462,"GSED-BGD",1.26488706365503,4.61773972790585,55.533072657015,0.0528341224148439,1.69580568569111,17.9307201239243,55.2864211734894,0.0615399602739713,1.97388556637004,23.6904385732565,0.246651483525604,0.446133929978228,-0.0087058378591274,-14.1466419873683,-0.278079880678922,-14.0879433649393,-5.75971844933223,-24.3124179888937
469,"GSED-BGD",1.28405201916496,4.61792896568369,55.9207095913543,0.0525404333102998,1.6926896927644,17.9011688755431,55.6759961873222,0.061214149450964,1.96985827204725,23.7323246928083,0.244713404032105,0.439531253664084,-0.00867371614066419,-14.1694628095949,-0.277168579282851,-14.0704833041005,-5.83115581726518,-24.5705209782176
476,"GSED-BGD",1.30321697467488,4.61811816765736,56.2987498822685,0.0522546827190582,1.68905320255764,17.8716723062775,56.0563753704219,0.0608980616746911,1.96516055846099,23.7742777260991,0.242374511846599,0.432376353706393,-0.00864337895563289,-14.1931922263875,-0.276107355903347,-14.0501169084922,-5.90260541982156,-24.827696083241
483,"GSED-BGD",1.3223819301848,4.61830733384041,56.6671862615193,0.0519769588819188,1.68491668406832,17.8422303083832,56.4274887294342,0.0605915062044637,1.95983793229947,23.8162977811127,0.239697532085067,0.424788587056212,-0.00861454732254492,-14.2174173612312,-0.274921248231146,-14.0277542188696,-5.97406747272954,-25.0839468318506
490,"GSED-BGD",1.34154688569473,4.61849646424639,57.0261711779126,0.0517073609535213,1.68030795461058,17.8128427743102,56.7893966498698,0.0602943276626496,1.95393626470559,23.8583849661999,0.236774528042851,0.416934396226578,-0.00858696670912833,-14.2417488377562,-0.273628310095014,-14.0039526896361,-6.04554219188973,-25.3392767383644
497,"GSED-BGD",1.36071184120465,4.61868555888882,57.3760342267347,0.0514460778144831,1.67526986477117,17.7835095964869,57.1422869160328,0.0600064274110238,1.94752421359684,23.9005393903697,0.233747310701901,0.409061875744278,-0.00856034959654065,-14.2657211333465,-0.272254348825667,-13.9795103406107,-6.11702979388282,-25.5936893053868
504,"GSED-BGD",1.37987679671458,4.61887461778123,57.7173094941416,0.0511933107647274,1.66984092039916,17.7542306674274,57.4865294129504,0.0597277178124856,1.94066298769613,23.9427611625728,0.230780081191213,0.401450711232575,-0.00853440704775824,-14.2888550916208,-0.270822067296976,-13.9551312625632,-6.18853049514539,-25.8471880211514
511,"GSED-BGD",1.3990417522245,4.61906364093713,58.0505751881111,0.0509492428104234,1.66404526212303,17.7250058795592,57.8226111905524,0.0594580795029153,1.93339878246194,23.9850503912954,0.227963997558689,0.394247151529428,-0.00850883669249186,-14.3106483822349,-0.26935352033891,-13.9316070115614,-6.26004451173619,-26.099776359061
518,"GSED-BGD",1.41820670773443,4.61925262837003,58.3763443680293,0.0507139592588657,1.65790505524577,17.6958351259272,58.1510435190111,0.0591973124415746,1.92578204167072,24.0274071851122,0.225300849018176,0.387440766982141,-0.00848335318270891,-14.3306390658894,-0.267876986424956,-13.910036578831,-6.33157205918508,-26.351457776552
525,"GSED-BGD",1.43737166324435,4.61944158009342,58.6952463482383,0.0504875151899119,1.65144437644297,17.66671829834,58.4724358219922,0.0589452913549886,1.91785602193905,24.0698316484731,0.222810526246072,0.381052239596062,-0.00845777616507664,-14.3485187207593,-0.266411645496077,-13.8911181261,-6.40311335013314,-26.6022357100255
532,"GSED-BGD",1.45653661875428,4.61963049612081,59.0079056309832,0.0502698108673763,1.64469133553888,17.6376552889296,58.7872975805518,0.058701766836011,1.90966083639602,24.1123238857134,0.220608050431473,0.375264826775189,-0.00843195596863466,-14.364058227055,-0.264969500857146,-13.8752125931014,-6.47466859678382,-26.8521135808899
539,"GSED-BGD",1.4757015742642,4.61981937646568,59.3147273805832,0.0500607075703698,1.63768220430647,17.6086459902541,59.0958795000685,0.0584664798576337,1.90125180906692,24.1548840009172,0.218847880514673,0.370326801743291,-0.00840577228726386,-14.3770794953484,-0.263569604760451,-13.8629508991659,-6.54623801066304,-27.1010947948021
546,"GSED-BGD",1.49486652977413,4.62000822114149,59.6159366544393,0.0498600020746399,1.63045295253357,17.5796902952224,59.398283992077,0.0582391015769008,1.89267762462774,24.1975120976868,0.217652662362241,0.366429209287044,-0.00837909950226096,-14.3874120228261,-0.262224672094169,-13.8546928796574,-6.61782180246438,-27.349182741382
553,"GSED-BGD",1.51403148528405,4.62019703016173,59.9116686575547,0.0496673551905543,1.62304296192629,17.5507880980386,59.6946074153252,0.0580191798295188,1.88398107008399,24.2402082810287,0.217061242229555,0.363619515443583,-0.00835182463896453,-14.3949374388007,-0.2609381081577,-13.8503572196756,-6.68942018299008,-27.5963807960573
560,"GSED-BGD",1.53319644079398,4.62038580353985,60.2021642290317,0.0494823839992,1.61548939416168,17.5219392935897,59.9851117195122,0.0578062120178318,1.87520862581969,24.2829726570257,0.217052509519519,0.361843969774445,-0.00832382801863172,-14.3995389562354,-0.259719231658018,-13.8501512888727,-6.76103336343597,-27.8426923216084
567,"GSED-BGD",1.5523613963039,4.62057454128931,60.4877127220305,0.0493047151467948,1.60781770091397,17.4931437774602,60.2701431370267,0.0575996626114754,1.86638783903032,24.3258053335742,0.217569585003844,0.360990655869508,-0.00829494746468062,-14.4010348127075,-0.258570138116357,-13.8540410899107,-6.83266155611395,-28.0881206702892
574,"GSED-BGD",1.57152635181383,4.62076324342355,60.7685121558478,0.049133879201515,1.60004717345668,17.4644014458081,60.5499932703141,0.0573989567134871,1.85753858090124,24.3687064200062,0.218518885533719,0.360890024476439,-0.00826507751197215,-14.3993514607385,-0.257491407444557,-13.8619682030845,-6.90430497419808,-28.3326691831693
581,"GSED-BGD",1.59069130732375,4.62095190995601,61.044621027277,0.0489693756691949,1.59219292311628,17.4357121945467,60.8247776536152,0.0572035701194989,1.84867716833264,24.4116760249941,0.219843373661824,0.361437200664814,-0.008234194450304,-14.3945464122303,-0.256484245216362,-13.8739337300136,-6.97596383044742,-28.5763411873278
588,"GSED-BGD",1.60985626283368,4.62114054090013,61.3160645517701,0.0488108908078282,1.58428157707258,17.4070759180784,61.0945625327697,0.057013285643265,1.83983992894014,24.4547142519262,0.221502019000361,0.362556027603198,-0.00820239483543676,-14.3868130785508,-0.255558351867559,-13.8902492465622,-7.04763833384775,-28.8191399876719
595,"GSED-BGD",1.6290212183436,4.62132913626933,61.5829757137581,0.0486581186836786,1.57634776448476,17.3784925105841,61.3595851572062,0.0568278864177542,1.83107850806944,24.4978212028908,0.223390556551848,0.364067905575813,-0.00816976773407562,-14.376335720139,-0.254730743584677,-13.9115140318723,-7.1193286923067,-29.0610688736131
602,"GSED-BGD",1.64818617385353,4.62151769607702,61.8455950861723,0.0485106929046438,1.56842072010829,17.3499618663722,61.6202670878881,0.0566470908310811,1.82242373342623,24.5409969796059,0.225327998284229,0.365671894869989,-0.00813639792643724,-14.3633111728537,-0.254003013317944,-13.937648454589,-7.19103511323363,-29.3021311204657
609,"GSED-BGD",1.66735112936345,4.62170622033661,62.1041589490815,0.0483681856167843,1.56053142299713,17.3214838798578,61.8769684135654,0.0564705848784001,1.8139106813847,24.584241683126,0.227190535516186,0.36716494253196,-0.00810239926161586,-14.3479995453616,-0.253379258387568,-13.9686733744875,-7.26275780326822,-29.5423299887797
616,"GSED-BGD",1.68651608487337,4.6218947090615,62.3588609387191,0.0482301598513883,1.55273472261925,17.2930584443713,62.1299110060349,0.0562980653122974,1.80563420231511,24.6275554111427,0.228949932684145,0.368501948541189,-0.00806790546090909,-14.3306975402346,-0.252899479695854,-14.0061303320239,-7.33449696677145,-29.7816687215856
623,"GSED-BGD",1.7056810403833,4.62208316226509,62.6099829662425,0.0480962249522993,1.54508428779866,17.2646854535749,62.3793459687965,0.0561292420024268,1.79769651312218,24.6709382620338,0.230636997445934,0.369732952252022,-0.00803301705012758,-14.3116435632255,-0.252612225323518,-14.0519950658851,-7.40625280845885,-30.0201505504003
630,"GSED-BGD",1.72484599589322,4.62227157996076,62.8579399608069,0.0479660810841013,1.53764041390025,17.2363648006851,62.6255723800603,0.0559639316948193,1.79022458754033,24.7143903327173,0.232367580746597,0.371042645864235,-0.00799785061071793,-14.2910806451762,-0.252584173640074,-14.1090774530759,-7.47802553203221,-30.25777869233
637,"GSED-BGD",1.74401095140315,4.62245996216189,63.1029625129989,0.0478394045332474,1.53047395415719,17.2080963789076,62.8687394709628,0.0558020056042209,1.78338010263418,24.7579117187027,0.234223042036071,0.372558832906538,-0.00796260107097359,-14.2693815119277,-0.252906148476984,-14.1812812705168,-7.54981533979511,-30.4945563485946
644,"GSED-BGD",1.76317590691307,4.62264830888185,63.345028377826,0.0477159459775364,1.52365565802421,17.1798800810141,63.1087532876377,0.0556434119565426,1.77732326832608,24.8015025143463,0.236275090188244,0.37439353160939,-0.00792746597900627,-14.246908484328,-0.253667610301871,-14.2724519969167,-7.62162243333223,-30.7304867070999
651,"GSED-BGD",1.782340862423,4.622836620134,63.5840766942132,0.0475955965952855,1.51723132909964,17.1517157980422,63.345482072719,0.055488208915739,1.77214926710267,24.8451628084205,0.238594621494208,0.376656098725885,-0.00789261232045348,-14.2239450050347,-0.25491793800303,-14.3846764341585,-7.69344701037829,-30.9655729354723
658,"GSED-BGD",1.80150581793292,4.62302489593171,63.8201415413649,0.0474782998063594,1.51123061943882,17.1236034207005,63.5788940851017,0.0553365028372676,1.76791342579669,24.8888926872569,0.241247456263189,0.379445820401144,-0.00785820303090819,-14.2007583204479,-0.256682806357868,-14.5189692330209,-7.76528926655637,-31.1998181844876
665,"GSED-BGD",1.82067077344285,4.62321313628831,64.0534326800523,0.0473641230806559,1.50566972812341,17.0955428392026,63.8091688160579,0.0551885705929975,1.76464448748635,24.9326922359461,0.24426386399437,0.382803707565141,-0.00782444751234165,-14.1776593020411,-0.25897475936294,-14.6757469393644,-7.8371493967435,-31.4332255922387
672,"GSED-BGD",1.83983572895277,4.62340134121714,64.2843101265594,0.047253067117844,1.50055570341252,17.0675339442838,64.0366385103824,0.0550446523424702,1.76235886816625,24.9765615406881,0.247671616176973,0.386765486037836,-0.00779158522462621,-14.1550266793393,-0.261803164753732,-14.8552698024631,-7.90902759640439,-31.6657982866063
679,"GSED-BGD",1.8590006844627,4.62358951073155,64.5131377635248,0.0471450258479481,1.49588923973729,17.0395766278326,64.261688463405,0.0549049143366016,1.76105725054283,25.0205006888387,0.25144930011983,0.391289594363869,-0.00775988848865344,-14.1333222761818,-0.265168010805548,-15.0573191600564,-7.98092406100612,-31.8975393828402
686,"GSED-BGD",1.87816563997262,4.62377764484485,64.740262382344,0.0470398237002357,1.49166143183583,17.011670782528,64.484751790085,0.0547694784062003,1.76070946342184,25.0645097680423,0.255510592259057,0.396234125380233,-0.00772965470596453,-14.113069780649,-0.269048031586007,-15.2806602778818,-8.0528389855143,-32.1284519826589
693,"GSED-BGD",1.89733059548255,4.62396574357036,64.9659671746682,0.0469372022912051,1.4878614124298,16.9838163013848,64.7062330798275,0.0546383489302954,1.76127094570624,25.1085888665851,0.259734094840724,0.401405061735385,-0.00770114663909034,-14.0947645561454,-0.273409533276448,-15.5234226705997,-8.12477256520029,-32.3585391770577
700,"GSED-BGD",1.91649555099247,4.6241538069214,65.1904197694809,0.0468369218571891,1.48448302971807,16.9560130770071,64.9264011349243,0.0545115256100163,1.76269979528046,25.152738072631,0.264018634556535,0.406642952545414,-0.00767460375282718,-14.0788643629834,-0.278216765562384,-15.7835591918315,-8.19672499562397,-32.5878040472377
707,"GSED-BGD",1.9356605065024,4.62434183491126,65.4136127769015,0.0467386709070008,1.48153008094784,16.9282610022988,65.1452810536726,0.0543889119842349,1.7649722697789,25.1969574748896,0.268331723228954,0.411897406671526,-0.00765024107723409,-14.065810103816,-0.283442188831066,-16.0592998362843,-8.26869647259074,-32.8162496635994
714,"GSED-BGD",1.95482546201232,4.62452982755325,65.6354770270622,0.0466420952439474,1.4790169763868,16.9005599703707,65.3627396611888,0.0542703491695267,1.76807716229082,25.2412471624558,0.272737365873368,0.417267341129085,-0.00762825392557939,-14.0560251450579,-0.289060185904014,-16.3488445000608,-8.34068719208508,-33.043879085702
721,"GSED-BGD",1.97399041752225,4.62471778486064,65.855994784515,0.0465468330756566,1.47695908782655,16.8729098743186,65.5786791457185,0.0541556596914136,1.77200499286,25.285607223978,0.277315638796566,0.422874694045543,-0.007608826615757,-14.0499195450912,-0.295045905033453,-16.6503991931338,-8.41269734965944,-33.2706953609633
728,"GSED-BGD",1.99315537303217,4.62490570684673,66.0751179386513,0.0464526348944459,1.47537366824307,16.8453106065599,65.7930278194107,0.0540447401672423,1.77675306798888,25.330037747,0.28209011924065,0.428753818740389,-0.00759210527279637,-14.0478152902623,-0.301379399745816,-16.9623683321932,-8.48472714044008,-33.4967015256224
735,"GSED-BGD",2.01232032854209,4.62509359352477,66.2927495593582,0.0463593207394128,1.47426911392004,16.8177620597709,66.0056852208026,0.0539375022857536,1.78231009306426,25.3745388197072,0.287064338555567,0.434908504616348,-0.00757818154634079,-14.0499304290966,-0.308040979144214,-17.283242705236,-8.55677675993633,-33.7219006056996
742,"GSED-BGD",2.03148528405202,4.62528144490804,66.5087887531286,0.0462666445322587,1.47364029779619,16.7902641274168,66.2165637177552,0.0538337438859594,1.78865161493194,25.4191105313703,0.292225035373349,0.441317125151561,-0.00756709935370072,-14.0564241077692,-0.315011317135754,-17.611664256247,-8.62884640395351,-33.9462956160659
749,"GSED-BGD",2.05065023956194,4.6254692610098,66.7230862844785,0.0461742468590539,1.47347152621717,16.7628167040587,66.4255371354545,0.0537331105725721,1.79574735090224,25.4637529722743,0.297549149024036,0.447943911115503,-0.00755886371351827,-14.0674225500295,-0.322275824685075,-17.9466128418985,-8.7009362682156,-34.1698895590506
756,"GSED-BGD",2.06981519507187,4.6256570418433,66.9355034105153,0.0460818704441086,1.47373063948648,16.7354196839249,66.6325096090047,0.0536353349312177,1.80354257229987,25.5084662307673,0.302993801510638,0.454723682611666,-0.00755346448710915,-14.083000501061,-0.329811932813398,-18.2868947968787,-8.7730465468424,-34.3926854224606
763,"GSED-BGD",2.08898015058179,4.62584478742177,67.1459394428322,0.0459895032788202,1.47437827441646,16.7080729599607,66.8374122927111,0.0535403377607883,1.81196180184187,25.5532503924838,0.308527150121151,0.461608460797333,-0.00755083448196812,-14.1030759195138,-0.33758352742541,-18.6308302461042,-8.84517743252315,-34.6146861814685
770,"GSED-BGD",2.10814510609172,4.62603249775845,67.3543263661981,0.0458972563735887,1.47537562892212,16.6807764242459,67.0402263716806,0.0534480809411608,1.82092223930349,25.5981055425285,0.314099994517477,0.468524662754063,-0.00755082456757206,-14.1274007122623,-0.345546610381372,-18.9764616480023,-8.91732911828266,-34.8358948027129
777,"GSED-BGD",2.12731006160164,4.62622017286658,67.5606950379539,0.0458053632660509,1.47667837124694,16.6535299675612,67.2410490935323,0.0533585852750769,1.83033146973266,25.6430317653424,0.319645944421595,0.475373226222225,-0.00755322200902597,-14.1555889649008,-0.353653098485725,-19.3218061500838,-8.98950179778116,-35.0563142456924
784,"GSED-BGD",2.14647501711157,4.62640781275938,67.7651349879937,0.0457141172413274,1.47823886347516,16.6263334809307,67.4400226608007,0.0532718751263183,1.84008489977008,25.6880291460862,0.325112327192997,0.482076242512842,-0.00755775788499084,-14.1871444680141,-0.361846036294917,-19.6646381012164,-9.06169566515551,-35.2759474602828
791,"GSED-BGD",2.16563997262149,4.62659541745004,67.9678528934201,0.045623724299523,1.4800016883978,16.5991868563614,67.6374070949736,0.0531878589943857,1.8500709007614,25.7330977712944,0.330445798446561,0.488554799243802,-0.0075641346948627,-14.2215438595886,-0.370069212363594,-20.0029746001244,-9.13391091493293,-35.4947973854976
798,"GSED-BGD",2.18480492813142,4.62678298695179,68.1689833460112,0.0455342329633425,1.48191322074797,16.5720899870649,67.8333382201795,0.0531063199404629,1.86018841062538,25.7782377285837,0.335645125831718,0.494808503662684,-0.00757208697712037,-14.2583537808859,-0.378275189877409,-20.3353159129852,-9.20614774151887,-35.712866947886
805,"GSED-BGD",2.20396988364134,4.62697052127782,68.3685421780341,0.0454456258061089,1.48392987183766,16.5450427669609,68.0278435162887,0.0530270088514577,1.87036316408111,25.8234491058187,0.340698661745463,0.500822375273275,-0.00758138304534886,-14.2972104396578,-0.386433292243453,-20.6608694859163,-9.27840633885781,-35.9301590613902
812,"GSED-BGD",2.22313483915127,4.62715802044132,68.5664613597813,0.045357793232204,1.48601174269177,16.5180450912024,68.2209360366592,0.052949551783991,1.88052891939561,25.8687319928966,0.345525323122104,0.506479891944655,-0.00759175855178709,-14.3377201430483,-0.39451717670384,-20.9790539584276,-9.35068690169414,-36.1466766297698
819,"GSED-BGD",2.24229979466119,4.62734548445547,68.762715857229,0.045270538271817,1.48811704242262,16.4910968560954,68.4126574621178,0.0528734616184675,1.89061624693014,25.914086481511,0.350058395111162,0.511686591483455,-0.00760292334665048,-14.3794696127763,-0.40249920450752,-21.2893126863303,-9.42298962541563,-36.3624225462807
826,"GSED-BGD",2.26146475017112,4.62753291333346,68.9573322052902,0.0451836925241009,1.49019772256132,16.4641979582716,68.6030207015989,0.0527982780669783,1.90054126872333,25.9595126639174,0.354311503691264,0.516466330589734,-0.00761458554287742,-14.4220338648502,-0.410343546162009,-21.5908779732867,-9.49531470564581,-36.5773996938081
833,"GSED-BGD",2.28062970568104,4.62772030708844,69.1503484814618,0.0450971311308433,1.49219418564628,16.4373482939527,68.7920762935626,0.052723667853283,1.91017788955754,26.0050106300118,0.358272187899132,0.520804440282112,-0.00762653672243969,-14.4651103251437,-0.417983703911255,-21.8819255628634,-9.56766233605919,-36.7916109406137
840,"GSED-BGD",2.29979466119096,4.62790766573358,69.3418309002004,0.0450107593964708,1.494037278835,16.4105477590433,68.9799047515649,0.0526494127526635,1.91936816001429,26.050580467563,0.361926148635561,0.524683456637203,-0.00763865335619276,-14.5085252746838,-0.425330881179294,-22.1599425290105,-9.64003270851979,-37.0050591407094
847,"GSED-BGD",2.31895961670089,4.62809498928204,69.5318132202951,0.0449245385264016,1.49566078970946,16.3837962494555,69.1665173850746,0.0525754668535701,1.92796824576435,26.0962222626093,0.365295835220536,0.528139696822965,-0.00765092832716853,-14.5522784390625,-0.432307456054892,-22.4229552019153,-9.71242601315373,-37.2177471337287
854,"GSED-BGD",2.33812457221081,4.62828227774695,69.7202954172319,0.0448384715191912,1.49700837000449,16.3570936612552,69.3519302686753,0.0525018687484327,1.93586553840794,26.1419361003721,0.368365148556592,0.531153418700119,-0.00766339722924145,-14.5964275404392,-0.438857168403454,-22.6698166632157,-9.78484243911684,-37.4296777466975
861,"GSED-BGD",2.35728952772074,4.62846953114147,69.9072879737791,0.0447526085472087,1.49802701693804,16.3304398911302,69.5361523906299,0.0524286999411062,1.94295174133647,26.1877220673148,0.371135583149155,0.533730398346236,-0.00767609139389754,-14.6410103674518,-0.444924724398427,-22.8994223033241,-9.85728217618456,-37.6408537972364
868,"GSED-BGD",2.37645448323066,4.62865674947871,70.0928983825905,0.0446670836579549,1.49866557752051,16.3038348356461,69.7192541833071,0.052356194168882,1.94911126578336,26.2335802492418,0.373644199283433,0.535926844973185,-0.00768911051092708,-14.68615248489,-0.450445688262854,-23.1103116671904,-9.92974541359569,-37.8512780918749
875,"GSED-BGD",2.39561943874059,4.62884393277181,70.2772728773948,0.044582021809826,1.4988736223397,16.2772783920153,69.9013385795934,0.0522845792369717,1.95423284454258,26.2795107321264,0.375934297801322,0.537807008335417,-0.00770255742714562,-14.7319870209436,-0.455359222202882,-23.3011753678445,-10.0022323401111,-38.0609534251468
882,"GSED-BGD",2.41478439425051,4.62903108103389,70.4604708224453,0.0444974404847288,1.49859598127269,16.2507704586357,70.082447729003,0.0522139297683183,1.95820450714264,26.325513603801,0.378023093442337,0.539397674727471,-0.00771648928358943,-14.7786027939838,-0.459608525869958,-23.4709155347929,-10.0747431451653,-38.2698825815526
889,"GSED-BGD",2.43394934976044,4.62921819427804,70.642556744919,0.0444132916005341,1.49777393983503,16.2243109342401,70.2626207531011,0.0521442107373841,1.96091213168281,26.3715889525932,0.379935991817874,0.540737006029062,-0.00773091913685003,-14.8260353882535,-0.46313819184778,-23.6185081608081,-10.1472780183531,-38.4780683355649
896,"GSED-BGD",2.45311430527036,4.62940527251738,70.8235540177827,0.0443295801762239,1.49636252574213,16.197899716912,70.441812912287,0.0520754236865666,1.96228095289203,26.4177368647934,0.381741105495678,0.54192402170429,-0.00774584351034264,-14.8742784253924,-0.465918427149901,-23.743716538818,-10.2198371478814,-38.6855134494934
903,"GSED-BGD",2.47227926078029,4.62959231576499,71.0034178211401,0.0442464218309001,1.4943360533377,16.1715367024649,70.6198920563943,0.0520077113107221,1.96228997634745,26.4639574222413,0.383525764745826,0.543084609134715,-0.00776128947982203,-14.9233436431223,-0.467953923009749,-23.8473379903201,-10.2924207197763,-38.8922206741695
910,"GSED-BGD",2.49144421629021,4.62977932403398,71.1820763375563,0.0441639007887953,1.49166393068551,16.1452217866038,70.7967375170214,0.0519411444861622,1.96091933642194,26.5102507071635,0.385338820534827,0.544288951792702,-0.00777724369736685,-14.9731850815086,-0.469255405736428,-23.930377809047,-10.3650289205598,-39.0981927521302
917,"GSED-BGD",2.51060917180014,4.6299662973374,71.3593996965025,0.0440820231686644,1.4883126909682,16.1189548657155,70.9721884683752,0.0518757240377383,1.95814919058406,26.5566168028455,0.387211228127313,0.54558163765776,-0.00779370086907389,-15.0237919829402,-0.469836499615856,-23.9939071994672,-10.43766193713,-39.303432416179
924,"GSED-BGD",2.52977412731006,4.63015323568835,71.5352920355553,0.0440007914063531,1.48425149668087,16.0927358362593,71.1461312932896,0.0518115257470695,1.95397611302598,26.6030557919093,0.389160742265645,0.546987917953523,-0.00781073434071634,-15.0752834009296,-0.469724616345107,-24.0394246999099,-10.51031995565,-39.5079423877555
931,"GSED-BGD",2.54893908281999,4.63034013909988,71.7097718982616,0.0439201990180375,1.47945634485128,16.066564595002,71.3185459375391,0.0517486632853699,1.94841179436019,26.6495677575337,0.391225960722522,0.548561325219893,-0.00782846426733236,-15.1278579393675,-0.468955449508907,-24.0686004296592,-10.5830031625317,-39.7117253788851
938,"GSED-BGD",2.56810403832991,4.63052700758506,71.8828102826194,0.0438403156061009,1.47391703219351,16.0404410383071,71.4893463158226,0.0516872880447603,1.94149195230734,26.6961527830325,0.393463966796773,0.550381262487063,-0.0078469724386594,-15.181629246758,-0.46757492011383,-24.0832788185471,-10.6557117447254,-39.9147840939011
945,"GSED-BGD",2.58726899383984,4.63071384115692,72.0541971617047,0.0437612480510077,1.46763514581638,16.0143650624881,71.6582961707488,0.0516275168453272,1.93327840218958,26.7428109517823,0.39590099095588,0.552484516255479,-0.0078662687943195,-15.2365817203379,-0.465643256373194,-24.0856803575636,-10.7284458892942,-40.1171212279731
952,"GSED-BGD",2.60643394934976,4.63090063982853,72.223589068392,0.0436831005679584,1.46062356783877,15.988336563786,71.825019615243,0.0515694076302087,1.92385800646121,26.7895423466992,0.398569453149022,0.554917291055548,-0.00788630706225031,-15.2926074288094,-0.463234438622432,-24.0784110400391,-10.8012057829132,-40.3187394660514
959,"GSED-BGD",2.62559890485969,4.63108740361291,72.3906739101781,0.0436060209702414,1.45289365851307,15.9623554383319,71.9892233043192,0.0515130928012467,1.91330377764691,26.8363470499592,0.401450605858912,0.557653753481774,-0.00790707183100523,-15.3496352112135,-0.460410119133833,-24.0636183607013,-10.8739916116273,-40.5196414824418
966,"GSED-BGD",2.64476386036961,4.63127413252308,72.5551749772013,0.0435301812549315,1.44445223545909,15.9364215825164,72.150691970789,0.0514588422217531,1.90167566904932,26.883225143561,0.404483006412221,0.560608630858288,-0.00792866096682159,-15.4077717735163,-0.457223433590227,-24.0431868079167,-10.9468035610447,-40.7198299407413
973,"GSED-BGD",2.66392881587953,4.63146082657209,72.7168420164992,0.0434557743504388,1.43530670323543,15.9105348931442,72.3091768444411,0.0514069800246905,1.88902810024565,26.9301767103235,0.407665172058103,0.563780684345382,-0.00795120567425173,-15.4671713266035,-0.453721397010217,-24.0187743608057,-11.0196418171792,-40.9193074955016
980,"GSED-BGD",2.68309377138946,4.63164748577293,72.8754448644147,0.04338304447303,1.42546815789132,15.8846952673224,72.4644332471175,0.0513578316723406,1.87541127414337,26.977201834276,0.411011617297248,0.567190825733254,-0.00797478719931059,-15.5278892033238,-0.449943116252049,-23.9917037108337,-11.0925065669535,-41.1180767934943
987,"GSED-BGD",2.70225872689938,4.63183411013861,73.030761433544,0.043312325936362,1.41495804701479,15.8589026020044,72.6161960840794,0.0513117407930452,1.86088515007403,27.0243006002512,0.414565349464596,0.570899292197277,-0.00799941485668329,-15.5898333072487,-0.445927103059239,-23.963171668144,-11.1653979982468,-41.3161404744847
994,"GSED-BGD",2.72142368240931,4.63202069968214,73.1826792597269,0.0432439034520925,1.40379814178247,15.833156794396,72.7643509377857,0.0512689843461969,1.84549819183162,27.0714730935298,0.418328321941246,0.574908339798044,-0.00802508089410443,-15.6528961836158,-0.44170005004915,-23.9339194155899,-11.2383162991338,-41.5135011689476
1001,"GSED-BGD",2.74058863791923,4.63220725441651,73.3311848749457,0.0431779590312828,1.39200807487693,15.8074577422162,72.908892116418,0.0512297278105628,1.82928459135769,27.1187193998527,0.42229275852776,0.579206110899971,-0.00805176877928,-15.7169852806047,-0.437276516480758,-23.9042365822485,-11.3112616576365,-41.7101614971463
1008,"GSED-BGD",2.75975359342916,4.6323937743547,73.4763013490943,0.0431146155600844,1.3796083105461,15.7818053435309,73.0498338739564,0.0511941061601458,1.8122741322967,27.1660396047927,0.42646747513794,0.583803483898112,-0.0080794906000614,-15.7820718166015,-0.432665821750604,-23.8741928740265,-11.3842342612618,-41.9061240684247
1015,"GSED-BGD",2.77891854893908,4.63258025950969,73.6180289055133,0.0430538839021483,1.36662669786139,15.7561994971944,73.1871870399862,0.0511621096339959,1.79450352290443,27.213433795412,0.430841865527128,0.588684827156611,-0.00810822573184766,-15.8481067138403,-0.427876825043033,-23.8437439426426,-11.4572342982176,-42.1013914831624
1022,"GSED-BGD",2.79808350444901,4.63276670989445,73.7564156248577,0.0429957152892295,1.35309718136766,15.7306401027844,73.3210883257953,0.0511336304411185,1.77601383476458,27.2609020604945,0.435327299062422,0.593727274107125,-0.00813791515188893,-15.9149958289387,-0.422916653396917,-23.8126891310494,-11.5302619577101,-42.2959663334814
1029,"GSED-BGD",2.81724845995893,4.63295312552195,73.8915545579312,0.0429399818901259,1.33905125015965,15.7051270608151,73.451723978336,0.0511084609170066,1.7568317811609,27.3084444904171,0.439830579595153,0.598802255104151,-0.0081684790268807,-15.982635517327,-0.41778053100126,-23.7803377353063,-11.603317429602,-42.4898512021575
1036,"GSED-BGD",2.83641341546886,4.63313950640513,74.0235899329319,0.0428864678542181,1.3245174202348,15.6796602731285,73.5792910768917,0.0510862828803068,1.73696892640779,27.3560611776781,0.444298856040177,0.603836826282924,-0.00819981502608873,-16.0509134033114,-0.412451506172993,-23.7454740785709,-11.6764009045496,-42.6830486622733
1043,"GSED-BGD",2.85557837097878,4.63332585255696,74.1526189352302,0.0428349051306802,1.30952449358909,15.6542396423126,73.7038701821097,0.0510667049719654,1.71643715590346,27.40375221565,0.448748753120469,0.608853716923803,-0.00823179984128523,-16.1197003914866,-0.406912662314375,-23.7068197291612,-11.7495125733374,-42.8755612767048
1050,"GSED-BGD",2.87474332648871,4.63351216399037,74.2787521754618,0.0427850554978587,1.2940921956019,15.6288650706377,73.8255120669985,0.0510494167104627,1.69523984497403,27.4515176964546,0.453240108463262,0.61393425629332,-0.00826436121260404,-16.1889434691821,-0.401147649372133,-23.6631796121025,-11.8226526258169,-43.0673915976013
1057,"GSED-BGD",2.89390828199863,4.63369844071829,74.4020499654307,0.0427366978235184,1.27823447818539,15.6035364606824,73.9441872115211,0.0510341411026226,1.67337408403454,27.4993577128615,0.457862753909595,0.619200468861542,-0.00829744327910416,-16.2586125676518,-0.395139605849156,-23.6133456122654,-11.8958212521791,-43.2585421681156
1064,"GSED-BGD",2.91307323750856,4.63388468275365,74.5225536051455,0.0426895960485963,1.26196447932406,15.578253715768,74.0598471113604,0.0510205222108851,1.65082776656142,27.5472723591241,0.462706493785106,0.624773763155837,-0.00833092616228881,-16.3285787782694,-0.38886328723736,-23.5556546306064,-11.9690186433561,-43.4490155225541
1071,"GSED-BGD",2.93223819301848,4.63407089010938,74.6402417217803,0.0426434656242194,1.24529380317609,15.5530167400076,74.172398370449,0.0510081222043366,1.62757570049538,27.5952617309059,0.467843351331311,0.630751278925482,-0.00836465658011715,-16.3986757767884,-0.382281897319291,-23.4878105640762,-12.0422449908983,-43.6388141860285
1078,"GSED-BGD",2.9514031485284,4.63425706279839,74.7551178297121,0.0425980165412196,1.22823170563493,15.5278254381998,74.2818213028861,0.050996571964451,1.60359289189499,27.6433259239054,0.473296526826033,0.637163330845314,-0.00839855542323142,-16.4688627092149,-0.375361186260067,-23.4075112303906,-12.1155004857057,-43.8279406720318
1085,"GSED-BGD",2.97056810403833,4.63444320083357,74.8672898247897,0.0425529702905967,1.21078341194268,15.5026797157225,74.3881941030002,0.0509856122714297,1.57885878135521,27.6914650334848,0.47909572178952,0.644048061075591,-0.00843264198083296,-16.5392580478204,-0.368075369412528,-23.312748027825,-12.1887853177623,-44.0163974821249
1092,"GSED-BGD",2.98973305954825,4.63462930422784,74.9769610482926,0.0425079330697264,1.19294827924169,15.4775794789971,74.4917031673198,0.0509749336290976,1.5533442834037,27.7396791563708,0.485257880972796,0.651425407582415,-0.00846700055937119,-16.6101257158637,-0.360396004162008,-23.2012959401574,-12.2620996773737,-44.2041871077573
1099,"GSED-BGD",3.00889801505818,4.63481537299408,75.0843194816141,0.0424625282800401,1.1747256025768,15.4525246345379,74.5925592605424,0.0509642786844726,1.52702980246604,27.7879683883438,0.491760221071686,0.659261762763804,-0.00850175040443249,-16.6817830525339,-0.352304199889244,-23.0712065553861,-12.3354437538059,-44.3913120290589
1106,"GSED-BGD",3.0280629705681,4.63500140714517,75.189521504755,0.0424164699471087,1.15611206755964,15.427515088193,74.69093127037,0.0509535150584159,1.49989479599755,27.8363328235968,0.498590234384992,0.667537846837348,-0.00853704511130722,-16.754575423344,-0.343782728437909,-22.9204561116745,-12.4088177354038,-44.5777747163766
1113,"GSED-BGD",3.04722792607803,4.63518740669399,75.292683620954,0.0423696632193207,1.13711693384226,15.4025507442274,74.7868949983573,0.050942737758912,1.47194046608652,27.8847725536977,0.505788622596683,0.676306487397013,-0.00857307453959133,-16.8288453207278,-0.334823532244269,-22.7470838636885,-12.4822218094703,-44.7635776316027
1120,"GSED-BGD",3.06639288158795,4.63537337165341,75.3938832101968,0.042322235020552,1.11775831856406,15.3776315057841,74.8805167155606,0.0509322321660285,1.44319561765974,27.9332876688934,0.513366494636216,0.685580865562505,-0.00860999714547654,-16.9048101355733,-0.325437299095676,-22.5497704617063,-12.5556561631092,-44.9487232292076
1127,"GSED-BGD",3.08555783709788,4.6355593020363,75.4931349726829,0.0422743501303643,1.09805951587218,15.3527572760686,74.9717970882158,0.0509222256648787,1.41370742680993,27.9818782602791,0.521337884467158,0.695378668666198,-0.00864787553451441,-16.9825168118661,-0.315647910937751,-22.3276687206785,-12.6291209842104,-45.133213956326
1134,"GSED-BGD",3.1047227926078,4.63574519785551,75.5903624759863,0.0422261857523953,1.07804995357206,15.3279279584026,75.0606619966668,0.0509129361123553,1.38354126851966,28.0305444188141,0.529700479319501,0.70569651962705,-0.00868675035996,-17.0619709316901,-0.305491314947598,-22.080390509382,-12.7026164604115,-45.3170522506351
1141,"GSED-BGD",3.12388774811773,4.63593105912388,75.6854528526706,0.0421779823114923,1.05776058305958,15.3031434563852,75.1470583698086,0.0509046698092693,1.35276859072504,28.0792862348844,0.538394482861975,0.716454502067751,-0.00872668749777703,-17.1431963520722,-0.29500800766546,-21.8077215636228,-12.7761427784992,-45.5002405389731
1148,"GSED-BGD",3.14305270362765,4.63611688585427,75.778313907032,0.042129967318179,1.03722339944046,15.2784036745335,75.2309805950643,0.050897717565989,1.32145699151853,28.1281037996978,0.547333311967719,0.727537123188354,-0.00876775024781003,-17.2262149799598,-0.284233592078065,-21.5091065318322,-12.8497001251643,-45.682781237825
1155,"GSED-BGD",3.16221765913758,4.63630267805949,75.868920736506,0.0420822944051404,1.01647016346555,15.2537085183658,75.3124923077904,0.0508922236870427,1.28967147583495,28.1769972067874,0.556428428715535,0.738826204876474,-0.00880992928190232,-17.3109537049869,-0.273201312369401,-21.1837911815897,-12.9232886884215,-45.8646767559339
1162,"GSED-BGD",3.1813826146475,4.63648843575238,75.9573728699696,0.0420350212363563,0.995531814691843,15.2290578944047,75.3917683604825,0.0508881523916536,1.25748296457761,28.2259665517811,0.565604509487159,0.7502205105241,-0.0088531311552973,-17.3972344037182,-0.261951149885771,-20.8313875626744,-12.9969086573764,-46.045929493799
1169,"GSED-BGD",3.20054757015743,4.63667415894576,76.0437968602297,0.0419881374915612,0.97444027384587,15.204451710018,75.4689608503842,0.0508853805292026,1.22497473205696,28.2750119313745,0.574836009845498,0.761685338407004,-0.00889724303764142,-17.4848707921824,-0.250534458211092,-20.4522143726506,-13.0705602213564,-46.2265418422444
1176,"GSED-BGD",3.21971252566735,4.63685984765245,76.1283173028312,0.0419416064280176,0.95322971857717,15.1798898730312,75.5442170976265,0.0508837380767865,1.19224176101252,28.3241334425597,0.584100205204692,0.77318983192301,-0.00894213164876893,-17.5736531684735,-0.239012042435354,-20.0472798597803,-13.1442435695285,-46.406516182338
1183,"GSED-BGD",3.23887748117728,4.63704550188523,76.2111012685943,0.0418953733673743,0.931935212466949,15.15537229173,75.617723921539,0.0508829902860839,1.15938202213358,28.3733311827874,0.593377347055352,0.78470670139588,-0.00898761691870965,-17.6633033321701,-0.227446809666628,-19.6179348415343,-13.2179588910573,-46.5858548857175
1190,"GSED-BGD",3.2580424366872,4.63723112165692,76.2923546396847,0.0418493335190009,0.910586883111466,15.1308988751331,75.6896833256447,0.0508828139686399,1.12647946504132,28.4226052510769,0.602671314039966,0.796239708715722,-0.00903348044963893,-17.7535001409443,-0.215892581929855,-19.1652478921962,-13.2917063759438,-46.7645603157373
1197,"GSED-BGD",3.27720739219713,4.63741670698031,76.3722980043373,0.041803350055976,0.889209571495794,15.1064695328049,75.7602850686343,0.0508828422109636,1.09359365008972,28.4719557480396,0.612012935702992,0.807828184844533,-0.00907949215498763,-17.8439170464249,-0.204384078593929,-18.6892159237721,-13.3654862152347,-46.94263482815
1204,"GSED-BGD",3.29637234770705,4.63760225786817,76.4513071207567,0.0417573143026639,0.867817312510947,15.0820841743783,75.829830606675,0.0508828122025029,1.06075812047773,28.5213827745762,0.621476514081621,0.81956732477115,-0.00912549789983896,-17.934342668643,-0.19294080796678,-18.1889541302674,-13.4392986001979,-47.1200807703391
1211,"GSED-BGD",3.31553730321697,4.63778777433329,76.5298551004165,0.041711178128514,0.846420218071661,15.0577427097807,75.8986952099879,0.0508826205096029,1.02799401747771,28.5708864314806,0.631159890428634,0.831582003725377,-0.00917144238108891,-18.0247052711407,-0.181573799406051,-17.6629237445915,-13.5131437216999,-47.2969004798205
1218,"GSED-BGD",3.3347022587269,4.63797325638843,76.6083661209843,0.0416649059353145,0.825031784273054,15.033445049555,75.9671983440295,0.050882214779082,0.995320095302391,28.6204668199721,0.641167776954774,0.84400608543064,-0.00921730884376754,-18.1149914243844,-0.170288311029337,-17.1088991202977,-13.5870217704171,-47.4730962841449
1225,"GSED-BGD",3.35386721423682,4.63815870404636,76.6870872436914,0.0416184643941574,0.803666920433462,15.0091911049359,76.0354975187616,0.0508815529131053,0.962751971831547,28.6701240422898,0.651589724929821,0.856954641178014,-0.00926308851894785,-18.2052000943588,-0.159085051398085,-16.5239912306219,-13.6609329373539,-47.6486705017508
1232,"GSED-BGD",3.37303216974675,4.63834411731983,76.7660895799365,0.0415718547691443,0.782344101829219,14.9849807872905,76.1035941429782,0.0508806353132073,0.930301859553434,28.7198582007458,0.662495436958309,0.870517936003992,-0.00930878054406303,-18.2953308007274,-0.147957757724215,-15.9042741025196,-13.7348774134552,-47.8236254421987
1239,"GSED-BGD",3.39219712525667,4.6385294962216,76.8454568698887,0.0415250777646582,0.761074793817077,14.9608140080308,76.1715029722541,0.0508794646877212,0.897965011475292,28.7696693980012,0.673953897634604,0.884784822849164,-0.00935438692306305,-18.3853878582975,-0.136890217658215,-15.2444934834726,-13.8088553899704,-47.9979634070101
1246,"GSED-BGD",3.4113620807666,4.63871484076439,76.9252603891377,0.0414781253405081,0.739862104674995,14.9366906787324,76.2392491767305,0.0508779589401503,0.865736047513685,28.8195577370852,0.686011212407138,0.899813704640365,-0.00939983359964225,-18.4752568606371,-0.12587394283869,-14.5395289014692,-13.8828670583528,-48.1716866893077
1253,"GSED-BGD",3.43052703627652,4.63890015096096,77.0055135025129,0.0414310498311493,0.718701514937387,14.9126107108632,76.3068116599424,0.050876075226626,0.833608863539407,28.8695233208617,0.698701842570472,0.915648062566423,-0.00944502539547671,-18.5647681221559,-0.11490734860202,-13.7843242350059,-13.9569126099984,-48.3447975738238
1260,"GSED-BGD",3.44969199178645,4.63908542682401,77.0861788726434,0.0413839422941223,0.697584074894735,14.8885740165837,76.3741894789189,0.050873861006291,0.801569586556642,28.9195662529839,0.711989393724423,0.932238232028568,-0.00948991871216871,-18.6538204973182,-0.103985511661906,-12.9727366663953,-14.0309922364003,-48.5172983358716
1267,"GSED-BGD",3.46885694729637,4.63927066836628,77.1671924974535,0.0413368179499908,0.676498422714376,14.8645805090904,76.4414500022079,0.0508713730000706,0.769591495181847,28.9696866382958,0.725742495245569,0.94940963995922,-0.00953455505007976,-18.7424763433582,-0.0930930724674716,-12.0964268771544,-14.1051061292054,-48.6891912408867
1274,"GSED-BGD",3.4880219028063,4.63945587560047,77.2483878811049,0.0412896838831562,0.655434275192551,14.8406301020656,76.5085946156571,0.0508686904650021,0.737653136490236,29.0198845819102,0.739793265447801,0.966941386342504,-0.00957900658184595,-18.8308495742314,-0.0822188612976851,-11.1460057892363,-14.1792544798446,-48.8604785447126
1281,"GSED-BGD",3.50718685831622,4.6396410485393,77.3296028556439,0.0412425506279454,0.634383260850753,14.8167227095951,76.5756168274445,0.0508658882191036,0.705737476592737,29.0701601888617,0.753986028199407,0.984629389141506,-0.00962333759115821,-18.9190397102787,-0.0713542157419835,-10.1105890091706,-14.2534374792667,-49.0311624933112
1288,"GSED-BGD",3.52635181382615,4.63982618719546,77.410810241505,0.0411954525838726,0.613340531865904,14.7928582461575,76.6425901564518,0.0508630386545552,0.673835945088731,29.1205135642323,0.768220085053201,1.00234097449606,-0.0096675860706826,-19.0070949876621,-0.0604954132228268,-8.97776582916792,-14.3276553180748,-49.2012453230666
1295,"GSED-BGD",3.54551676933607,4.64001129158164,77.4920212008709,0.0411484063954513,0.592303654298875,14.7690366266617,76.7095633554968,0.0508601722522501,0.641945066557975,29.1709448136131,0.782457845374054,1.02002646234328,-0.0097117658567988,-19.0950313904396,-0.0496414122590993,-7.73296888552631,-14.4019081869514,-49.370729261503
1302,"GSED-BGD",3.564681724846,4.64019636171053,77.5732272742457,0.0411014156773196,0.571271145044186,14.7452577662756,76.7765352862961,0.0508572994802824,0.61006143060487,29.2214540429323,0.796691987949529,1.03767640071111,-0.00975588380296281,-19.1828585132508,-0.0387902855606832,-6.3584228759099,-14.4761962766567,-49.5396165275972
0,"GSED-BRA",0,4.60517018598809,12.837708550651,0.26809145198494,1.60689712220427,20.0072760138823,11.6050503129991,0.261950107186285,0.907877454013602,21.0681859305832,1.23265823765188,10.6217397116421,0.00614134479865558,2.34447119133575,0.699019668190668,76.9949363871079,-1.06090991670091,-5.03560164219387
7,"GSED-BRA",0.0191649555099247,4.60536181718076,13.6353521179758,0.257791187174319,1.62871657299059,19.9738789996303,12.4030362089615,0.251867363876831,0.930979954518945,21.1059002703549,1.23231590901435,9.93559873770239,0.00592382329748747,2.35196144760714,0.697736618471649,74.9464706608192,-1.13202127072466,-5.36352989554623
14,"GSED-BRA",0.0383299110198494,4.60555341165795,14.4328380888139,0.247888510056047,1.65053112482365,19.9405441158256,13.2008705348206,0.242174525248723,0.954074529958685,21.143674877681,1.23196755399331,9.33247205738201,0.00571398480732424,2.3594491623162,0.696456594864966,72.9981330593874,-1.20313076185534,-5.69026325279601
21,"GSED-BRA",0.0574948665297741,4.60574496943373,15.2301765822168,0.238368344128575,1.67236350440862,19.9072712344995,13.9985964604806,0.232856846814105,0.9772033323882,21.181509836192,1.2315801217362,8.79788288213799,0.00551149731446926,2.36690369635951,0.695160172020418,71.137720163265,-1.27423860169244,-6.01580629306793
28,"GSED-BRA",0.0766598220396988,4.60593649052216,16.0275788574357,0.229219828835618,1.69440404152104,19.8740602225372,14.7966139832405,0.223903879062596,1.0007686427584,21.2194052181427,1.23096487419519,8.31923354619812,0.00531594977302213,2.37421066364641,0.693635398762637,69.3102650429556,-1.34534499560541,-6.34016355206382
35,"GSED-BRA",0.0958247775496235,4.60612797493728,16.8256729639157,0.220435960196615,1.71688627214847,19.8409109435525,15.5957536804133,0.215309018190003,1.02532597689816,21.2573610863,1.22991928350238,7.88624460674214,0.0051269420066116,2.38120170242346,0.691560295250312,67.4478469122999,-1.41645014274756,-6.66333952270509
42,"GSED-BRA",0.114989733059548,4.60631942269314,17.6250132082126,0.212011470389143,1.73992383964927,19.8078232608132,16.3965275248461,0.207067025411573,1.05128782178837,21.29537749981,1.22848568336649,7.49235276496767,0.00494444497756963,2.38784759077014,0.688636017860892,65.5040421460828,-1.48755423899677,-6.98533866802802
49,"GSED-BRA",0.134154688569473,4.60651083380377,18.4261556109093,0.20394173854148,1.76353203667578,19.7747970366426,17.1992840378762,0.199172785863774,1.07888877540219,21.3334545159255,1.2268715730331,7.13327118926168,0.00476895267770625,2.39437966237416,0.684643261273596,63.4581874316355,-1.5586574792829,-7.306165431948
56,"GSED-BRA",0.153319644079398,4.6067022082832,19.2300702555777,0.196222829184879,1.78758535747336,19.7418321304249,18.0049106380647,0.191621919955934,1.10799285758867,21.3715921878771,1.22515961751293,6.80458593847604,0.00460090922894479,2.40103492857333,0.67959249988469,61.3354585483241,-1.62976005745223,-7.62582423960299
63,"GSED-BRA",0.172484599589322,4.60689354614545,20.0376543828625,0.18885009974489,1.81186953655312,19.7089284028682,18.8144383092808,0.18440974578618,1.13820004163427,21.4097905701766,1.22321607358171,6.50147537478344,0.00444035395870962,2.40787380286188,0.67366949491885,59.1872667612601,-1.70086216730837,-7.94431950061964
70,"GSED-BRA",0.191649555099247,4.60708484740452,20.8495901068909,0.181818237512071,1.83619117649568,19.6760857162131,19.6285883526259,0.177530948424467,1.16920656186339,21.4480497184558,1.22100175426498,6.22052759133662,0.00428728908760467,2.41495306911446,0.666984614632287,57.0459178375887,-1.7719640022427,-8.2616556073998
77,"GSED-BRA",0.210814510609172,4.60727611207442,21.6664346978936,0.175120892543362,1.86040166504896,19.6433039344111,20.4478890714428,0.170979235256265,1.2008087095807,21.4863696904026,1.21854562645084,5.95927345944302,0.00414165728709645,2.42231595017307,0.659592955468261,54.929061573727,-1.84306575599145,-8.57783693824605
84,"GSED-BRA",0.229979466119097,4.60746734016914,22.4884119337392,0.168750873680401,1.88439018492015,19.6105829234914,21.272508099288,0.164747243610346,1.2328242151394,21.5247505477789,1.21590383445117,5.71584614647232,0.00400363007005561,2.43016513194288,0.651565969780754,52.8514902432445,-1.91416762428751,-8.89286786408324
91,"GSED-BRA",0.249144421629021,4.60765853170267,23.3153243241288,0.162699721287671,1.90806570286862,19.5779225521048,22.1022463251566,0.158826545929816,1.26506991173462,21.563192357287,1.21307799897217,5.48848284977916,0.00387317535785575,2.43861964961908,0.642995791134003,50.8268977998497,-1.98526980518213,-9.20675274925718
98,"GSED-BRA",0.268309377138946,4.60784968668898,24.1465481766894,0.156957490967299,1.93133152300847,19.5453226923902,22.9365414323595,0.153207570960786,1.2973235509714,21.6016951924269,1.2100067443299,5.27545422616674,0.00374992000651278,2.44760750594537,0.634007972037067,48.8704588429263,-2.05637250003668,-9.51949595491746
105,"GSED-BRA",0.287474332648871,4.60804080514205,24.981402249413,0.151513176417812,1.95405520387643,19.5127832194553,23.7746843400378,0.147879597108205,1.32930606296216,21.6402591331744,1.20671790937517,5.07564219198903,0.00363357930960698,2.45712010355847,0.624749140914268,46.9981412348416,-2.12747591371906,-9.83110183952304
112,"GSED-BRA",0.306639288158795,4.60823188707584,25.8194473182321,0.146354847135199,1.97608817304723,19.4803040112569,24.616190517143,0.142830838464002,1.36072377712258,21.6788842660144,1.20325680108904,4.88807072016717,0.00352400867119682,2.46726036834474,0.61536439592465,45.2233146999104,-2.19858025475753,-10.1415747590119
119,"GSED-BRA",0.32580424366872,4.60842293250429,26.6601667259413,0.141470036851286,1.99730902897911,19.4478849473761,25.4604774427507,0.138049110423653,1.39136660137312,21.7175706806101,1.19968928319062,4.71196695304786,0.00342092642763381,2.4780503236388,0.605942427605993,43.5501633435788,-2.269685733234,-10.4509190581819
126,"GSED-BRA",0.344969199178645,4.60861394144136,27.5027945935249,0.136846097070529,2.01761803701883,19.4155259088258,26.3067157630454,0.13352236591651,1.42106434645698,21.7563184687209,1.19607883047949,4.54666725125639,0.00332373115401874,2.48926921808518,0.596553690561851,41.9793580810881,-2.3407925598951,-10.7591390669357
133,"GSED-BRA",0.364134154688569,4.60880491390098,28.3463787211205,0.13246977532902,2.03694173408607,19.3832267793014,27.1539132443768,0.129238102775583,1.44967539849667,21.7951277260052,1.19246547674373,4.39150506968152,0.00323167255343643,2.50055709889838,0.587266335589398,40.5101953305132,-2.41190094670374,-11.066239101806
140,"GSED-BRA",0.383299110198494,4.60899584989709,29.1899337544728,0.128328303605933,2.05525530454456,19.3509874436864,28.0009151016705,0.125184103577787,1.47718898886431,21.8339985497556,1.18901865280228,4.24635640829946,0.00314420002814636,2.51166077663577,0.578066315680254,39.1328611327304,-2.48301110606919,-11.3722234633793
147,"GSED-BRA",0.402464065708419,4.6091867494436,30.0322680765264,0.124409824440518,2.0725611372458,19.3188077869016,28.8463237974274,0.12134883744206,1.5036476921354,21.8729310381277,1.18594427909899,4.11124927885874,0.00306098699845711,2.52246915832104,0.568913445110401,37.8355547038057,-2.55412325122614,-11.6770964383965
154,"GSED-BRA",0.421629021218344,4.60937761255443,30.8718509703039,0.120702946364237,2.08889813216503,19.2866876953296,29.6885188990723,0.11772120355404,1.5291689058997,21.9119252919543,1.1833320712316,3.98582386428371,0.00298174281019709,2.5328850879683,0.559729226265328,36.6034925315203,-2.6252375966246,-11.9808623005326
161,"GSED-BRA",0.440793976728268,4.60956843924349,31.7068047377997,0.117196447154173,2.10430447510088,19.2546270573426,30.5255549781439,0.11429022515371,1.55387374073021,21.9509814150942,1.18124975965578,3.86970772685884,0.00290622200046324,2.54284388411576,0.550430734370674,35.4231312327867,-2.69635435775161,-12.2835253092488
168,"GSED-BRA",0.459958932238193,4.60975922952466,32.53508375161,0.113879657539585,2.11880462786096,19.222625761454,31.3554184111522,0.111045626275557,1.57784313855664,21.9900995115415,1.17966534045781,3.76223759794652,0.00283403126402816,2.55213227128423,0.540961489304326,34.2848712958362,-2.76747375008756,-12.585089706552
175,"GSED-BRA",0.479123887748118,4.60994998341185,33.3545252056494,0.110742405233488,2.13242274545733,19.1906836968635,32.1760663041136,0.107977749640864,1.6011334430171,22.0292796865297,1.17845890153578,3.66253254949665,0.00276465559262469,2.5603937865162,0.531289302440227,33.1820751579012,-2.83859598966623,-12.8855597189678
182,"GSED-BRA",0.498288843258042,4.61014070091894,34.1628340459616,0.107775513916845,2.14521145753455,19.1588007520081,32.9853600847282,0.105077745423079,1.62383448766318,22.0685220440563,1.1774739612334,3.569686546422,0.0026977684937661,2.56740233900523,0.521376969871362,32.1077655285953,-2.90972129204824,-13.1849395543546
189,"GSED-BRA",0.517453798767967,4.61033138205979,34.9575405296296,0.104970756483737,2.15727196687684,19.1269768134869,33.7809942585681,0.102337552973776,1.64612917345313,22.1078266842036,1.17654627106152,3.48286454228061,0.00263320350996009,2.57305694092064,0.511142793423711,31.051195839721,-2.98084987071675,-13.4832333964632
196,"GSED-BRA",0.536618754277892,4.61052202684827,35.7362228405101,0.102319991876648,2.16870670282797,19.0952117689879,34.5606219013791,0.099749167079126,1.6682061126804,22.1471937085274,1.175600939131,3.40156187723026,0.00257082479752171,2.5772894880239,0.500500590147577,30.0023232347108,-3.05198193953949,-13.7804454131107
203,"GSED-BRA",0.555783709787817,4.61071263529825,36.49696923051,0.0998151849889471,2.17960549949759,19.063505507939,35.3223274381368,0.0973047058939671,1.69017820532055,22.1866232206483,1.17464179237317,3.32549375301056,0.00251047909498001,2.58001817272401,0.489427294177041,28.9571414798962,-3.12311771270927,-14.076579755511
210,"GSED-BRA",0.574948665297741,4.61090320742357,37.2386173727572,0.0974486357313095,2.19002820440663,19.0318579208091,36.0649544780831,0.0949965814522839,1.71203296185354,22.2261153247376,1.17366289467416,3.25430299763002,0.00245205427902559,2.58120265123144,0.477995242553091,27.9197453088513,-3.19425740392852,-14.3716405555285
217,"GSED-BRA",0.594113620807666,4.61109374323807,37.9607167571138,0.0952131738678396,2.20000746933389,19.0002688988104,36.7880410709294,0.0928175615450034,1.73367880035946,22.2656701265734,1.17267568618441,3.18765460744001,0.00239561232283624,2.58099036751219,0.466328668974436,26.8982160292753,-3.26540122776305,-14.665631931131
224,"GSED-BRA",0.613278576317591,4.6112842427556,38.6633147719594,0.093101939840149,2.20956962041323,18.9687383343453,37.4915677565501,0.0907606162824175,1.75500477289749,22.3052877338007,1.17174701540927,3.12536147599363,0.00234132355773153,2.57966908294904,0.454564847515736,25.901060472061,-3.33654939945534,-14.9585579853303
231,"GSED-BRA",0.632443531827515,4.61147470598997,39.3469904774479,0.0911085455876774,2.21872178405572,18.9372661203686,38.1759050292938,0.088819167406161,1.7758754951537,22.3449682541424,1.17108544815419,3.06760362918854,0.00228937818151634,2.57757221596915,0.442846288902015,24.9367869600389,-3.40770213377371,-15.2504228021984
238,"GSED-BRA",0.65160848733744,4.611665132955,40.0128259903385,0.089227195825236,2.22744051121798,18.9058521501503,38.8418297768653,0.0869872519449048,1.79610289503172,22.3847117956989,1.17099621347327,3.01478128141823,0.00223994388033116,2.57502545516656,0.431337616186261,24.0151951973021,-3.4788596455486,-15.5412304491543
245,"GSED-BRA",0.670773442847365,4.61185552366451,40.6622894939913,0.0874526799598993,2.2356773404702,18.8744963169708,39.4905474584911,0.0852594733157654,1.81545884064666,22.4245184673372,1.17174203550017,2.96714558523607,0.00219320664413396,2.57239056123563,0.420218499823542,23.1466828338484,-3.55002215036634,-15.8309849798433
252,"GSED-BRA",0.68993839835729,4.6120458781323,41.2969978505451,0.0857802660674724,2.24340381795102,18.8431985128253,40.123533174021,0.0836310258611108,1.83375918385239,22.4643883765856,1.17346467652414,2.92462947227173,0.00214924020636152,2.56990773965973,0.40964463409863,22.3390638043345,-3.62118986376026,-16.1196904320555
259,"GSED-BRA",0.709103353867214,4.61223619637215,41.9182776129937,0.0842052139313626,2.25060735412193,18.8119586303207,40.7420415927977,0.082097294563665,1.85086874031536,22.5043216318409,1.17623602019592,2.88703259387926,0.00210791936769754,2.56758688444098,0.399738613806566,21.5973507520829,-3.69236300152016,-16.4073508276558
266,"GSED-BRA",0.728268309377139,4.61242647839787,42.5270433711377,0.0827225611310428,2.25729204119792,18.7807765626183,41.3470325279124,0.0806536553312006,1.86669438154953,22.5443183421308,1.18001084322528,2.85391906282195,0.00206890579984222,2.56517301211749,0.390597659648384,20.9245639516069,-3.76354177951253,-16.6939701719844
273,"GSED-BRA",0.747433264887064,4.61261672422323,43.1241472584319,0.0813273480382151,2.26348802039195,18.7496522021752,41.939447715524,0.079295648071037,1.88121272134413,22.5843786142882,1.18469954290794,2.82478575050338,0.00203169996717813,2.56218344461732,0.382275299047823,20.3206843495448,-3.83472641211297,-16.9795524490849
280,"GSED-BRA",0.766598220396988,4.612806933862,43.7104709122319,0.080014958231095,2.26925733123014,18.7185854380586,42.5202660212089,0.0780191763673757,1.89445970664651,22.6245025480407,1.190204891023,2.79914732995634,0.00199578186371931,2.55806579439085,0.374797624583635,19.7838794495707,-3.90591710998212,-17.2641016158845
287,"GSED-BRA",0.785763175906913,4.61299710732794,44.286921663761,0.0787808526174023,2.27465462530948,18.6875761598841,43.0905498386006,0.076820197154479,1.90646608765866,22.6646902445228,1.19637182516038,2.77641345873165,0.00196065546292329,2.55226559622149,0.368188537650823,19.3126193030266,-3.97711408463874,-17.5476216164033
294,"GSED-BRA",0.804928131416838,4.61318724463481,44.8545585478332,0.0776205082951284,2.27972942924831,18.6566242590087,43.6515138736002,0.0756946823395366,1.91727590960666,22.7049418081667,1.20304467423298,2.75602050759703,0.00192582595559185,2.54420244073864,0.362453519641654,18.9046092857868,-4.04831754915802,-17.8301163833059
301,"GSED-BRA",0.824093086926763,4.61337734579636,45.4144020378075,0.0765293404614663,2.28452920629645,18.6257296280663,44.2043081235949,0.0746386501577895,1.9269448404801,22.7452573455479,1.21009391421258,2.73750221546091,0.00189069030367683,2.53312499580288,0.357584365816344,18.5570628854768,-4.11952771748166,-18.1115898356191
308,"GSED-BRA",0.843258042436687,4.61356741082632,45.9674288903001,0.0755026478827237,2.28910283461326,18.5948921610228,44.7500459604097,0.0736480028973323,1.93554440915666,22.7856369660223,1.21738292989044,2.72040598788984,0.00185464498539134,2.51825563821028,0.353558425456599,18.2666139709318,-4.19074480499951,-18.3920458806954
315,"GSED-BRA",0.862422997946612,4.61375743973843,46.5145255721752,0.0745358507034614,2.29348989457403,18.5641117526443,45.2897213618883,0.0727186816610894,1.94314509363897,22.8260807810914,1.22480421028693,2.70437568052167,0.00181716904237199,2.49890262153133,0.350344800935062,18.0297807961918,-4.26196902844703,-18.6714884141545
322,"GSED-BRA",0.881587953456537,4.61394743254642,47.0564821262645,0.0736244646490092,2.29771955017005,18.5333882977434,45.8242113576699,0.0718466946773609,1.94979354056637,22.8665889039697,1.23227076859455,2.68912597093347,0.00177776997164829,2.47439353978864,0.347926009603674,17.8442487558251,-4.33320060622621,-18.9499213215574
329,"GSED-BRA",0.900752908966461,4.614137389264,47.5938355016123,0.0727641287589605,2.30182448103452,18.5027216912836,46.3541362582107,0.0710281554607347,1.95555085171084,22.9071614491559,1.23969924340162,2.67440911097127,0.00173597329822582,2.44406360684038,0.346273629323677,17.707216819278,-4.40443975787227,-19.2273484763629
336,"GSED-BRA",0.919917864476386,4.61432730990487,48.1268692966607,0.0719505574912334,2.30584468054346,18.4721118286295,46.8798810070546,0.0702592176304483,1.96050826200705,22.9477985324359,1.24698828960607,2.65996470728758,0.00169133986078505,2.40728536102013,0.345336418536409,17.6146372463065,-4.47568670380645,-19.5037737388195
343,"GSED-BRA",0.939082819986311,4.61451719448275,48.6556943331805,0.0711797910024732,2.30980689269474,18.441558605345,47.4016648057999,0.0695362447948385,1.96473522592134,22.9885002701889,1.25402952738061,2.64553899640076,0.00164354620763467,2.36358206067041,0.345071666773396,17.563265636039,-4.5469416648439,-19.7792009544019
350,"GSED-BRA",0.958247775496235,4.61470704301131,49.1802942338367,0.0704480876992409,2.31372108571772,18.4110619171878,47.9195589772843,0.0688557054896996,1.9682980932635,23.0292667793845,1.26073525655239,2.63094085892992,0.00159238220954121,2.31263654655229,0.345422992454222,17.5493231252132,-4.61820486219671,-20.0536339538646
357,"GSED-BRA",0.97741273100616,4.61489685550426,49.7004703430853,0.0697518263170025,2.31757536712123,18.3806216602957,48.4333796487574,0.068214095273801,1.97123830784346,23.0700981791395,1.26709069432783,2.61615171915911,0.00153773104320154,2.25427169711674,0.34633705927777,17.5695174905902,-4.68947651884385,-20.3270765578457
364,"GSED-BRA",0.996577686516085,4.61508663197525,50.2156662597102,0.0690875248621695,2.32137528934542,18.3502377310399,48.9425121563186,0.0676080170684282,1.97364727081367,23.1109945889577,1.27315410339163,2.60132561100515,0.00147950779374133,2.18836146642768,0.347728018531753,17.6185493565117,-4.76075685791782,-20.599532571361
371,"GSED-BRA",1.01574264202601,4.61527637243798,50.7250765649435,0.0684521994033905,2.32513734169819,18.3199100259077,49.4461181145905,0.0670344887782894,1.97564985330535,23.1519561281235,1.27895845035297,2.58656998591681,0.00141771062510111,2.11489734752817,0.349487488392834,17.6897484039555,-4.83204610221587,-20.8710057822985
378,"GSED-BRA",1.03490759753593,4.61546607690609,51.2278773117943,0.0678432037086221,2.32887454631649,18.2896384426732,49.9433818546952,0.0664907978818753,1.97736583576975,23.1929829179045,1.28449545709907,2.57190324202748,0.00135240582674677,2.03397442928779,0.351508710546731,17.7766149383224,-4.9033444752313,-21.1414999639655
385,"GSED-BRA",1.05407255304586,4.61565574539324,51.723398792031,0.067258267150772,2.33258046074809,18.2594228797548,50.4337294506991,0.065974555429408,1.97886067735471,23.2340750802806,1.28966934133197,2.55715640183357,0.00128371172136396,1.94576789947076,0.353719783393387,17.8749210311375,-4.97465220052584,-21.4110188735163
392,"GSED-BRA",1.07323750855578,4.61584537791307,52.2110500408394,0.0666953658893117,2.33623784323308,18.2292632359596,50.9167568938537,0.0654835511946257,1.98015844695415,23.2752327379385,1.29429314698574,2.54197876287359,0.00121181469468594,1.85056349660126,0.356079396278929,17.9823688769273,-5.04596950197883,-21.6795662530752
399,"GSED-BRA",1.09240246406571,4.61603497447923,52.6902961533767,0.0661524287456378,2.33981961711923,18.1991594110955,51.3920789810808,0.0650155373289068,1.98126949592111,23.3164560156275,1.29821717229598,2.52610362926531,0.00113689141673101,1.74864572906565,0.35855012119812,18.0969889223186,-5.11729660453199,-21.9471458316915
406,"GSED-BRA",1.11156741957563,4.61622453510535,53.1606908786007,0.0656273382129964,2.34328280712673,18.1691113054262,51.8592784565666,0.0645682452777315,1.98217799495883,23.3577450390861,1.3014124220341,2.50950738376368,0.0010590929352649,1.64026903737179,0.361104812167904,18.2175774873035,-5.18863373365986,-22.2137613240378
413,"GSED-BRA",1.13073237508556,4.61641405980505,53.6219087721903,0.0651182057120897,2.34657601368697,18.1391188188452,52.3179788496527,0.0641395757029495,1.98284122284894,23.3990999324301,1.30392992253763,2.49231707953544,0.000978630009140266,1.52578185685638,0.363734790838031,18.3441208830336,-5.2599811135849,-22.4794164253079
420,"GSED-BRA",1.14989733059548,4.61660354859194,54.0737920326135,0.0646234545410129,2.34964096219091,18.1091818501952,52.7679293966109,0.0637277076586084,1.98318438154515,23.4405208170054,1.30586263600257,2.4747278336194,0.000895746882404444,1.40558465903558,0.366456580645753,18.4781901297668,-5.33133896681026,-22.7441148105486
427,"GSED-BRA",1.16906228610541,4.61679300147963,54.5163967170412,0.064141941879777,2.35241965211451,18.0793002964049,53.2091083149389,0.0633312013970063,1.9831220965035,23.4820078115005,1.30728840210233,2.4568883852829,0.000810740482770744,1.28015964467251,0.369297555611012,18.6220281777976,-5.4027075150956,-23.0078601389851
434,"GSED-BRA",1.18822724161533,4.61698241848173,54.9498332785714,0.0636727008514262,2.35485699060007,18.0494740542939,53.6415715261155,0.0629487794042551,1.98258147827209,23.5235610350981,1.30826175245583,2.43889527326562,0.00072392144717108,1.15001665484581,0.372275512327982,18.7773121260286,-5.47408698080423,-23.2706560568643
441,"GSED-BRA",1.20739219712526,4.61717179961182,55.3742333888223,0.0632149237282343,2.35688818006098,18.0197030202689,54.0654479557948,0.0625793380124356,1.98146918934581,23.565180606094,1.3087854330275,2.42074278954943,0.000635585715798664,1.01564787353993,0.375418990715167,18.9464965054093,-5.5454775858251,-23.5325061942917
448,"GSED-BRA",1.22655715263518,4.61736114488348,55.7896892607448,0.0627681377684587,2.35844967970662,17.9899870899436,54.480857866616,0.0622219658053174,1.97969654178263,23.6068666415576,1.30883139412881,2.40236928231414,0.000546171963141287,0.877779986653221,0.378753137923997,19.1318785445241,-5.61687955161398,-23.7934141658852
455,"GSED-BRA",1.24572210814511,4.61755045431031,56.1962318179129,0.0623318664518122,2.35948333973878,17.9603261595488,54.8879063791438,0.0618757540378542,1.97717935323839,23.648619259247,1.30832543876907,2.38363152300194,0.000456112413958043,0.737142392929877,0.382303986500391,19.3358273681253,-5.68829309969813,-24.0533835711103
462,"GSED-BRA",1.26488706365503,4.61773972790585,56.5936798021345,0.0619057481361455,2.35996209184407,17.9307201239243,55.2864211734894,0.0615399602739713,1.97388556637004,23.6904385732565,1.30725862864504,2.36452025813509,0.00036578786217422,0.59439079997088,0.386076525474031,19.5592151871308,-5.75971844933223,-24.3124179888937
469,"GSED-BRA",1.28405201916496,4.61792896568369,56.9817160623408,0.0614897223580288,2.35989579265596,17.9011688755431,55.6759961873222,0.061214149450964,1.96985827204725,23.7323246928083,1.30571987501866,2.34521151741149,0.000275572907064814,0.450178446546192,0.390037520608717,19.8002834083772,-5.83115581726518,-24.5705209782176
476,"GSED-BRA",1.30321697467488,4.61811816765736,57.3601556035689,0.0610838773796826,2.35930841917976,17.8716723062775,56.0563753704219,0.0608980616746911,1.96516055846099,23.7742777260991,1.30378023314702,2.32583756001278,0.000185815704991515,0.305125811695152,0.394147860718768,20.0567764817875,-5.90260541982156,-24.827696083241
483,"GSED-BRA",1.3223819301848,4.61830733384041,57.7289911576089,0.0606882819384508,2.3582204406312,17.8422303083832,56.4274887294342,0.0605915062044637,1.95983793229947,23.8162977811127,1.3015024281747,2.30650425436317,9.67757339871422e-05,0.15971831705351,0.398382508331732,20.3273189974598,-5.97406747272954,-25.0839468318506
490,"GSED-BRA",1.34154688569473,4.61849646424639,58.0883751732954,0.060303017110491,2.35665967454262,17.8128427743102,56.7893966498698,0.0602943276626496,1.95393626470559,23.8583849661999,1.2989785234256,2.28736102169625,8.68944784142983e-06,0.0144117169529575,0.402723409837027,20.610877494395,-6.04554219188973,-25.3392767383644
497,"GSED-BRA",1.36071184120465,4.61868555888882,58.438637245943,0.0599282680442054,2.35466897171883,17.7835095964869,57.1422869160328,0.0600064274110238,1.94752421359684,23.9005393903697,1.29635032991023,2.26863571598934,-7.81593668183617e-05,-0.130251658348191,0.407144758121988,20.9057610313374,-6.11702979388282,-25.5936893053868
504,"GSED-BRA",1.37987679671458,4.61887461778123,58.7803114617365,0.0595642334044177,2.35228683822682,17.7542306674274,57.4865294129504,0.0597277178124856,1.94066298769613,23.9427611625728,1.29378204878613,2.25058298352356,-0.000163484408067981,-0.273716147302393,0.411623850530685,21.2104756539592,-6.18853049514539,-25.8471880211514
511,"GSED-BRA",1.3990417522245,4.61906364093713,59.1139760286821,0.0592110895978762,2.34953741491288,17.7250058795592,57.8226111905524,0.0594580795029153,1.93339878246194,23.9850503912954,1.2913648381297,2.23332155283345,-0.000246989905039033,-0.415401753813664,0.416138632450941,21.5236833821237,-6.26004451173619,-26.099776359061
518,"GSED-BRA",1.41820670773443,4.61925262837003,59.4401440061944,0.0588688987270444,2.34644286729769,17.6958351259272,58.1510435190111,0.0591973124415746,1.92578204167072,24.0274071851122,1.2891004871833,2.21681402288483,-0.000328413714530247,-0.554778081951572,0.420660825626967,21.8436363266749,-6.33157205918508,-26.351457776552
525,"GSED-BRA",1.43737166324435,4.61944158009342,59.759444708644,0.0585376874842565,2.34302727227439,17.66671829834,58.4724358219922,0.0589452913549886,1.91785602193905,24.0698316484731,1.28700888665181,2.20105228824374,-0.000407603870732048,-0.691495217620215,0.425171250335338,22.1690911868071,-6.40311335013314,-26.6022357100255
532,"GSED-BRA",1.45653661875428,4.61963049612081,60.0725026383046,0.058217303071717,2.33931873988465,17.6376552889296,58.7872975805518,0.058701766836011,1.90966083639602,24.1123238857134,1.28520505775281,2.1861951657019,-0.000484463764294001,-0.825296733652663,0.429657903488633,22.4991734291152,-6.47466859678382,-26.8521135808899
539,"GSED-BRA",1.4757015742642,4.61981937646568,60.3797229595236,0.0579075482349311,2.33535354211879,17.6086459902541,59.0958795000685,0.0584664798576337,1.90125180906692,24.1548840009172,1.28384345945505,2.17247542521736,-0.000558931622702513,-0.955986445675396,0.434101733051871,22.8324165679513,-6.54623801066304,-27.1010947948021
546,"GSED-BRA",1.49486652977413,4.62000822114149,60.6813307297305,0.0576081520392462,2.33116764898181,17.5796902952224,59.398283992077,0.0582391015769008,1.89267762462774,24.1975120976868,1.28304673765351,2.16007374526957,-0.000630949537654586,-1.08337786911335,0.438490024354072,23.1677079418275,-6.61782180246438,-27.349182741382
553,"GSED-BRA",1.51403148528405,4.62019703016173,60.9774611539572,0.0573186878305066,2.32680044239688,17.5507880980386,59.6946074153252,0.0580191798295188,1.88398107008399,24.2402082810287,1.28285373863203,2.14902785055035,-0.000700491999012204,-1.20734557274077,0.442819372312886,23.5044491340427,-6.68942018299008,-27.5963807960573
560,"GSED-BRA",1.53319644079398,4.62038580353985,61.2683550713341,0.0570386804664701,2.322289084258,17.5219392935897,59.9851117195122,0.0578062120178318,1.87520862581969,24.2829726570257,1.28324335182189,2.13926975383873,-0.000767531551361667,-1.32776655755423,0.447080458438304,23.8416383266622,-6.76103336343597,-27.8426923216084
567,"GSED-BRA",1.5523613963039,4.62057454128931,61.5543018350499,0.0567676679652787,2.31765902645622,17.4931437774602,60.2701431370267,0.0575996626114754,1.86638783903032,24.3258053335742,1.28415869802321,2.13067139247309,-0.000831994646196668,-1.44444361038829,0.4512711874259,24.1788538260278,-6.83266155611395,-28.0881206702892
574,"GSED-BRA",1.57152635181383,4.62076324342355,61.8354994644297,0.0565050799420745,2.31292956048177,17.4644014458081,60.5499932703141,0.0573989567134871,1.85753858090124,24.3687064200062,1.28550619411555,2.12304927661453,-0.000893876771412609,-1.55730491039147,0.455390979580529,24.5158288642158,-6.90430497419808,-28.3326691831693
581,"GSED-BRA",1.59069130732375,4.62095190995601,62.1120064562952,0.056250312927845,2.30811579787766,17.4357121945467,60.8247776536152,0.0572035701194989,1.84867716833264,24.4116760249941,1.28722880267993,2.11629019017618,-0.000953257191653879,-1.66642954218157,0.459438629545025,24.8522910011056,-6.97596383044742,-28.5763411873278
588,"GSED-BRA",1.60985626283368,4.62114054090013,62.3838480261266,0.0560029804770329,2.30324436604019,17.4070759180784,61.0945625327697,0.057013285643265,1.83983992894014,24.4547142519262,1.28928549335691,2.1103113598127,-0.00101030516623203,-1.77205217140714,0.463404437100051,25.1872149207567,-7.04763833384775,-28.8191399876719
595,"GSED-BRA",1.6290212183436,4.62132913626933,62.6511571583836,0.0557627068395437,2.29834989434485,17.3784925105841,61.3595851572062,0.0568278864177542,1.83107850806944,24.4978212028908,1.29157200117733,2.10492296821802,-0.0010651795782105,-1.8743959090439,0.467271386275414,25.5189159949276,-7.1193286923067,-29.0610688736131
602,"GSED-BRA",1.64818617385353,4.62151769607702,62.9141744260255,0.0555290487596097,2.29346161776334,17.3499618663722,61.6202670878881,0.0566470908310811,1.82242373342623,24.5409969796059,1.29390733813746,2.09980806524577,-0.00111804207147141,-1.97369724564561,0.471037884337107,25.8467817169795,-7.19103511323363,-29.3021311204657
609,"GSED-BRA",1.66735112936345,4.62170622033661,63.1731361091496,0.0553014947254586,2.28861051556567,17.3214838798578,61.8769684135654,0.0564705848784001,1.8139106813847,24.584241683126,1.29616769558425,2.09474983797056,-0.0011690901529415,-2.0702639355674,0.47469983418097,26.1699674108868,-7.26275780326822,-29.5423299887797
616,"GSED-BRA",1.68651608487337,4.6218947090615,63.4282358440173,0.0550795251524409,2.28385143743581,17.2930584443713,62.1299110060349,0.0562980653122974,1.80563420231511,24.6275554111427,1.29832483798242,2.08969370301578,-0.00121854015985652,-2.16444411206143,0.478217235120706,26.484724010409,-7.33449696677145,-29.7816687215856
623,"GSED-BRA",1.7056810403833,4.62208316226509,63.6797555418146,0.0548626756608892,2.27923805241358,17.2646854535749,62.3793459687965,0.0561292420024268,1.79769651312218,24.6709382620338,1.30040957301806,2.08467971701491,-0.00126656634153765,-2.25651780845871,0.481541539291406,26.7865869336911,-7.40625280845885,-30.0201505504003
630,"GSED-BRA",1.72484599589322,4.62227157996076,63.9281101317248,0.0546505874717285,2.27483065607962,17.2363648006851,62.6255723800603,0.0559639316948193,1.79022458754033,24.7143903327173,1.30253775166446,2.07988159175561,-0.0013133442230908,-2.34676904091137,0.484606068539288,27.0695683609792,-7.47802553203221,-30.25777869233
637,"GSED-BRA",1.74401095140315,4.62245996216189,64.1735302043626,0.0544428762664832,2.27070010188267,17.2080963789076,62.8687394709628,0.0558020056042209,1.78338010263418,24.7579117187027,1.30479073339977,2.07542054187744,-0.00135912933773771,-2.43562811590933,0.487319999248495,27.3256384619684,-7.54981533979511,-30.4945563485946
644,"GSED-BRA",1.76317590691307,4.62264830888185,64.4159935147638,0.0542392440437623,2.26691713949293,17.1798800810141,63.1087532876377,0.0556434119565426,1.77732326832608,24.8015025143463,1.30724022712613,2.07140873337804,-0.00140416791278034,-2.52351152347917,0.489593871166855,27.546697885071,-7.62162243333223,-30.7304867070999
651,"GSED-BRA",1.782340862423,4.622836620134,64.6554392018818,0.0540395536815773,2.26352757272412,17.1517157980422,63.345482072719,0.055488208915739,1.77214926710267,24.8451628084205,1.30995712916278,2.06795668183404,-0.00144865523416172,-2.6107442688618,0.491378305621448,27.7278169927985,-7.69344701037829,-30.9655729354723
658,"GSED-BRA",1.80150581793292,4.62302489593171,64.8919013449489,0.0538437279139618,2.26056105384679,17.1236034207005,63.5788940851017,0.0553365028372676,1.76791342579669,24.8888926872569,1.31300725984717,2.06516215599737,-0.00149277492330581,-2.69763148512607,0.492647628050102,27.8660493699286,-7.76528926655637,-31.1998181844876
665,"GSED-BRA",1.82067077344285,4.62321313628831,65.1255897047646,0.0536518303259837,2.25803378215771,17.0955428392026,63.8091688160579,0.0551885705929975,1.76464448748635,24.9326922359461,1.31642088870662,2.0630591388856,-0.00153674026701377,-2.78452630771481,0.493389294671365,27.9596994278533,-7.8371493967435,-31.4332255922387
672,"GSED-BRA",1.83983572895277,4.62340134121714,65.356864297641,0.0534638486354059,2.25595280613099,17.0675339442838,64.0366385103824,0.0550446523424702,1.76235886816625,24.9765615406881,1.32022578725854,2.06167253305228,-0.00158080370706424,-2.87185701024867,0.493593937964742,28.0075725143501,-7.90902759640439,-31.6657982866063
679,"GSED-BRA",1.8590006844627,4.62358951073155,65.5860890062448,0.0532796499283011,2.25431882041262,17.0395766278326,64.261688463405,0.0549049143366016,1.76105725054283,25.0205006888387,1.32440054283987,2.06094887094987,-0.0016252644083005,-2.96014378300749,0.49326156986979,28.0094000190934,-7.98092406100612,-31.8975393828402
686,"GSED-BRA",1.87816563997262,4.62377764484485,65.8136106219998,0.0530990234290921,2.25312291995549,17.011670782528,64.484751790085,0.0547694784062003,1.76070946342184,25.0645097680423,1.32885883191484,2.06073342150813,-0.0016704549771082,-3.04997422965981,0.492413456533651,27.966763782633,-8.0528389855143,-32.1284519826589
693,"GSED-BRA",1.89733059548255,4.62396574357036,66.0397123365851,0.0529216659447515,2.25235423769583,16.9838163013848,64.7062330798275,0.0546383489302954,1.76127094570624,25.1085888665851,1.33347925675764,2.06082040830988,-0.00171668298554389,-3.14190128207193,0.491083291989589,27.8823251576816,-8.12477256520029,-32.3585391770577
700,"GSED-BRA",1.91649555099247,4.6241538069214,66.2645617790124,0.0527472966360003,2.25200662204707,16.9560130770071,64.9264011349243,0.0545115256100163,1.76269979528046,25.152738072631,1.33816064408805,2.06104238136841,-0.00176422897401601,-3.2364329456445,0.48930682676661,27.7589427352692,-8.19672499562397,-32.5878040472377
707,"GSED-BRA",1.9356605065024,4.62434183491126,66.4881515594292,0.0525755552607374,2.25208387047075,16.9282610022988,65.1452810536726,0.0543889119842349,1.7649722697789,25.1969574748896,1.34287050575661,2.06134732099817,-0.00181335672349742,-3.33405588996346,0.487111600691852,27.598824583962,-8.26869647259074,-32.8162496635994
714,"GSED-BRA",1.95482546201232,4.62452982755325,66.7104125079956,0.052406035246384,2.25260039344887,16.9005599703707,65.3627396611888,0.0542703491695267,1.76807716229082,25.2412471624558,1.34767284680676,2.061836535299,-0.00186431392314273,-3.4352348044032,0.484523231158055,27.4039641194324,-8.34068719208508,-33.043879085702
721,"GSED-BRA",1.97399041752225,4.62471778486064,66.9313268892918,0.0522383233655473,2.25357156298712,16.8729098743186,65.5786791457185,0.0541556596914136,1.77200499286,25.285607223978,1.35264774357333,2.06263340645775,-0.00191733632586637,-3.54041726532669,0.481566570127123,27.1763664361848,-8.41269734965944,-33.2706953609633
728,"GSED-BRA",1.99315537303217,4.62490570684673,67.1508465927371,0.0520721341617983,2.25501463227552,16.8453106065599,65.7930278194107,0.0540447401672423,1.77675306798888,25.330037747,1.35781877332644,2.06377304454417,-0.001972606005444,-3.64995002166676,0.478261564286643,26.9177283497245,-8.48472714044008,-33.4967015256224
735,"GSED-BRA",2.01232032854209,4.62509359352477,67.3688746882467,0.0519072613609232,2.25693799781168,16.8177620597709,66.0056852208026,0.0539375022857536,1.78231009306426,25.3745388197072,1.36318946744406,2.06526068608167,-0.0020302409248304,-3.76406181004537,0.47462790474742,26.6299285738438,-8.55677675993633,-33.7219006056996
742,"GSED-BRA",2.03148528405202,4.62528144490804,67.5853102823414,0.0517434256917207,2.25933653274806,16.7902641274168,66.2165637177552,0.0538337438859594,1.78865161493194,25.4191105313703,1.36874656458619,2.06707580058126,-0.00209031819423876,-3.88291440154498,0.470684917816119,26.3150696248933,-8.62884640395351,-33.9462956160659
749,"GSED-BRA",2.05065023956194,4.6254692610098,67.8000041395653,0.0515802225650125,2.26219454364401,16.7628167040587,66.4255371354545,0.0537331105725721,1.79574735090224,25.4637529722743,1.37446700411087,2.06918462895989,-0.00215288800755963,-4.00663200886525,0.466447192741762,25.9751012583927,-8.7009362682156,-34.1698895590506
756,"GSED-BRA",2.06981519507187,4.6256570418433,68.0128175170537,0.0514173632251275,2.26547987101654,16.7354196839249,66.6325096090047,0.0536353349312177,1.80354257229987,25.5084662307673,1.38030790804906,2.07152321914426,-0.00221797170609023,-4.13528079750891,0.46193729871667,25.6127748693843,-8.7730465468424,-34.3926854224606
763,"GSED-BRA",2.08898015058179,4.62584478742177,68.2236497264278,0.0512548335988979,2.26915315189143,16.7080729599607,66.8374122927111,0.0535403377607883,1.81196180184187,25.5532503924838,1.38623743371672,2.07404414109535,-0.00228550416189043,-4.26875185603383,0.45719135004956,25.2318426130629,-8.84517743252315,-34.6146861814685
770,"GSED-BRA",2.10814510609172,4.62603249775845,68.4324327524842,0.0510927566211758,2.27317558439698,16.6807764242459,67.0402263716806,0.0534480809411608,1.82092223930349,25.5981055425285,1.39220638080364,2.07667315006523,-0.00235532431998502,-4.40675189550381,0.452253345093484,24.8364996226567,-8.91732911828266,-34.8358948027129
777,"GSED-BRA",2.12731006160164,4.62622017286658,68.6391974525921,0.0509313908945989,2.27750283698985,16.6535299675612,67.2410490935323,0.0533585852750769,1.83033146973266,25.6430317653424,1.39814835905975,2.07930777093457,-0.00242719438047796,-4.54883570837789,0.44717136725719,24.431168597156,-8.98950179778116,-35.0563142456924
784,"GSED-BRA",2.14647501711157,4.62640781275938,68.8440333566731,0.0507710601780103,2.28208727196734,16.6263334809307,67.4400226608007,0.0532718751263183,1.84008489977008,25.6880291460862,1.40401069587242,2.08186569410584,-0.00250081494830803,-4.69443762281334,0.442002372197256,24.0207597080159,-9.06169566515551,-35.2759474602828
791,"GSED-BRA",2.16563997262149,4.62659541745004,69.047147141858,0.0506119898979987,2.28687347233338,16.5991868563614,67.6374070949736,0.0531878589943857,1.8500709007614,25.7330977712944,1.40974004688442,2.08426092517847,-0.00257586909638706,-4.8429644379161,0.436802571571982,23.610044965964,-9.13391091493293,-35.4947973854976
798,"GSED-BRA",2.18480492813142,4.62678298695179,69.2486733999525,0.0504542299377988,2.29180781303394,16.5720899870649,67.8333382201795,0.0531063199404629,1.86018841062538,25.7782377285837,1.41533517977304,2.08648905819586,-0.00265209000266409,-4.99392540405235,0.431619402408558,23.2029938442338,-9.20614774151887,-35.712866947886
805,"GSED-BRA",2.20396988364134,4.62697052127782,69.4486279632518,0.050297756951056,2.29684670559369,16.5450427669609,68.0278435162887,0.0530270088514577,1.87036316408111,25.8234491058187,1.42078444696313,2.08853371432086,-0.00272925190040176,-5.14690901771791,0.426483541512579,22.8021781920681,-9.27840633885781,-35.9301590613902
812,"GSED-BRA",2.22313483915127,4.62715802044132,69.6469428020761,0.0501424457996464,2.30195025125011,16.5180450912024,68.2209360366592,0.052949551783991,1.88052891939561,25.8687319928966,1.42600676541684,2.09027733751786,-0.00280710598434465,-5.3014726088642,0.421421331854498,22.4097235361815,-9.35068690169414,-36.1466766297698
819,"GSED-BRA",2.24229979466119,4.62734548445547,69.8435928824293,0.0499880754372719,2.30707665932798,16.4910968560954,68.4126574621178,0.0528734616184675,1.89061624693014,25.914086481511,1.4309354203115,2.09162379213796,-0.00288538618119557,-5.45715391592173,0.416460412397841,22.0277601588404,-9.42298962541563,-36.3624225462807
826,"GSED-BRA",2.26146475017112,4.62753291333346,70.0386047392524,0.0498344573428591,2.31217788157075,16.4641979582716,68.6030207015989,0.0527982780669783,1.90054126872333,25.9595126639174,1.43558403765353,2.09259595710494,-0.00296382072411923,-5.61347989485455,0.411636612847418,21.6589147324294,-9.49531470564581,-36.5773996938081
833,"GSED-BRA",2.28062970568104,4.62772030708844,70.2320164500701,0.0496814518307245,2.31719432072904,16.4373482939527,68.7920762935626,0.052723667853283,1.91017788955754,26.0050106300118,1.43994015650746,2.09317734554584,-0.00304221602255843,-5.77011453570373,0.407016431171509,21.3077762755273,-9.56766233605919,-36.7916109406137
840,"GSED-BRA",2.29979466119096,4.62790766573358,70.4238942293668,0.0495289530472042,2.32205682417248,16.4105477590433,68.9799047515649,0.0526494127526635,1.91936816001429,26.050580467563,1.44398947780186,2.09334803085402,-0.00312045970545936,-5.92686516774396,0.402688664158189,20.9802721826536,-9.64003270851979,-37.0050591407094
847,"GSED-BRA",2.31895961670089,4.62809498928204,70.614271835959,0.0493769170658426,2.32669917969501,16.3837962494555,69.1665173850746,0.0525754668535701,1.92796824576435,26.0962222626093,1.44775445088446,2.09314348274079,-0.00319854978772752,-6.08373064310758,0.398730933930664,20.6814056614603,-9.71242601315373,-37.2177471337287
854,"GSED-BRA",2.33812457221081,4.62828227774695,70.8031492453609,0.049225346042482,2.33106503924333,16.3570936612552,69.3519302686753,0.0525018687484327,1.93586553840794,26.1419361003721,1.45121897668557,2.09254302088409,-0.00327652270595065,-6.24077348875027,0.395199500835385,20.4146152196293,-9.78484243911684,-37.4296777466975
861,"GSED-BRA",2.35728952772074,4.62846953114147,70.9905369403682,0.0490742938497057,2.33510140024714,16.3304398911302,69.5361523906299,0.0524286999411062,1.94295174133647,26.1877220673148,1.45438454973825,2.09155166016092,-0.00335440609140049,-6.39803408279918,0.392149658910672,20.1831908928901,-9.85728217618456,-37.6408537972364
868,"GSED-BRA",2.37645448323066,4.62865674947871,71.1765424136626,0.048923905976976,2.33875710992844,16.3038348356461,69.7192541833071,0.052356194168882,1.94911126578336,26.2335802492418,1.45728823035552,2.09022349338963,-0.00343228819190605,-6.55564875635295,0.389645844145083,19.9909492590451,-9.92974541359569,-37.8512780918749
875,"GSED-BRA",2.39561943874059,4.62884393277181,71.3613118990003,0.0487743172945615,2.34198173908656,16.2772783920153,69.9013385795934,0.0522845792369717,1.95423284454258,26.2795107321264,1.4599733194069,2.08861997362825,-0.00351026194241016,-6.71376148309514,0.38774889454398,19.8414889825853,-10.0022323401111,-38.0609534251468
882,"GSED-BRA",2.41478439425051,4.62903108103389,71.5449047606626,0.0486255445982924,2.34472011780996,16.2507704586357,70.082447729003,0.0522139297683183,1.95820450714264,26.325513603801,1.46245703165964,2.08676648583211,-0.00358838517002584,-6.87246714803519,0.386515610667316,19.7382658071453,-10.0747431451653,-38.2698825815526
889,"GSED-BRA",2.43394934976044,4.62921819427804,71.7273855258539,0.0484775330377674,2.34691353182546,16.2243109342401,70.2626207531011,0.0521442107373841,1.96091213168281,26.3715889525932,1.46476477275276,2.08469988317097,-0.00366667769961669,-7.03180208841077,0.386001400142659,19.6847882118717,-10.1472780183531,-38.4780683355649
896,"GSED-BRA",2.45311430527036,4.62940527251738,71.9087775675687,0.04833028590441,2.34851700905964,16.197899716912,70.441812912287,0.0520754236865666,1.96228095289203,26.4177368647934,1.46696465528169,2.08251973456209,-0.00374513778215661,-7.19175671944212,0.386236056167613,19.6830150951817,-10.2198371478814,-38.6855134494934
903,"GSED-BRA",2.47227926078029,4.62959231576499,72.0890360659384,0.0481839269122986,2.34950486406721,16.1715367024649,70.6198920563943,0.0520077113107221,1.96228997634745,26.4639574222413,1.4691440095441,2.08035436866838,-0.00382378439842355,-7.3523412241277,0.387214887719759,19.7328066894837,-10.2924207197763,-38.8922206741695
910,"GSED-BRA",2.49144421629021,4.62977932403398,72.2680892035555,0.048038545050399,2.34984650512287,16.1452217866038,70.7967375170214,0.0519411444861622,1.96091933642194,26.5102507071635,1.47135168653412,2.07827611573255,-0.00390259943576313,-7.51350297412649,0.388927168700932,19.8339198087873,-10.3650289205598,-39.0981927521302
917,"GSED-BRA",2.51060917180014,4.6299662973374,72.4458071099192,0.0478941440315205,2.34950846562005,16.1189548657155,70.9721884683752,0.0518757240377383,1.95814919058406,26.5566168028455,1.47361864154399,2.07633253721721,-0.00398158000621782,-7.67522782587346,0.391359275035998,19.9861827136505,-10.43766193713,-39.303432416179
924,"GSED-BRA",2.52977412731006,4.63015323568835,72.6220939226333,0.0477507235484943,2.34845990826453,16.0927358362593,71.1461312932896,0.0518115257470695,1.95397611302598,26.6030557919093,1.47596262934368,2.07455079076505,-0.00406080219857518,-7.83764257088079,0.394483795238548,20.1887726573914,-10.51031995565,-39.5079423877555
931,"GSED-BRA",2.54893908281999,4.63034013909988,72.7969681852725,0.0476082736208103,2.34667683029463,16.066564595002,71.3185459375391,0.0517486632853699,1.94841179436019,26.6495677575337,1.47842224773345,2.07298428241688,-0.00414038966455956,-8.00095964165728,0.398265035934439,20.4404960536188,-10.5830031625317,-39.7117253788851
938,"GSED-BRA",2.56810403832991,4.63052700758506,72.9704008958623,0.0474668666881222,2.34414902863486,16.0404410383071,71.4893463158226,0.0516872880447603,1.94149195230734,26.6961527830325,1.48105458003967,2.07171369772599,-0.00422042135663809,-8.16529850237698,0.402657076327521,20.7395696824284,-10.6557117447254,-39.9147840939011
945,"GSED-BRA",2.58726899383984,4.63071384115692,73.1421820275062,0.0473266151651394,2.34087809060439,16.0143650624881,71.6582961707488,0.0516275168453272,1.93327840218958,26.7428109517823,1.48388585675735,2.07078026697917,-0.00430090168018778,-8.33063827778705,0.407599688414814,21.0833415380412,-10.7284458892942,-40.1171212279731
952,"GSED-BRA",2.60643394934976,4.63090063982853,73.3119681131062,0.0471876280624995,2.33687689853227,15.988336563786,71.825019615243,0.0515694076302087,1.92385800646121,26.7895423466992,1.48694849786322,2.07023751031132,-0.00438177956770922,-8.4968584458636,0.413018892071067,21.4682627659608,-10.8012057829132,-40.3187394660514
959,"GSED-BRA",2.62559890485969,4.63108740361291,73.4794470601866,0.0470500609223975,2.332156812881,15.9623554383319,71.9892233043192,0.0515130928012467,1.91330377764691,26.8363470499592,1.49022375586749,2.07006505622083,-0.00446303187884917,-8.66387870763053,0.418853035234098,21.8916117831131,-10.8739916116273,-40.5196414824418
966,"GSED-BRA",2.64476386036961,4.63127413252308,73.6443421589134,0.0469140946256821,2.32672465148035,15.9364215825164,72.150691970789,0.0514588422217531,1.90167566904932,26.883225143561,1.49365018812432,2.07018137640182,-0.00454474759607103,-8.83181082171692,0.42504898243103,22.3512867808589,-10.9468035610447,-40.7198299407413
973,"GSED-BRA",2.66392881587953,4.63146082657209,73.8064031563515,0.0467799317428622,2.32058781909878,15.9105348931442,72.3091768444411,0.0514069800246905,1.88902810024565,26.9301767103235,1.49722631191038,2.07058962257497,-0.00462704828182833,-9.00081716452898,0.431559718853124,22.8455955100405,-11.0196418171792,-40.9193074955016
980,"GSED-BRA",2.68309377138946,4.63164748577293,73.9653998888712,0.0466478290481261,2.31375741199524,15.8846952673224,72.4644332471175,0.0513578316723406,1.87541127414337,26.977201834276,1.50096664175378,2.07131495341335,-0.00471000262421447,-9.170953038407,0.438346137851875,23.3733338332467,-11.0925065669535,-41.1180767934943
987,"GSED-BRA",2.70225872689938,4.63183411013861,74.1211102690963,0.046518138886934,2.3062548779674,15.8589026020044,72.6161960840794,0.0513117407930452,1.86088515007403,27.0243006002512,1.5049141850169,2.07242222282536,-0.0047936019061112,-9.3421151417278,0.445369727893372,23.9332195152212,-11.1653979982468,-41.3161404744847
994,"GSED-BRA",2.72142368240931,4.63202069968214,74.273421832894,0.0463911587561748,2.29810198840138,15.833156794396,72.7643509377857,0.0512689843461969,1.84549819183162,27.0714730935298,1.50907089510831,2.07391514616626,-0.0048778255900221,-9.51418416460972,0.452603796569761,24.5247488495538,-11.2383162991338,-41.5135011689476
1001,"GSED-BRA",2.74058863791923,4.63220725441651,74.422321112274,0.0462670747185635,2.28931837618912,15.8074577422162,72.908892116418,0.0512297278105628,1.82928459135769,27.1187193998527,1.51342899585596,2.07578109051414,-0.00496265309199927,-9.68705730850292,0.460033784831431,25.148289500979,-11.3112616576365,-41.7101614971463
1008,"GSED-BRA",2.75975359342916,4.6323937743547,74.5678311771574,0.0461460086803019,2.27992450578782,15.7818053435309,73.0498338739564,0.0511941061601458,1.8122741322967,27.1660396047927,1.51799730320104,2.07802978145066,-0.00504809747984385,-9.8607004955851,0.46765037349112,25.8046156018607,-11.3842342612618,-41.9061240684247
1015,"GSED-BRA",2.77891854893908,4.63258025950969,74.7099522509125,0.0460279622065957,2.26994822647806,15.7561994971944,73.1871870399862,0.0511621096339959,1.79450352290443,27.213433795412,1.52276521092632,2.08064453972572,-0.00513414742740022,-10.0350581008659,0.475444703573633,26.4944981999322,-11.4572342982176,-42.1013914831624
1022,"GSED-BRA",2.79808350444901,4.63276670989445,74.8487324142215,0.0459128731579653,2.2594234830137,15.7306401027844,73.3210883257953,0.0511336304411185,1.77601383476458,27.2609020604945,1.52764408842624,2.08349892685485,-0.00522075728315316,-10.2100266265369,0.48340964824912,27.2187996955102,-11.5302619577101,-42.2959663334814
1029,"GSED-BRA",2.81724845995893,4.63295312552195,74.9842647179156,0.0458005953311869,2.24838176469842,15.7051270608151,73.451723978336,0.0511084609170066,1.7568317811609,27.3084444904171,1.5325407395795,2.08645986312249,-0.00530786558581969,-10.3854929117098,0.491549983537512,27.9793426330606,-11.603317429602,-42.4898512021575
1036,"GSED-BRA",2.83641341546886,4.63313950640513,75.11669339022,0.0456908894013865,2.23685158773843,15.6796602731285,73.5792910768917,0.0510862828803068,1.73696892640779,27.3560611776781,1.53740231332829,2.08944974982386,-0.00539539347892035,-10.5613350095593,0.49988266133064,28.7790215317463,-11.6764009045496,-42.6830486622733
1043,"GSED-BRA",2.85557837097878,4.63332585255696,75.2461156165326,0.0455834615768013,2.22486175433842,15.6542396423126,73.7038701821097,0.0510667049719654,1.71643715590346,27.40375221565,1.54224543442291,2.09248907908402,-0.00548324339516414,-10.7374137379224,0.508424598434955,29.6209270864532,-11.7495125733374,-42.8755612767048
1050,"GSED-BRA",2.87474332648871,4.63351216399037,75.3726420075164,0.0454780511071166,2.21243199008632,15.6288650706377,73.8255120669985,0.0510494167104627,1.69523984497403,27.4515176964546,1.54712994051789,2.09565758123537,-0.00557136560334617,-10.9136714234079,0.51719214511229,30.5084939246583,-11.8226526258169,-43.0673915976013
1057,"GSED-BRA",2.89390828199863,4.63369844071829,75.4963328750026,0.0453744165706839,2.19957624710273,15.6035364606824,73.9441872115211,0.0510341411026226,1.67337408403454,27.4993577128615,1.55214566348157,2.09907732035999,-0.00565972453193867,-11.0900750157777,0.526202163068193,31.4455786120165,-11.8958212521791,-43.2585421681156
1064,"GSED-BRA",2.91307323750856,4.63388468275365,75.6172295190273,0.0452723018130689,2.1863076635805,15.578253715768,74.0598471113604,0.0510205222108851,1.65082776656142,27.5472723591241,1.55738240766689,2.10287013599303,-0.00574822039781623,-11.2664867953662,0.535479897019082,32.4370541776419,-11.9690186433561,-43.4490155225541
1071,"GSED-BRA",2.93223819301848,4.63407089010938,75.7353105667916,0.0451714004817583,2.17263784388601,15.5530167400076,74.172398370449,0.0510081222043366,1.62757570049538,27.5952617309059,1.56291219634259,2.10713450108049,-0.00583672172257832,-11.4427300405152,0.545062143390628,33.4892038032228,-12.0422449908983,-43.6388141860285
1078,"GSED-BRA",2.9514031485284,4.63425706279839,75.8505795326999,0.0450714018453711,2.15857604412082,15.5278254381998,74.2818213028861,0.050996571964451,1.60359289189499,27.6433259239054,1.56875822981377,2.1119006000366,-0.00592517011907996,-11.6187615967801,0.554983152225823,34.6087311206518,-12.1155004857057,-43.8279406720318
1085,"GSED-BRA",2.97056810403833,4.63444320083357,75.9631443126281,0.0449720087468192,2.14412748973499,15.5026797157225,74.3881941030002,0.0509856122714297,1.57885878135521,27.6914650334848,1.57495020962791,2.11720452232943,-0.00601360352461051,-11.7947068922036,0.565268708379784,35.8023602272135,-12.1887853177623,-44.0163974821249
1092,"GSED-BRA",2.98973305954825,4.63462930422784,76.073208247883,0.0448728036809735,2.12929153807877,15.4775794789971,74.4917031673198,0.0509749336290976,1.5533442834037,27.7396791563708,1.58150508056323,2.12306205029428,-0.00610212994812406,-11.9708443222785,0.575947254675072,37.0778880656806,-12.2620996773737,-44.2041871077573
1099,"GSED-BRA",3.00889801505818,4.63481537299408,76.1809593198852,0.0447733891974339,2.11406748440472,15.4525246345379,74.5925592605424,0.0509642786844726,1.52702980246604,27.7879683883438,1.58840005934279,2.12943499336805,-0.00619088948703869,-12.1475073263911,0.58703768193868,38.4431057593412,-12.3354437538059,-44.3913120290589
1106,"GSED-BRA",3.0280629705681,4.63500140714517,76.2865539086625,0.0446734651167817,2.09845201453212,15.427515088193,74.69093127037,0.0509535150584159,1.49989479599755,27.8363328235968,1.59562263829255,2.13630036626085,-0.00628004994163427,-12.3250573281048,0.59855721853457,39.906613459278,-12.4088177354038,-44.5777747163766
1113,"GSED-BRA",3.04722792607803,4.63518740669399,76.390108517481,0.0445729337012976,2.08245438832053,15.4025507442274,74.7868949983573,0.050942737758912,1.47194046608652,27.8847725536977,1.60321351912367,2.14370916075455,-0.00636980405761442,-12.5038510646202,0.610513922234008,41.4768080843101,-12.4822218094703,-44.7635776316027
1120,"GSED-BRA",3.06639288158795,4.63537337165341,76.4917005263533,0.0444719307059825,2.06609272311677,15.3776315057841,74.8805167155606,0.0509322321660285,1.44319561765974,27.9332876688934,1.61118381079275,2.15167293371246,-0.00646030146004599,-12.6841121727922,0.622897105457032,43.1609615380561,-12.5556561631092,-44.9487232292076
1127,"GSED-BRA",3.08555783709788,4.6355593020363,76.5913446355063,0.0443706309998138,2.04939031327524,15.3527572760686,74.9717970882158,0.0509222256648787,1.41370742680993,27.9818782602791,1.61954754729052,2.16020905219182,-0.00655159466506493,-12.8658843550579,0.63568288646531,44.9656608156713,-12.6291209842104,-45.133213956326
1134,"GSED-BRA",3.1047227926078,4.63574519785551,76.6889644125409,0.0442692216777681,2.03237658680855,15.3279279584026,75.0606619966668,0.0509129361123553,1.38354126851966,28.0305444188141,1.62830241587409,2.16931528787529,-0.00664371443458725,-13.0491677398566,0.648835318288898,46.8967086889379,-12.7026164604115,-45.3170522506351
1141,"GSED-BRA",3.12388774811773,4.63593105912388,76.7844469900479,0.0441679551825241,2.01508249531968,15.3031434563852,75.1470583698086,0.0509046698092693,1.35276859072504,28.0792862348844,1.63738862023928,2.17891246278926,-0.00673671462674521,-13.233981581624,0.662313904594642,48.9598819144421,-12.7761427784992,-45.5002405389731
1148,"GSED-BRA",3.14305270362765,4.63611688585427,76.8777001723506,0.0440670692914321,1.99754003412125,15.2784036745335,75.2309805950643,0.050897717565989,1.32145699151853,28.1281037996978,1.64671957728635,2.18888490388012,-0.00683064827455686,-13.4203429961293,0.67608304260272,51.1619407171028,-12.8497001251643,-45.682781237825
1155,"GSED-BRA",3.16221765913758,4.63630267805949,76.9686990569116,0.0439667235043858,1.97978096417095,15.2537085183658,75.3124923077904,0.0508922236870427,1.28967147583495,28.1769972067874,1.65620674912118,2.19911292053983,-0.00692550018265695,-13.6081697377672,0.690109488336001,53.510487071075,-12.9232886884215,-45.8646767559339
1162,"GSED-BRA",3.1813826146475,4.63648843575238,77.057543172635,0.0438669764363571,1.96183622523247,15.2290578944047,75.3917683604825,0.0508881523916536,1.25748296457761,28.2259665517811,1.66577481215256,2.20949163068802,-0.00702117595529651,-13.79727033762,0.704353260654856,56.012946536532,-12.9969086573764,-46.045929493799
1169,"GSED-BRA",3.20054757015743,4.63667415894576,77.1443590723547,0.0437678155645053,1.94373773823895,15.204451710018,75.4689608503842,0.0508853805292026,1.22497473205696,28.2750119313745,1.67539822197047,2.21998316008606,-0.00711756496469732,-13.9874456880845,0.718763006181985,58.6757414150941,-13.0705602213564,-46.2265418422444
1176,"GSED-BRA",3.21971252566735,4.63685984765245,77.2292713516426,0.0436692009089433,1.9255196810464,15.1798898730312,75.5442170976265,0.0508837380767865,1.19224176101252,28.3241334425597,1.68505425401605,2.23055359993795,-0.00721453716784322,-14.1784732028847,0.733277920033872,61.5041297841411,-13.1442435695285,-46.406516182338
1183,"GSED-BRA",3.23887748117728,4.63704550188523,77.3124470813459,0.043571074016508,1.90721711744238,15.15537229173,75.617723921539,0.0508829902860839,1.15938202213358,28.3733311827874,1.69472315980698,2.24117187336322,-0.00731191626957587,-14.3700600701048,0.747835095308806,64.5029059474794,-13.2179588910573,-46.5858548857175
1190,"GSED-BRA",3.2580424366872,4.63723112165692,77.3940921436575,0.0434733246417244,1.88886017522944,15.1308988751331,75.6896833256447,0.0508828139686399,1.12647946504132,28.4226052510769,1.70440881801274,2.25183769190809,-0.00740948932691542,-14.5618702052957,0.762380710188117,67.67817202599,-13.2917063759438,-46.7645603157373
1197,"GSED-BRA",3.27720739219713,4.63741670698031,77.474427126839,0.0433758098000314,1.87047369559874,15.1064695328049,75.7602850686343,0.0508828422109636,1.09359365008972,28.4719557480396,1.71414205820473,2.26258660015841,-0.00750703241093218,-14.7535634503425,0.776880045509014,71.039187676819,-13.3654862152347,-46.94263482815
1204,"GSED-BRA",3.29637234770705,4.63760225786817,77.5538277891222,0.0432784163365204,1.85207171364734,15.0820841743783,75.829830606675,0.0508828122025029,1.06075812047773,28.5213827745762,1.72399718244719,2.27350789083186,-0.00760439586598247,-14.9449205671231,0.79131359316961,74.598872060789,-13.4392986001979,-47.1200807703391
1211,"GSED-BRA",3.31553730321697,4.63778777433329,77.6327672420077,0.0431810942920765,1.83366434149586,15.0577427097807,75.8986952099879,0.0508826205096029,1.02799401747771,28.5708864314806,1.73407203201982,2.28471916048384,-0.00770152621752642,-15.1358678865074,0.80567032401815,78.3730557104744,-13.5131437216999,-47.2969004798205
1218,"GSED-BRA",3.3347022587269,4.63797325638843,77.7116696631899,0.0430838068950217,1.81526507544524,15.033445049555,75.9671983440295,0.050882214779082,0.995320095302391,28.6204668199721,1.74447131916033,2.29634810442819,-0.00779840788406034,-15.3263923709278,0.819944980142853,82.3800286975763,-13.5870217704171,-47.4730962841449
1225,"GSED-BRA",3.35386721423682,4.63815870404636,77.790782113927,0.0429865198857895,1.79688882501948,15.0091911049359,76.0354975187616,0.0508815529131053,0.962751971831547,28.6701240422898,1.75528459516541,2.308506753352,-0.00789503302731575,-15.5164938475812,0.834136853187931,86.6408875383618,-13.6609329373539,-47.6486705017508
1232,"GSED-BRA",3.37303216974675,4.63834411731983,77.8701757056448,0.0428892348509709,1.77855406570045,14.9849807872905,76.1035941429782,0.0508806353132073,0.930301859553434,28.7198582007458,1.76658156266652,2.3212853250368,-0.00799140046223645,-15.7061727178593,0.84825220614702,91.1803193163776,-13.7348774134552,-47.8236254421987
1239,"GSED-BRA",3.39219712525667,4.6385294962216,77.949934178539,0.0427919527934061,1.76027226305038,14.9608140080308,76.1715029722541,0.0508794646877212,0.897965011475292,28.7696693980012,1.77843120628492,2.33477237141129,-0.00808751189431514,-15.8954343249348,0.862307251575089,96.0290479646172,-13.8088553899704,-47.9979634070101
1246,"GSED-BRA",3.4113620807666,4.63871484076439,78.0301288082265,0.0426946657105924,1.74204652555256,14.9366906787324,76.2392491767305,0.0508779589401503,0.865736047513685,28.8195577370852,1.79087963149594,2.3490257981745,-0.00818329322955798,-16.0841617864119,0.876310478038878,101.221438168777,-13.8828670583528,-48.1716866893077
1253,"GSED-BRA",3.43052703627652,4.63890015096096,78.1107729595634,0.0425974277112612,1.72387233394661,14.9126107108632,76.3068116599424,0.050876075226626,0.833608863539407,28.8695233208617,1.80396129962102,2.36408947036116,-0.00827864751536482,-16.2721819214392,0.890263470407205,106.796305719117,-13.9569126099984,-48.3447975738238
1260,"GSED-BRA",3.44969199178645,4.63908542682401,78.1918292952057,0.0425003324246525,1.70574073872812,14.8885740165837,76.3741894789189,0.050873861006291,0.801569586556642,28.9195662529839,1.8176398162868,2.37991372306283,-0.00837352858163858,-16.4593927333393,0.904171152171482,112.800082155761,-14.0309922364003,-48.5172983358716
1267,"GSED-BRA",3.46885694729637,4.63927066836628,78.2732338131046,0.0424033952580199,1.68764037826943,14.8645805090904,76.4414500022079,0.0508713730000706,0.769591495181847,28.9696866382958,1.83178381089672,2.39632268990687,-0.00846797774205066,-16.6458604174865,0.918048883087587,119.290414308784,-14.1051061292054,-48.6891912408867
1274,"GSED-BRA",3.4880219028063,4.63945587560047,78.3548200174486,0.0423066232109806,1.66956096957164,14.8406301020656,76.5085946156571,0.0508686904650021,0.737653136490236,29.0198845819102,1.84622540179153,2.41309543204406,-0.00856206725402155,-16.8317036978026,0.931907833081406,126.334151782427,-14.1792544798446,-48.8604785447126
1281,"GSED-BRA",3.50718685831622,4.6396410485393,78.4364257403108,0.0422100267812711,1.65149414136102,14.8167227095951,76.5756168274445,0.0508658882191036,0.705737476592737,29.0701601888617,1.86080891286626,2.43002797752111,-0.00865586143783251,-17.0170260284212,0.945756664768288,134.009698526193,-14.2534374792667,-49.0311624933112
1288,"GSED-BRA",3.52635181382615,4.63982618719546,78.5180238021523,0.0421136408149715,1.63343504601914,14.7928582461575,76.6425901564518,0.0508630386545552,0.673835945088731,29.1205135642323,1.87543364570055,2.44698625382075,-0.00874939783958369,-17.2018779668409,0.959599100930412,142.408416755513,-14.3276553180748,-49.2012453230666
1295,"GSED-BRA",3.54551676933607,4.64001129158164,78.5996253651829,0.0420174818680587,1.61538124981141,14.7690366266617,76.7095633554968,0.0508601722522501,0.641945066557975,29.1709448136131,1.8900620096861,2.46391965618022,-0.00884269038419133,-17.3862769090408,0.973436183253437,151.638548836098,-14.4019081869514,-49.370729261503
1302,"GSED-BRA",3.564681724846,4.64019636171053,78.6812219699333,0.0419215531299073,1.59733126983675,14.7452577662756,76.7765352862961,0.0508572994802824,0.61006143060487,29.2214540429323,1.90468668363719,2.48081875085234,-0.00893574635037508,-17.5702336570968,0.987269839231879,161.831217268237,-14.4761962766567,-49.5396165275972
0,"GSED-CHN",0,4.60517018598809,10.9010683888868,0.212836332686237,0.686095730462724,20.0072760138823,11.6050503129991,0.261950107186285,0.907877454013602,21.0681859305832,-0.703981924112364,-6.06616865179649,-0.0491137745000481,-18.7492858955469,-0.221781723550878,-24.428596896025,-1.06090991670091,-5.03560164219387
7,"GSED-CHN",0.0191649555099247,4.60536181718076,11.7210764517494,0.204891305605075,0.728543964197852,19.9738789996303,12.4030362089615,0.251867363876831,0.930979954518945,21.1059002703549,-0.681959757212038,-5.49832916491292,-0.0469760582717561,-18.6511096748241,-0.202435990321093,-21.7443983985343,-1.13202127072466,-5.36352989554623
14,"GSED-CHN",0.0383299110198494,4.60555341165795,12.5409226332117,0.197244285198319,0.770983346618809,19.9405441158256,13.2008705348206,0.242174525248723,0.954074529958685,21.143674877681,-0.659947901608913,-4.99927561495384,-0.0449302400504043,-18.5528349871891,-0.183091183339876,-19.1904487113606,-1.20313076185534,-5.69026325279601
21,"GSED-CHN",0.0574948665297741,4.60574496943373,13.3606170539665,0.18988431224108,0.813436605945075,19.9072712344995,13.9985964604806,0.232856846814105,0.9772033323882,21.181509836192,-0.637979406514157,-4.55745265830924,-0.0429725345730254,-18.4544861621919,-0.163766726443125,-16.7587155114273,-1.27423860169244,-6.01580629306793
28,"GSED-CHN",0.0766598220396988,4.60593649052216,14.1803709749057,0.182803737250132,0.856094073465358,19.8740602225372,14.7966139832405,0.223903879062596,1.0007686427584,21.2194052181427,-0.616243008334793,-4.16475694393856,-0.0411001418124643,-18.3561544286484,-0.144674569293043,-14.4563451642809,-1.34534499560541,-6.34016355206382
35,"GSED-CHN",0.0958247775496235,4.60612797493728,15.0008124471141,0.175997952501063,0.899189286679843,19.8409109435525,15.5957536804133,0.215309018190003,1.02532597689816,21.2573610863,-0.594941233299167,-3.81476423320505,-0.0393110656889401,-18.2579745239697,-0.126136690218314,-12.3021061652906,-1.41645014274756,-6.66333952270509
42,"GSED-CHN",0.114989733059548,4.60631942269314,15.8224957787866,0.169463714516828,0.942835890458396,19.8078232608132,16.3965275248461,0.207067025411573,1.05128782178837,21.29537749981,-0.574031746059507,-3.50093484848949,-0.0376033108947452,-18.1599705795762,-0.108451931329978,-10.3161026963565,-1.48755423899677,-6.98533866802802
49,"GSED-CHN",0.134154688569473,4.60651083380377,16.6459769921435,0.163198280271304,0.987049178964151,19.7747970366426,17.1992840378762,0.199172785863774,1.07888877540219,21.3334545159255,-0.553307045732698,-3.21703534004211,-0.0359745055924699,-18.0619583325379,-0.0918395964380355,-8.51242487009838,-1.5586574792829,-7.306165431948
56,"GSED-CHN",0.153319644079398,4.6067022082832,17.4722261723939,0.157199440885941,1.0317036479523,19.7418321304249,18.0049106380647,0.191621919955934,1.10799285758867,21.3715921878771,-0.532684465670798,-2.95855101077054,-0.0344224790699932,-17.9637481337778,-0.0762892096363648,-6.88535211340562,-1.62976005745223,-7.62582423960299
63,"GSED-CHN",0.172484599589322,4.60689354614545,18.3021405618184,0.151464407863192,1.07658503344296,19.7089284028682,18.8144383092808,0.18440974578618,1.13820004163427,21.4097905701766,-0.512297747462341,-2.7228968467777,-0.0329453379229877,-17.8652911116678,-0.0616150081913147,-5.41337251251946,-1.70086216730837,-7.94431950061964
70,"GSED-CHN",0.191649555099247,4.60708484740452,19.1364022761793,0.145989839527535,1.12149993952483,19.6760857162131,19.6285883526259,0.177530948424467,1.16920656186339,21.4480497184558,-0.492186076446661,-2.50749604405869,-0.031541108896932,-17.7665410886664,-0.04770662233856,-4.08025612365097,-1.7719640022427,-8.2616556073998
77,"GSED-CHN",0.210814510609172,4.60727611207442,19.9755685873413,0.140771542846583,1.16629975545326,19.6433039344111,20.4478890714428,0.170979235256265,1.2008087095807,21.4863696904026,-0.472320484101534,-2.30987405326435,-0.0302076924096821,-17.6674625807084,-0.0345089541274397,-2.87380944625972,-1.84306575599145,-8.57783693824605
84,"GSED-CHN",0.229979466119097,4.60746734016914,20.8198632748061,0.135804626414354,1.21087366544174,19.6105829234914,21.272508099288,0.164747243610346,1.2328242151394,21.5247505477789,-0.452644824481933,-2.12783947416658,-0.0289426171959915,-17.5678916148944,-0.0219505496976626,-1.78050929143865,-1.91416762428751,-8.89286786408324
91,"GSED-CHN",0.249144421629021,4.60765853170267,21.6690888499071,0.131083152331503,1.25513063775509,19.5779225521048,22.1022463251566,0.158826545929816,1.26506991173462,21.563192357287,-0.433157475249544,-1.95978937560083,-0.0277433935983127,-17.4677308732586,-0.00993927397953098,-0.78566993707902,-1.98526980518213,-9.20675274925718
98,"GSED-CHN",0.268309377138946,4.60784968668898,22.5226216219026,0.126599955907315,1.29897397801221,19.5453226923902,22.9365414323595,0.153207570960786,1.2973235509714,21.6016951924269,-0.413919810456925,-1.80463044821987,-0.0266076150534706,-17.3670366853352,0.00165042704081042,0.127217843195295,-2.05637250003668,-9.51949595491746
105,"GSED-CHN",0.287474332648871,4.60804080514205,23.3797803504148,0.122346980269512,1.3422712462537,19.5127832194553,23.7746843400378,0.147879597108205,1.32930606296216,21.6402591331744,-0.394903989622971,-1.66102726738597,-0.0255326168386929,-17.2658144449842,0.0129651832915403,0.975334699267776,-2.12747591371906,-9.83110183952304
112,"GSED-CHN",0.306639288158795,4.60823188707584,24.2401258130058,0.118315382747948,1.38487387155701,19.4803040112569,24.616190517143,0.142830838464002,1.36072377712258,21.6788842660144,-0.376064704137253,-1.52771284360737,-0.0245154557160541,-17.1639794176752,0.0241500944344386,1.77479770990017,-2.19858025475753,-10.1415747590119
119,"GSED-CHN",0.32580424366872,4.60842293250429,25.1031413540987,0.114495844929353,1.42666045388275,19.4478849473761,25.4604774427507,0.138049110423653,1.39136660137312,21.7175706806101,-0.357336088651973,-1.40349327484319,-0.0235532654942996,-17.0615119662982,0.0352938525096314,2.5366321481916,-2.269685733234,-10.4509190581819
126,"GSED-CHN",0.344969199178645,4.60861394144136,25.9680610963051,0.110878856555182,1.46753126007866,19.4155259088258,26.3067157630454,0.13352236591651,1.42106434645698,21.7563184687209,-0.338654666740339,-1.28733160684416,-0.0226435093613279,-16.9585890767444,0.046466913621678,3.26986696538619,-2.3407925598951,-10.7591390669357
133,"GSED-CHN",0.364134154688569,4.60880491390098,26.8339328413895,0.107454372481067,1.50741282856503,19.3832267793014,27.1539132443768,0.129238102775583,1.44967539849667,21.7951277260052,-0.319980402987344,-1.1783951731289,-0.021783730294516,-16.8555014555905,0.0577374300683562,3.98278332709726,-2.41190094670374,-11.066239101806
140,"GSED-CHN",0.383299110198494,4.60899584989709,27.699771236722,0.104212693675178,1.54628034520491,19.3509874436864,28.0009151016705,0.125184103577787,1.47718898886431,21.8339985497556,-0.301143864948514,-1.07547865437637,-0.0209714099026089,-16.7524544277123,0.0690913563406008,4.67721847789562,-2.48301110606919,-11.3722234633793
147,"GSED-CHN",0.402464065708419,4.6091867494436,28.5643846668722,0.101144815761632,1.58413620034854,19.3188077869016,28.8463237974274,0.12134883744206,1.5036476921354,21.8729310381277,-0.28193913055523,-0.977383227530623,-0.0202040216804282,-16.6495387234961,0.0804885082131408,5.35288343367424,-2.55412325122614,-11.6770964383965
154,"GSED-CHN",0.421629021218344,4.60937761255443,29.4262424164864,0.0982420712554104,1.62101929546891,19.2866876953296,29.6885188990723,0.11772120355404,1.5291689058997,21.9119252919543,-0.262276482585921,-0.883427305611116,-0.0194791322986294,-16.5468341390916,0.0918503895692069,6.00655618976021,-2.6252375966246,-11.9808623005326
161,"GSED-CHN",0.440793976728268,4.60956843924349,30.2834667891818,0.0954958898051155,1.65696781786171,19.2546270573426,30.5255549781439,0.11429022515371,1.55387374073021,21.9509814150942,-0.242088188962089,-0.793067281284233,-0.0187943353485942,-16.4443943682127,0.103094077131501,6.6346495490074,-2.69635435775161,-12.2835253092488
168,"GSED-CHN",0.459958932238193,4.60975922952466,31.1340121591767,0.0928981118864596,1.69200623083044,19.222625761454,31.3554184111522,0.111045626275557,1.57784313855664,21.9900995115415,-0.221406251975495,-0.706117995531985,-0.018147514389097,-16.342394561371,0.114163092273796,7.23538921481315,-2.76747375008756,-12.585089706552
175,"GSED-CHN",0.479123887748118,4.60994998341185,31.9757157220068,0.0904409455466068,1.72615869088251,19.1906836968635,32.1760663041136,0.107977749640864,1.6011334430171,22.0292796865297,-0.20035058210685,-0.622669596131569,-0.017536804094257,-16.24112759581,0.125025247865405,7.80854640259173,-2.83859598966623,-12.8855597189678
182,"GSED-CHN",0.498288843258042,4.61014070091894,32.8062824253357,0.088117376575596,1.75947782915684,19.1588007520081,32.9853600847282,0.105077745423079,1.62383448766318,22.0685220440563,-0.179077659392512,-0.542900422892222,-0.0169603688474833,-16.1407810751887,0.135643341493658,8.35327384189618,-2.90972129204824,-13.1849395543546
189,"GSED-CHN",0.517453798767967,4.61033138205979,33.6232425278658,0.0859211347479356,1.7920648499311,19.1269768134869,33.7809942585681,0.102337552973776,1.64612917345313,22.1078266842036,-0.157751730702344,-0.466983681696499,-0.0164164182258409,-16.0414410436875,0.145935676477974,8.86538425000033,-2.98084987071675,-13.4832333964632
196,"GSED-CHN",0.536618754277892,4.61052202684827,34.4241742150717,0.083845990811652,1.82402218404175,19.0952117689879,34.5606219013791,0.099749167079126,1.6682061126804,22.1471937085274,-0.136447686307356,-0.394806802657424,-0.0159031762674739,-15.9431669788869,0.155816071361353,9.34033691502274,-3.05198193953949,-13.7804454131107
203,"GSED-CHN",0.555783709787817,4.61071263529825,35.2071657404779,0.0818857731435504,1.85543966709026,19.063505507939,35.3223274381368,0.0973047058939671,1.69017820532055,22.1866232206483,-0.11516169765887,-0.326030887575466,-0.0154189327504167,-15.8460298592534,0.165261461769711,9.7777536859416,-3.12311771270927,-14.076579755511
210,"GSED-CHN",0.574948665297741,4.61090320742357,35.9710547788288,0.0800345563023978,1.88637714808849,19.0318579208091,36.0649544780831,0.0949965814522839,1.71203296185354,22.2261153247376,-0.0938996992542656,-0.260362727786969,-0.0149620251498861,-15.7500669194095,0.174344186234947,10.1834596716054,-3.19425740392852,-14.3716405555285
217,"GSED-CHN",0.594113620807666,4.61109374323807,36.7153908216017,0.0782868227122158,1.91686728030537,19.0002688988104,36.7880410709294,0.0928175615450034,1.73367880035946,22.2656701265734,-0.0726502493276797,-0.197483332117647,-0.0145307388327876,-15.655161147217,0.183188479945912,10.5664601717418,-3.26540122776305,-14.665631931131
224,"GSED-CHN",0.613278576317591,4.6112842427556,37.440221258791,0.0766372846384903,1.94693639136406,18.9687383343453,37.4915677565501,0.0907606162824175,1.75500477289749,22.3052877338007,-0.051346497759134,-0.136954789654437,-0.0141233316439272,-15.5610794884644,0.191931618466568,10.9362448142913,-3.33654939945534,-14.9585579853303
231,"GSED-CHN",0.632443531827515,4.61147470598997,38.1461251521641,0.0750810180985187,1.97659160916388,18.9372661203686,38.1759050292938,0.088819167406161,1.7758754951537,22.3449682541424,-0.0297798771296627,-0.0780069971014741,-0.0137381493076423,-15.467550202108,0.200716114010181,11.3023753386951,-3.40770213377371,-15.2504228021984
238,"GSED-CHN",0.65160848733744,4.611665132955,38.8341846200929,0.0736135650493141,2.00580948614912,18.9058521501503,38.8418297768653,0.0869872519449048,1.79610289503172,22.3847117956989,-0.0076451567723339,-0.0196827925364306,-0.0133736868955907,-15.3743066904346,0.209706591117403,11.675644624675,-3.4788596455486,-15.5412304491543
245,"GSED-CHN",0.670773442847365,4.61185552366451,39.5058678475492,0.0722309294140423,2.03454156237661,18.8744963169708,39.4905474584911,0.0852594733157654,1.81545884064666,22.4245184673372,0.0153203890581324,0.0387950789343597,-0.0130285439017231,-15.2810513542241,0.219082721729955,12.0676226210625,-3.55002215036634,-15.8309849798433
252,"GSED-CHN",0.68993839835729,4.6120458781323,40.1627916982829,0.0709294920865552,2.06275938547094,18.8431985128253,40.123533174021,0.0836310258611108,1.83375918385239,22.4643883765856,0.0392585242619816,0.0978441357387753,-0.0127015337745556,-15.1875857599182,0.229000201618544,12.4880193449096,-3.62118986376026,-16.1196904320555
259,"GSED-CHN",0.709103353867214,4.61223619637215,40.8062827268977,0.0697056100079913,2.09045036737845,18.8119586303207,40.7420415927977,0.082097294563665,1.85086874031536,22.5043216318409,0.0642411341000013,0.157677749048682,-0.0123916845556738,-15.0939012321097,0.239581627063094,12.9442797236001,-3.69236300152016,-16.4073508276558
266,"GSED-CHN",0.728268309377139,4.61242647839787,41.4372555248031,0.0685554388105707,2.11761860179831,18.7807765626183,41.3470325279124,0.0806536553312006,1.86669438154953,22.5443183421308,0.0902229968907093,0.218209122576818,-0.0120982165206299,-15.0002085720096,0.250924220248778,13.4421693625331,-3.76354177951253,-16.6939701719844
273,"GSED-CHN",0.747433264887064,4.61261672422323,42.056562227062,0.0674751184125972,2.14429423142687,18.7496522021752,41.939447715524,0.079295648071037,1.88121272134413,22.5843786142882,0.117114511538084,0.27924667089675,-0.0118205296584399,-14.906908444522,0.263081510082736,13.9846763259587,-3.83472641211297,-16.9795524490849
280,"GSED-CHN",0.766598220396988,4.612806933862,42.6650844726375,0.0664610557395383,2.1705392972727,18.7185854380586,42.5202660212089,0.0780191763673757,1.89445970664651,22.6245025480407,0.144818451428598,0.340586889452581,-0.0115581206278374,-14.8144612209345,0.276079590626198,14.5729988163698,-3.90591710998212,-17.2641016158845
287,"GSED-CHN",0.785763175906913,4.61299710732794,43.2637295943588,0.0655097051984521,2.1964084524143,18.6875761598841,43.0905498386006,0.076820197154479,1.90646608765866,22.6646902445228,0.173179755758142,0.401897298611415,-0.011310491956027,-14.7233310704508,0.289942364755641,15.2083672839794,-3.97711408463874,-17.5476216164033
294,"GSED-CHN",0.804928131416838,4.61318724463481,43.8535566286454,0.0646175181030288,2.22195122495092,18.6566242590087,43.6515138736002,0.0756946823395366,1.91727590960666,22.7049418081667,0.202042755045191,0.46285394735733,-0.0110771642365077,-14.6340058431317,0.30467531534426,15.891052185951,-4.04831754915802,-17.8301163833059
301,"GSED-CHN",0.824093086926763,4.61337734579636,44.4355860504608,0.0637808776277822,2.24721507961222,18.6257296280663,44.2043081235949,0.0746386501577895,1.9269448404801,22.7452573455479,0.231277926865872,0.523202232278402,-0.0108577725300072,-14.5471180240444,0.320270239132115,16.6206230922686,-4.11952771748166,-18.1115898356191
308,"GSED-CHN",0.843258042436687,4.61356741082632,45.0107946180247,0.062996052981028,2.27224889603664,18.5948921610228,44.7500459604097,0.0736480028973323,1.93554440915666,22.7856369660223,0.260748657615061,0.582677966064537,-0.0106519499163043,-14.4633248659213,0.336704486879973,17.3958543801472,-4.19074480499951,-18.3920458806954
315,"GSED-CHN",0.862422997946612,4.61375743973843,45.5800687998039,0.0622593974591228,2.29709225607769,18.5641117526443,45.2897213618883,0.0727186816610894,1.94314509363897,22.8260807810914,0.290347437915642,0.641089035623814,-0.0104592842019666,-14.3832148260235,0.353947162438724,18.2151689854451,-4.26196902844703,-18.6714884141545
322,"GSED-CHN",0.881587953456537,4.61394743254642,46.1441986402316,0.0615673274033424,2.32177432520403,18.5333882977434,45.8242113576699,0.0718466946773609,1.94979354056637,22.8665889039697,0.319987282561669,0.698293048764299,-0.0102793672740186,-14.3073628093536,0.371980784637656,19.0779575836323,-4.33320060622621,-18.9499213215574
329,"GSED-CHN",0.900752908966461,4.614137389264,46.7037210899534,0.0609163458274936,2.34632778452559,18.5027216912836,46.3541362582107,0.0710281554607347,1.95555085171084,22.9071614491559,0.349584831742682,0.754161030625957,-0.010111809633241,-14.2363398959881,0.390776932814749,19.9829594036316,-4.40443975787227,-19.2273484763629
336,"GSED-CHN",0.919917864476386,4.61432730990487,47.2589197490107,0.0603030028170979,2.37079262889391,18.4721118286295,46.8798810070546,0.0702592176304483,1.96050826200705,22.9477985324359,0.379038741956101,0.808531791919572,-0.00995621481335042,-14.1706884151748,0.410284366886865,20.9274490109438,-4.47568670380645,-19.5037737388195
343,"GSED-CHN",0.939082819986311,4.61451719448275,47.8099054407738,0.0597241058470641,2.3951956037818,18.441558605345,47.4016648057999,0.0695362447948385,1.96473522592134,22.9885002701889,0.408240634973858,0.861236913611327,-0.00981213894777446,-14.1108266296583,0.430460377860456,21.9093327274466,-4.5469416648439,-19.7792009544019
350,"GSED-CHN",0.958247775496235,4.61470704301131,48.3566617895053,0.0591766310233947,2.41954667889273,18.4110619171878,47.9195589772843,0.0688557054896996,1.9682980932635,23.0292667793845,0.437102812221049,0.912159505533539,-0.00967907446630492,-14.0570405857694,0.451248585629234,22.9258254719462,-4.61820486219671,-20.0536339538646
357,"GSED-CHN",0.97741273100616,4.61489685550426,48.8989901412586,0.0586576417326899,2.44383396320859,18.3806216602957,48.4333796487574,0.068214095273801,1.97123830784346,23.0700981791395,0.465610492501192,0.961342148488985,-0.00955645354111103,-14.0094998002288,0.472595655365125,23.9745571849274,-4.68947651884385,-20.3270765578457
364,"GSED-CHN",0.996577686516085,4.61508663197525,49.4363340964139,0.0581643051253041,2.46806301064195,18.3502377310399,48.9425121563186,0.0676080170684282,1.97364727081367,23.1109945889577,0.493821940095359,1.00898363884169,-0.0094437119431241,-13.968331497677,0.494415739828284,25.0508663396805,-4.76075685791782,-20.599532571361
371,"GSED-CHN",1.01574264202601,4.61527637243798,49.9678882377984,0.0576941951458427,2.49225031197221,18.3199100259077,49.4461181145905,0.0670344887782894,1.97564985330535,23.1519561281235,0.521770123207936,1.05522969871718,-0.00934029363244661,-13.9335643527301,0.516600458666858,26.1483813947376,-4.83204610221587,-20.8710057822985
378,"GSED-CHN",1.03490759753593,4.61546607690609,50.4928286200157,0.057245159549011,2.51640889080687,18.2896384426732,49.9433818546952,0.0664907978818753,1.97736583576975,23.1929829179045,0.54944676532044,1.10013928756165,-0.00924563833286438,-13.9051396996165,0.539043055037115,27.2606639239964,-4.9033444752313,-21.1414999639655
385,"GSED-CHN",1.05407255304586,4.61565574539324,51.0104855364279,0.0568153534941866,2.54053230616381,18.2594228797548,50.4337294506991,0.065974555429408,1.97886067735471,23.2340750802806,0.57675608572886,1.14359198102266,-0.00915920193522141,-13.8829308899575,0.561671628809101,28.3835863351396,-4.97465220052584,-21.4110188735163
392,"GSED-CHN",1.07323750855578,4.61584537791307,51.5202680238131,0.0564031323645582,2.56460331775196,18.2292632359596,50.9167568938537,0.0654835511946257,1.98015844695415,23.2752327379385,0.603511129959386,1.18528980786724,-0.00908041883006753,-13.8667171593662,0.584444870797814,29.5150558126699,-5.04596950197883,-21.6795662530752
399,"GSED-CHN",1.09240246406571,4.61603497447923,52.0216411789204,0.0560068039035312,2.58859485038725,18.1991594110955,51.3920789810808,0.0650155373289068,1.98126949592111,23.3164560156275,0.629562197839611,1.22501796059151,-0.00900873342537565,-13.8562777383526,0.60732535446614,30.6533440158675,-5.11729660453199,-21.9471458316915
406,"GSED-CHN",1.11156741957563,4.61622453510535,52.5141587522983,0.055624628827953,2.61246393025723,18.1691113054262,51.8592784565666,0.0645682452777315,1.98217799495883,23.3577450390861,0.654880295731729,1.2628025595848,-0.00894361644977856,-13.8514162980716,0.630285935298401,31.7976456655949,-5.18863373365986,-22.2137613240378
413,"GSED-CHN",1.13073237508556,4.61641405980505,52.9974953012156,0.0552550541534135,2.63615915925978,18.1391188188452,52.3179788496527,0.0641395757029495,1.98284122284894,23.3990999324301,0.679516451562961,1.29882015036495,-0.00888452154953599,-13.8518558193821,0.653317936410848,32.9485754523584,-5.2599811135849,-22.4794164253079
420,"GSED-CHN",1.14989733059548,4.61660354859194,53.4714930257295,0.054896784730571,2.6596222642516,18.1091818501952,52.7679293966109,0.0637277076586084,1.98318438154515,23.4405208170054,0.703563629118541,1.33331672696585,-0.00883092292803741,-13.8572737863803,0.67643788270645,34.1086733538825,-5.33133896681026,-22.7441148105486
427,"GSED-CHN",1.16906228610541,4.61679300147963,53.9362079845986,0.0545488884725168,2.68279524617336,18.0793002964049,53.2091083149389,0.0633312013970063,1.9831220965035,23.4820078115005,0.727099669659765,1.36649474626814,-0.00878231292448947,-13.8672766831558,0.699673149669858,35.2813954775387,-5.4027075150956,-23.0078601389851
434,"GSED-CHN",1.18822724161533,4.61698241848173,54.3917506325084,0.0542105788030447,2.7056230136314,18.0494740542939,53.6415715261155,0.0629487794042551,1.98258147827209,23.5235610350981,0.750179106392878,1.39850322250095,-0.0087382006012104,-13.8814456513826,0.723041535359312,36.4697009067933,-5.47408698080423,-23.2706560568643
441,"GSED-CHN",1.20739219712526,4.61717179961182,54.8382526426632,0.0538812011725342,2.72804077050232,18.0197030202689,54.0654479557948,0.0625793380124356,1.98146918934581,23.565180606094,0.772804686868426,1.42938737416971,-0.00869813683990142,-13.8993749633033,0.74657158115651,37.6776780164314,-5.5454775858251,-23.5325061942917
448,"GSED-CHN",1.22655715263518,4.61736114488348,55.2758062295994,0.0535603838525202,2.74998497745785,17.9899870899436,54.480857866616,0.0622219658053174,1.97969654178263,23.6068666415576,0.794948362983433,1.45913334354919,-0.00866158195279722,-13.9204569330033,0.770288435675223,38.909419672048,-5.61687955161398,-23.7934141658852
455,"GSED-CHN",1.24572210814511,4.61755045431031,55.7044423184754,0.0532477501374533,2.77139748616119,17.9603261595488,54.8879063791438,0.0618757540378542,1.97717935323839,23.648619259247,0.816535939331601,1.48764271257004,-0.00862800390040089,-13.9440787988175,0.794218132922799,40.169250787591,-5.68829309969813,-24.0533835711103
462,"GSED-CHN",1.26488706365503,4.61773972790585,56.1239796526827,0.0529430198000085,2.79225122975967,17.9307201239243,55.2864211734894,0.0615399602739713,1.97388556637004,23.6904385732565,0.837558479193284,1.51494428725096,-0.00859694047396287,-13.9696880460922,0.818365663389638,41.4596305547037,-5.75971844933223,-24.3124179888937
469,"GSED-CHN",1.28405201916496,4.61792896568369,56.5341010827352,0.0526461691440304,2.8125560663467,17.9011688755431,55.6759961873222,0.061214149450964,1.96985827204725,23.7323246928083,0.858104895413042,1.5412474929518,-0.00856798030693356,-13.996731774893,0.842697794299448,42.7796154808459,-5.83115581726518,-24.5705209782176
476,"GSED-CHN",1.30321697467488,4.61811816765736,56.9346216152518,0.0523573017729451,2.83233597438654,17.8716723062775,56.0563753704219,0.0608980616746911,1.96516055846099,23.7742777260991,0.878246244829938,1.56671964433388,-0.00854075990174593,-14.0246826694903,0.867175415925551,44.1274588069627,-5.90260541982156,-24.827696083241
483,"GSED-CHN",1.3223819301848,4.61830733384041,57.3255339836034,0.0520765049279684,2.85161142455309,17.8422303083832,56.4274887294342,0.0605915062044637,1.95983793229947,23.8162977811127,0.898045254169212,1.59150313861259,-0.00851500127649525,-14.0531269312925,0.891773492253619,45.5024100491465,-5.97406747272954,-25.0839468318506
490,"GSED-CHN",1.34154688569473,4.61849646424639,57.7069906382046,0.0518038767679238,2.87041023583605,17.8128427743102,56.7893966498698,0.0602943276626496,1.95393626470559,23.8583849661999,0.917593988334836,1.61578400628586,-0.00849045089472581,-14.0816743860723,0.916473971130459,46.9039849295468,-6.04554219188973,-25.3392767383644
497,"GSED-CHN",1.36071184120465,4.61868555888882,58.0793211759493,0.0515396053220157,2.88877526049673,17.7835095964869,57.1422869160328,0.0600064274110238,1.94752421359684,23.9005393903697,0.937034259916501,1.63982631863057,-0.00846682208900806,-14.1098586506628,0.941251046899893,48.3306466912428,-6.11702979388282,-25.5936893053868
504,"GSED-CHN",1.37987679671458,4.61887461778123,58.4430596846002,0.051283891024583,2.90674500605795,17.7542306674274,57.4865294129504,0.0597277178124856,1.94066298769613,23.9427611625728,0.956530271649768,1.66392071571864,-0.00844382678790266,-14.1371997745033,0.966082018361822,49.7810297041174,-6.18853049514539,-25.8471880211514
511,"GSED-CHN",1.3990417522245,4.61906364093713,58.7987843737408,0.051036915946193,2.92434361482082,17.7250058795592,57.8226111905524,0.0594580795029153,1.93339878246194,23.9850503912954,0.976173183188422,1.68822051285695,-0.0084211635567223,-14.1631946862821,0.990944832358879,51.2540320883536,-6.26004451173619,-26.099776359061
518,"GSED-CHN",1.41820670773443,4.61925262837003,59.1470083043625,0.0507987642602033,2.9415932537601,17.6958351259272,58.1510435190111,0.0591973124415746,1.92578204167072,24.0274071851122,0.995964785351326,1.71272040032389,-0.00839854818137133,-14.1873808708129,1.01581121208938,52.7479844608017,-6.33157205918508,-26.351457776552
525,"GSED-CHN",1.43737166324435,4.61944158009342,59.4883607924109,0.0505694898474924,2.95851800122212,17.66671829834,58.4724358219922,0.0589452913549886,1.91785602193905,24.0698316484731,1.01592497041869,1.7374425336264,-0.00837580150749621,-14.2094496692777,1.04066197928307,54.2617364066207,-6.40311335013314,-26.6022357100255
532,"GSED-CHN",1.45653661875428,4.61963049612081,59.8234663417345,0.0503489915189587,2.97514596870095,17.6376552889296,58.7872975805518,0.058701766836011,1.90966083639602,24.1123238857134,1.03616876118277,1.76257253493068,-0.00835277531705229,-14.2291719095723,1.06548513230493,55.7944694679787,-6.47466859678382,-26.8521135808899
539,"GSED-CHN",1.4757015742642,4.61981937646568,60.1527301182545,0.0501371290612639,2.99151342963857,17.6086459902541,59.0958795000685,0.0584664798576337,1.90125180906692,24.1548840009172,1.05685061818601,1.78836600305574,-0.00832935079636972,-14.2463695721921,1.09026162057165,57.3444093713561,-6.54623801066304,-27.1010947948021
546,"GSED-CHN",1.49486652977413,4.62000822114149,60.4763771809735,0.0499336976899016,3.00765635549073,17.5796902952224,59.398283992077,0.0582391015769008,1.89267762462774,24.1975120976868,1.07809318889643,1.81502413275144,-0.00830540388699927,-14.2608722698659,1.11497873086299,58.9101237503293,-6.61782180246438,-27.349182741382
553,"GSED-CHN",1.51403148528405,4.62019703016173,60.7945427364948,0.0497383565006533,3.02361412963053,17.5507880980386,59.6946074153252,0.0580191798295188,1.88398107008399,24.2402082810287,1.09993532116959,1.84260416274587,-0.00828082332886555,-14.2725618548859,1.13963305954654,60.4906852644613,-6.68942018299008,-27.5963807960573
560,"GSED-CHN",1.53319644079398,4.62038580353985,61.1074676255202,0.0495507208660186,3.03942391540109,17.5219392935897,59.9851117195122,0.0578062120178318,1.87520862581969,24.2829726570257,1.12235590600802,1.87105745715054,-0.00825549115181312,-14.281321788161,1.1642152895814,62.0845741402505,-6.76103336343597,-27.8426923216084
567,"GSED-CHN",1.5523613963039,4.62057454128931,61.4154412028085,0.0493704158112066,3.05511116614182,17.4931437774602,60.2701431370267,0.0575996626114754,1.86638783903032,24.3258053335742,1.14529806578184,1.90027434177145,-0.00822924680026877,-14.2869704910898,1.1887233271115,63.691120476283,-6.83266155611395,-28.0881206702892
574,"GSED-CHN",1.57152635181383,4.62076324342355,61.7186614892541,0.0491969702329483,3.07069517479034,17.4644014458081,60.5499932703141,0.0573989567134871,1.85753858090124,24.3687064200062,1.16866821893994,1.93008810706657,-0.00820198648053888,-14.2894347740151,1.2131565938891,65.3099002283175,-6.90430497419808,-28.3326691831693
581,"GSED-CHN",1.59069130732375,4.62095190995601,62.017186983247,0.0490298820187687,3.08619105433638,17.4357121945467,60.8247776536152,0.0572035701194989,1.84867716833264,24.4116760249941,1.19240932963173,1.96040063873683,-0.00817368810073016,-14.2887726826407,1.23751388600375,66.9405079048976,-6.97596383044742,-28.5763411873278
588,"GSED-CHN",1.60985626283368,4.62114054090013,62.3110429018349,0.0488688361275371,3.10162543362204,17.4070759180784,61.0945625327697,0.057013285643265,1.83983992894014,24.4547142519262,1.21648036906514,1.99114343181138,-0.00814444951572788,-14.285178312101,1.2617855046819,68.5812654043638,-7.04763833384775,-28.8191399876719
595,"GSED-CHN",1.6290212183436,4.62132913626933,62.6003622310441,0.0487135253965203,3.11703294346789,17.3784925105841,61.3595851572062,0.0568278864177542,1.83107850806944,24.4978212028908,1.24077707383789,2.02214058432592,-0.00811436102123396,-14.2788365584874,1.28595443539845,70.2293446038133,-7.1193286923067,-29.0610688736131
602,"GSED-CHN",1.64818617385353,4.62151769607702,62.8853855453999,0.0485635821983917,3.13244282028991,17.3499618663722,61.6202670878881,0.0566470908310811,1.82242373342623,24.5409969796059,1.2651184575118,2.05308824076888,-0.00808350863268938,-14.2699448711215,1.31001908686368,71.8833421029255,-7.19103511323363,-29.3021311204657
609,"GSED-CHN",1.66735112936345,4.62170622033661,63.1663491265639,0.0484185774513165,3.14788604480125,17.3214838798578,61.8769684135654,0.0564705848784001,1.8139106813847,24.584241683126,1.28938071299858,2.0837813261645,-0.0080520074270836,-14.2587639997394,1.33397536341656,73.5414029536577,-7.26275780326822,-29.5423299887797
616,"GSED-CHN",1.68651608487337,4.6218947090615,63.4434466123621,0.0482780730328548,3.16341746812878,17.2930584443713,62.1299110060349,0.0562980653122974,1.80563420231511,24.6275554111427,1.31353560632722,2.11417590184482,-0.00801999227944265,-14.2455912737925,1.35778326581367,75.1970285051523,-7.33449696677145,-29.7816687215856
623,"GSED-CHN",1.7056810403833,4.62208316226509,63.7169599155431,0.048141677261825,3.17909076075385,17.2646854535749,62.3793459687965,0.0561292420024268,1.79769651312218,24.6709382620338,1.33761394674659,2.14432185200481,-0.00798756474060179,-14.2306656132225,1.38139424763168,76.8424613135907,-7.40625280845885,-30.0201505504003
630,"GSED-CHN",1.72484599589322,4.62227157996076,63.9873039668526,0.0480090894351434,3.19496621969815,17.2363648006851,62.6255723800603,0.0559639316948193,1.79022458754033,24.7143903327173,1.36173158679223,2.17440182187588,-0.00795484225967588,-14.2142305209273,1.40474163215782,78.4673410216013,-7.47802553203221,-30.25777869233
637,"GSED-CHN",1.74401095140315,4.62245996216189,64.2547093584664,0.047879985009643,3.21111469985057,17.2080963789076,62.8687394709628,0.0558020056042209,1.78338010263418,24.7579117187027,1.38596988750363,2.2045453736889,-0.0079220205945779,-14.1966592576713,1.42773459721639,80.0577843785254,-7.54981533979511,-30.4945563485946
644,"GSED-CHN",1.76317590691307,4.62264830888185,64.5191538469811,0.0477541139558977,3.22760695232045,17.1798800810141,63.1087532876377,0.0556434119565426,1.77732326832608,24.8015025143463,1.41040055934339,2.23487311326695,-0.00788929800064498,-14.1783145986923,1.45028368399437,81.5993190344196,-7.62162243333223,-30.7304867070999
651,"GSED-CHN",1.782340862423,4.622836620134,64.7805765729091,0.0476313668990548,3.24448878236018,17.1517157980422,63.345482072719,0.055488208915739,1.77214926710267,24.8451628084205,1.43509450019011,2.26550411052624,-0.00785684201668422,-14.1594803116012,1.47233951525751,83.0821388801339,-7.69344701037829,-30.9655729354723
658,"GSED-CHN",1.80150581793292,4.62302489593171,65.0390116170419,0.0475116867638118,3.26178984367805,17.1236034207005,63.5788940851017,0.0553365028372676,1.76791342579669,24.8888926872569,1.4601175319402,2.29654440038828,-0.00782481607345582,-14.1404239015011,1.49387641788136,84.49941021338,-7.76528926655637,-31.1998181844876
665,"GSED-CHN",1.82067077344285,4.62321313628831,65.2946687417366,0.0473951406172906,3.27952633700762,17.0955428392026,63.8091688160579,0.0551885705929975,1.76464448748635,24.9326922359461,1.48549992567869,2.32803522321522,-0.00779342997570687,-14.1214564754386,1.51488184952127,85.8462914351178,-7.8371493967435,-31.4332255922387
672,"GSED-CHN",1.83983572895277,4.62340134121714,65.5479079648621,0.0472817287030562,3.29770531225909,17.0675339442838,64.0366385103824,0.0550446523424702,1.76235886816625,24.9765615406881,1.51126945447967,2.36000747327586,-0.00776292363941403,-14.1029569795729,1.53534644409283,87.1188310068979,-7.90902759640439,-31.6657982866063
679,"GSED-CHN",1.8590006844627,4.62358951073155,65.7990931706412,0.0471713444355057,3.3163274655137,17.0395766278326,64.261688463405,0.0549049143366016,1.76105725054283,25.0205006888387,1.53740470723625,2.39241256182018,-0.0077335699010959,-14.0853874275885,1.55527021497086,88.314574355346,-7.98092406100612,-31.8975393828402
686,"GSED-CHN",1.87816563997262,4.62377764484485,66.0485711520527,0.0470638117135449,3.3353838931588,17.011670782528,64.484751790085,0.0547694784062003,1.76070946342184,25.0645097680423,1.56381936196779,2.42509945150822,-0.00770566669265536,-14.0692716397734,1.57467442973696,89.4340867957098,-8.0528389855143,-32.1284519826589
693,"GSED-CHN",1.89733059548255,4.62396574357036,66.2966251023302,0.0469588716191969,3.35486372956419,16.9838163013848,64.7062330798275,0.0546383489302954,1.76127094570624,25.1085888665851,1.59039202250271,2.45786525780393,-0.00767947731109853,-14.0551049975825,1.59359278385795,90.4797065859133,-8.12477256520029,-32.3585391770577
700,"GSED-CHN",1.91649555099247,4.6241538069214,66.5434226520386,0.0468562839121054,3.3747608245762,16.9560130770071,64.9264011349243,0.0545115256100163,1.76269979528046,25.152738072631,1.6170215171143,2.49054543120901,-0.00765524169791084,-14.0433451682817,1.61206102929575,91.4540884166414,-8.19672499562397,-32.5878040472377
707,"GSED-CHN",1.9356605065024,4.62434183491126,66.788956412878,0.0467557366446691,3.39507897708849,16.9282610022988,65.1452810536726,0.0543889119842349,1.7649722697789,25.1969574748896,1.64367535920547,2.52309197630334,-0.00763317533956575,-14.0344328670857,1.63010670730958,92.358771592133,-8.26869647259074,-32.8162496635994
714,"GSED-CHN",1.95482546201232,4.62452982755325,67.0331572165603,0.046656875210529,3.41583259901414,16.9005599703707,65.3627396611888,0.0542703491695267,1.76807716229082,25.2412471624558,1.67041755537154,2.55561129173936,-0.00761347395899774,-14.0287911824838,1.64775543672332,93.194769542094,-8.34068719208508,-33.043879085702
721,"GSED-CHN",1.97399041752225,4.62471778486064,67.2760073292162,0.0465593374740917,3.43703706378929,16.8729098743186,65.5786791457185,0.0541556596914136,1.77200499286,25.285607223978,1.69732818349775,2.58823173264319,-0.00759632221732194,-14.0268298098607,1.66503207092929,93.9631703995336,-8.41269734965944,-33.2706953609633
728,"GSED-CHN",1.99315537303217,4.62490570684673,67.5174586418149,0.0464628736791127,3.45870962603345,16.8453106065599,65.7930278194107,0.0540447401672423,1.77675306798888,25.330037747,1.72443082240424,2.62099325651569,-0.00758186648812958,-14.0288702742716,1.68195655804456,94.6646210071488,-8.48472714044008,-33.4967015256224
735,"GSED-CHN",2.01232032854209,4.62509359352477,67.7574142258208,0.0463673036763168,3.48085868367317,16.8177620597709,66.0056852208026,0.0539375022857536,1.78231009306426,25.3745388197072,1.75172900501815,2.65390624937572,-0.00757019860943684,-14.0351300832044,1.69854859060892,95.3003967838542,-8.55677675993633,-33.7219006056996
742,"GSED-CHN",2.03148528405202,4.62528144490804,67.9957731893027,0.0462723812256091,3.50347911128891,16.7902641274168,66.2165637177552,0.0538337438859594,1.78865161493194,25.4191105313703,1.7792094715475,2.6869553049163,-0.00756136266035037,-14.0457677927217,1.71482749635697,95.8726384747777,-8.62884640395351,-33.9462956160659
749,"GSED-CHN",2.05065023956194,4.6254692610098,68.2323862983521,0.046177746790173,3.52655521686711,16.7628167040587,66.4255371354545,0.0537331105725721,1.79574735090224,25.4637529722743,1.80684916289762,2.72011223516809,-0.00755536378239912,-14.0609090035739,1.73080786596486,96.3837070451612,-8.7009362682156,-34.1698895590506
756,"GSED-CHN",2.06981519507187,4.6256570418433,68.4671148116506,0.0460831430435676,3.55005484235125,16.7354196839249,66.6325096090047,0.0536353349312177,1.80354257229987,25.5084662307673,1.83460520264589,2.75331848284154,-0.00755219188765008,-14.0806278124954,1.74651227005138,96.8378732432266,-8.7730465468424,-34.3926854224606
763,"GSED-CHN",2.08898015058179,4.62584478742177,68.6998580423647,0.0459885579709915,3.5739386261926,16.7080729599607,66.8374122927111,0.0535403377607883,1.81196180184187,25.5532503924838,1.86244574965359,2.78653180272315,-0.00755177978979687,-14.1048415188139,1.76197682435072,97.2413890049811,-8.84517743252315,-34.6146861814685
770,"GSED-CHN",2.10814510609172,4.62603249775845,68.9305479768361,0.045894102570509,3.59816776794428,16.6807764242459,67.0402263716806,0.0534480809411608,1.82092223930349,25.5981055425285,1.89032160515552,2.81968261066916,-0.00755397837065184,-14.1333013976082,1.77724552864078,97.6013961650873,-8.91732911828266,-34.8358948027129
777,"GSED-CHN",2.12731006160164,4.62622017286658,69.1592154739776,0.0458000103317254,3.62269793748705,16.6535299675612,67.2410490935323,0.0533585852750769,1.83033146973266,25.6430317653424,1.91816638044527,2.85267170322864,-0.00755857494335149,-14.16562096687,1.79236646775439,97.9257854325248,-8.98950179778116,-35.0563142456924
784,"GSED-CHN",2.14647501711157,4.62640781275938,69.3859500652536,0.0457065744369147,3.64748149854119,16.6263334809307,67.4400226608007,0.0532718751263183,1.84008489977008,25.6880291460862,1.94592740445296,2.8854192624464,-0.0075653006894036,-14.2013035423753,1.80739659877111,98.2235438700109,-9.06169566515551,-35.2759474602828
791,"GSED-CHN",2.16563997262149,4.62659541745004,69.6109584293371,0.0456140007455054,3.67246303553295,16.5991868563614,67.6374070949736,0.0531878589943857,1.8500709007614,25.7330977712944,1.97355133436351,2.91784002244842,-0.00757385824888036,-14.2398253888727,1.82239213477155,98.5039078243729,-9.13391091493293,-35.4947973854976
798,"GSED-CHN",2.18480492813142,4.62678298695179,69.834375159575,0.0455223376410653,3.6975889248301,16.5720899870649,67.8333382201795,0.0531063199404629,1.86018841062538,25.7782377285837,2.00103693939553,2.94993139346967,-0.00758398229939762,-14.2807528518262,1.83740051420472,98.7749683693062,-9.20614774151887,-35.712866947886
805,"GSED-CHN",2.20396988364134,4.62697052127782,70.0562160898026,0.0454315675689048,3.72281557937799,16.5450427669609,68.0278435162887,0.0530270088514577,1.87036316408111,25.8234491058187,2.02837257351395,2.98167995436791,-0.0075954412825529,-14.3237219052458,1.85245241529687,99.0423919200185,-9.27840633885781,-35.9301590613902
812,"GSED-CHN",2.22313483915127,4.62715802044132,70.2764131918798,0.0453415808417531,3.74810310183402,16.5180450912024,68.2209360366592,0.052949551783991,1.88052891939561,25.8687319928966,2.05547715522056,3.01297120009615,-0.00760797094223791,-14.3683387033658,1.86757418243841,99.3111120587624,-9.35068690169414,-36.1466766297698
819,"GSED-CHN",2.24229979466119,4.62734548445547,70.494941433349,0.0452521804547175,3.77340970294215,16.4910968560954,68.4126574621178,0.0528734616184675,1.89061624693014,25.914086481511,2.08228397123119,3.0437115710411,-0.00762128116375001,-14.4141898987905,1.88279345601201,99.5862306308416,-9.42298962541563,-36.3624225462807
826,"GSED-CHN",2.26146475017112,4.62753291333346,70.7118273506889,0.0451631979968374,3.79868733586426,16.4641979582716,68.6030207015989,0.0527982780669783,1.90054126872333,25.9595126639174,2.10880664908996,3.07392681477188,-0.00763508007014099,-14.460850523298,1.89814606714093,99.8739726612722,-9.49531470564581,-36.5773996938081
833,"GSED-CHN",2.28062970568104,4.62772030708844,70.9271090229608,0.045074508610357,3.82387640476849,16.4373482939527,68.7920762935626,0.052723667853283,1.91017788955754,26.0050106300118,2.1350327293982,3.1036026886108,-0.00764915924292601,-14.5080180389038,1.91369851521096,100.184308784677,-9.56766233605919,-36.7916109406137
840,"GSED-CHN",2.29979466119096,4.62790766573358,71.1408526661856,0.044986017607605,3.84890775844132,16.4105477590433,68.9799047515649,0.0526494127526635,1.91936816001429,26.050580467563,2.16094791462073,3.13272093141258,-0.00766339514505851,-14.5555187501513,1.92953959842702,100.529936810698,-9.64003270851979,-37.0050591407094
847,"GSED-CHN",2.31895961670089,4.62809498928204,71.3530920407147,0.0448976861867045,3.87371518609262,16.3837962494555,69.1665173850746,0.0525754668535701,1.92796824576435,26.0962222626093,2.18657465564017,3.16131957818078,-0.00767778066686565,-14.6033523358895,1.94574694032827,100.922146648576,-9.71242601315373,-37.2177471337287
854,"GSED-CHN",2.33812457221081,4.62828227774695,71.5638271235964,0.0448095173193947,3.89824234108427,16.3570936612552,69.3519302686753,0.0525018687484327,1.93586553840794,26.1419361003721,2.21189685492109,3.18938037679992,-0.00769235142903799,-14.6515764341581,1.96237680267633,101.369478599748,-9.78484243911684,-37.4296777466975
861,"GSED-CHN",2.35728952772074,4.62846953114147,71.77306839916,0.0447215611179376,3.9224362222605,16.3304398911302,69.5361523906299,0.0524286999411062,1.94295174133647,26.1877220673148,2.23691600853006,3.21691081779136,-0.00770713882316865,-14.700228752241,1.97948448092403,101.88027004533,-9.85728217618456,-37.6408537972364
868,"GSED-CHN",2.37645448323066,4.62865674947871,71.9809233616197,0.0446339514978908,3.94624567825667,16.3038348356461,69.7192541833071,0.052356194168882,1.94911126578336,26.2335802492418,2.26166917831257,3.2439663975265,-0.0077222426709912,-14.7494347012353,1.99713441247331,102.463848397626,-9.92974541359569,-37.8512780918749
875,"GSED-CHN",2.39561943874059,4.62884393277181,72.1875382462632,0.0445468132671693,3.96962028128504,16.2772783920153,69.9013385795934,0.0522845792369717,1.95423284454258,26.2795107321264,2.28619966666977,3.2706092803453,-0.00773776596980233,-14.79932722559,2.01538743674246,103.129340107585,-10.0022323401111,-38.0609534251468
882,"GSED-CHN",2.41478439425051,4.62903108103389,72.3929724189029,0.0444601638232781,3.99250486284613,16.2507704586357,70.082447729003,0.0522139297683183,1.95820450714264,26.325513603801,2.31052468989989,3.29686642629022,-0.00775376594504014,-14.8499949715428,2.03430035570349,103.886001093516,-10.0747431451653,-38.2698825815526
889,"GSED-CHN",2.43394934976044,4.62921819427804,72.597290408273,0.0443739550544345,4.01484071007798,16.2243109342401,70.2626207531011,0.0521442107373841,1.96091213168281,26.3715889525932,2.33466965517182,3.32277622176337,-0.0077702556829496,-14.9014733813562,2.05392857839518,104.743529565119,-10.1472780183531,-38.4780683355649
896,"GSED-CHN",2.45311430527036,4.62940527251738,72.8005155888972,0.044288191909647,4.03658285231756,16.197899716912,70.441812912287,0.0520754236865666,1.96228095289203,26.4177368647934,2.35870267661011,3.34844118726349,-0.00778723177691956,-14.9537559670942,2.07430189942553,105.708710894248,-10.2198371478814,-38.6855134494934
903,"GSED-CHN",2.47227926078029,4.62959231576499,73.0026031424349,0.0442029898285478,4.0577056055291,16.1715367024649,70.6198920563943,0.0520077113107221,1.96228997634745,26.4639574222413,2.38271108604059,3.37399423400116,-0.00780472148217429,-15.0068543403971,2.09541562918164,106.784198790129,-10.2924207197763,-38.8922206741695
910,"GSED-CHN",2.49144421629021,4.62977932403398,73.2034812530064,0.0441184328660853,4.07817837939636,16.1452217866038,70.7967375170214,0.0519411444861622,1.96091933642194,26.5102507071635,2.40674373598495,3.39951220973467,-0.00782271162007689,-15.0607224724533,2.11725904297442,107.972776016262,-10.3650289205598,-39.0981927521302
917,"GSED-CHN",2.51060917180014,4.6299662973374,73.4030200516371,0.0440345270397786,4.09796770872077,16.1189548657155,70.9721884683752,0.0518757240377383,1.95814919058406,26.5566168028455,2.43083158326191,3.42504808675171,-0.00784119699795967,-15.1153495077108,2.13981851813671,109.277603995969,-10.43766193713,-39.303432416179
924,"GSED-CHN",2.52977412731006,4.63015323568835,73.6011236774565,0.043951274687255,4.11704275761522,16.0927358362593,71.1461312932896,0.0518115257470695,1.95397611302598,26.6030557919093,2.45499238416693,3.45063370212862,-0.00786025105981449,-15.1708542577692,2.16306664458924,110.700772141961,-10.51031995565,-39.5079423877555
931,"GSED-CHN",2.54893908281999,4.63034013909988,73.7978106755643,0.0438686692365152,4.13537952472466,16.066564595002,71.3185459375391,0.0517486632853699,1.94841179436019,26.6495677575337,2.47926473802525,3.47632541498616,-0.00787999404885471,-15.2274349685135,2.18696773036447,112.243609728436,-10.5830031625317,-39.7117253788851
938,"GSED-CHN",2.56810403832991,4.63052700758506,73.9930520455098,0.043786780110142,4.15296780837924,16.0404410383071,71.4893463158226,0.0516872880447603,1.94149195230734,26.6961527830325,2.50370572968711,3.50220817326591,-0.00790050793461829,-15.2852049962006,2.2114758560719,113.906001693373,-10.6557117447254,-39.9147840939011
945,"GSED-CHN",2.58726899383984,4.63071384115692,74.1866377619197,0.0437057139482081,4.16980919730311,16.0143650624881,71.6582961707488,0.0516275168453272,1.93327840218958,26.7428109517823,2.52834159117089,3.52833059991589,-0.00792180289711914,-15.3441485881499,2.23653079511353,115.685914278073,-10.7284458892942,-40.1171212279731
952,"GSED-CHN",2.60643394934976,4.63090063982853,74.3782243592182,0.0436255747086176,4.18591657522925,15.988336563786,71.825019615243,0.0515694076302087,1.92385800646121,26.7895423466992,2.55320474397521,3.55475676533385,-0.0079438329215911,-15.4041577878,2.26205856876804,117.5792891768,-10.8012057829132,-40.3187394660514
959,"GSED-CHN",2.62559890485969,4.63108740361291,74.567499746451,0.0435465098679705,4.20130130402368,15.9623554383319,71.9892233043192,0.0515130928012467,1.91330377764691,26.8363470499592,2.57827644213187,3.58147556507555,-0.00796658293327619,-15.4651613794841,2.28799752637678,119.58359948417,-10.8739916116273,-40.5196414824418
966,"GSED-CHN",2.64476386036961,4.63127413252308,74.7541872153045,0.0434686910242671,4.21597020291856,15.9364215825164,72.150691970789,0.0514588422217531,1.90167566904932,26.883225143561,2.6034952445155,3.60841341004678,-0.00799015119748606,-15.5272657768977,2.31429453386924,121.697646530136,-10.9468035610447,-40.7198299407413
973,"GSED-CHN",2.66392881587953,4.63146082657209,74.9380365143637,0.0433923106434403,4.22993067808417,15.9105348931442,72.3091768444411,0.0514069800246905,1.88902810024565,26.9301767103235,2.62885966992259,3.63558234880486,-0.00801466938125024,-15.5906248089284,2.34090257783851,123.921003479731,-11.0196418171792,-40.9193074955016
980,"GSED-CHN",2.68309377138946,4.63164748577293,75.1188174815176,0.0433176123651061,4.24319382718054,15.8846952673224,72.4644332471175,0.0513578316723406,1.87541127414337,26.977201834276,2.65438423440014,3.66301662133779,-0.00804021930723445,-15.6552935461343,2.36778255303717,126.254042816219,-11.0925065669535,-41.1180767934943
987,"GSED-CHN",2.70225872689938,4.63183411013861,75.2963080309077,0.0432449297394689,4.25578109940536,15.8589026020044,72.6161960840794,0.0513117407930452,1.86088515007403,27.0243006002512,2.68011194682833,3.6907908859962,-0.00806681105357637,-15.7211798487058,2.39489594933133,128.696601680982,-11.1653979982468,-41.3161404744847
994,"GSED-CHN",2.72142368240931,4.63202069968214,75.4703956999188,0.0431745467304835,4.2677142675442,15.833156794396,72.7643509377857,0.0512689843461969,1.84549819183162,27.0714730935298,2.70604476213313,3.71891555034529,-0.00809443761571346,-15.7881762608272,2.42221607571258,131.249983686442,-11.2383162991338,-41.5135011689476
1001,"GSED-CHN",2.74058863791923,4.63220725441651,75.6410670220764,0.0431066447168467,4.27901296588762,15.8074577422162,72.908892116418,0.0512297278105628,1.82928459135769,27.1187193998527,2.73217490565843,3.7473822826656,-0.0081230830937161,-15.8561902256316,2.44972837452994,133.917291278978,-11.3112616576365,-41.7101614971463
1008,"GSED-CHN",2.75975359342916,4.6323937743547,75.8083450688175,0.0430413460181959,4.28969766029067,15.7818053435309,73.0498338739564,0.0511941061601458,1.8122741322967,27.1660396047927,2.7585111948611,3.77620461070557,-0.00815276014194984,-15.9251928658473,2.47742352799397,136.702471433189,-11.3842342612618,-41.9061240684247
1015,"GSED-CHN",2.77891854893908,4.63258025950969,75.9722300650248,0.0429786611040806,4.29979620143096,15.7561994971944,73.1871870399862,0.0511621096339959,1.79450352290443,27.213433795412,2.7850430250386,3.80536967969131,-0.00818344852991535,-15.9951350490787,2.50529267852653,139.609237126026,-11.4572342982176,-42.1013914831624
1022,"GSED-CHN",2.79808350444901,4.63276670989445,76.1327700928941,0.0429185409172902,4.30934253545864,15.7306401027844,73.3210883257953,0.0511336304411185,1.77601383476458,27.2609020604945,2.81168176709883,3.83475181738355,-0.00821508952382831,-16.0659226676427,2.53332870069406,142.64127064246,-11.5302619577101,-42.2959663334814
1029,"GSED-CHN",2.81724845995893,4.63295312552195,76.2900582047699,0.042860857492834,4.31836815307303,15.7051270608151,73.451723978336,0.0511084609170066,1.7568317811609,27.3084444904171,2.83833422643386,3.86421730178995,-0.00824760342417259,-16.1374521482179,2.56153637191212,145.804305191899,-11.603317429602,-42.4898512021575
1036,"GSED-CHN",2.83641341546886,4.63313950640513,76.4442386303891,0.0428053950372764,4.3269015718747,15.6796602731285,73.5792910768917,0.0510862828803068,1.73696892640779,27.3560611776781,2.86494755349743,3.89368735627462,-0.00828088784303049,-16.2096112227078,2.58993264546691,149.106446643414,-11.6764009045496,-42.6830486622733
1043,"GSED-CHN",2.85557837097878,4.63332585255696,76.595408556661,0.0427518856995114,4.33497159546259,15.6542396423126,73.7038701821097,0.0510667049719654,1.71643715590346,27.40375221565,2.89153837455136,3.92318390799135,-0.008314819272454,-16.2822709572091,2.61853443955913,152.556382886086,-11.7495125733374,-42.8755612767048
1050,"GSED-CHN",2.87474332648871,4.63351216399037,76.743678595759,0.0427000914496738,4.34259795081766,15.6288650706377,73.8255120669985,0.0510494167104627,1.69523984497403,27.4515176964546,2.91816652876048,3.95278874071631,-0.0083493252607889,-16.3553783741425,2.64735810584363,156.164221463552,-11.8226526258169,-43.0673915976013
1057,"GSED-CHN",2.89390828199863,4.63369844071829,76.8891090610238,0.0426497913581472,4.34979459145292,15.6035364606824,73.9441872115211,0.0510341411026226,1.67337408403454,27.4993577128615,2.94492184950276,3.98262792594997,-0.00838434974447542,-16.4289034033426,2.67642050741838,159.941553592456,-11.8958212521791,-43.2585421681156
1064,"GSED-CHN",2.91307323750856,4.63388468275365,77.031741254,0.0426007496418491,4.3565746569527,15.578253715768,74.0598471113604,0.0510205222108851,1.65082776656142,27.5472723591241,2.97189414263966,4.01282781231098,-0.00841977256903607,-16.5027173462363,2.70574689039128,163.90243399087,-11.9690186433561,-43.4490155225541
1071,"GSED-CHN",2.93223819301848,4.63407089010938,77.1715538033968,0.0425526821762349,4.3629497530743,15.5530167400076,74.172398370449,0.0510081222043366,1.62757570049538,27.5952617309059,2.99915543294777,4.04349259136626,-0.00845544002810171,-16.5766541928941,2.73537405257892,168.064321170829,-12.0422449908983,-43.6388141860285
1078,"GSED-CHN",2.9514031485284,4.63425706279839,77.3085502251254,0.0425052994426859,4.36892913730941,15.5278254381998,74.2818213028861,0.050996571964451,1.60359289189499,27.6433259239054,3.02672892223931,4.07465631449416,-0.00849127252176513,-16.650673162275,2.76533624541441,172.446277318339,-12.1155004857057,-43.8279406720318
1085,"GSED-CHN",2.97056810403833,4.63444320083357,77.442838416568,0.0424583234525181,4.37451803649714,15.5026797157225,74.3881941030002,0.0509856122714297,1.57885878135521,27.6914650334848,3.05464431356783,4.1063563249543,-0.00852728881891165,-16.7248924530225,2.79565925514193,177.068353937411,-12.1887853177623,-44.0163974821249
1092,"GSED-CHN",2.98973305954825,4.63462930422784,77.5746217205368,0.0424113612384747,4.37971580937646,15.4775794789971,74.4917031673198,0.0509749336290976,1.5533442834037,27.7396791563708,3.08291855321701,4.13860661272881,-0.00856357239062282,-16.7995753617511,2.82637152597276,181.953965786619,-12.2620996773737,-44.2041871077573
1099,"GSED-CHN",3.00889801505818,4.63481537299408,77.7040881199565,0.0423640370725075,4.38452175258749,15.4525246345379,74.5925592605424,0.0509642786844726,1.52702980246604,27.7879683883438,3.11152885941409,4.17136627333822,-0.0086002416119651,-16.8750384268371,2.85749195012144,187.127451311481,-12.3354437538059,-44.3913120290589
1106,"GSED-CHN",3.0280629705681,4.63500140714517,77.831393996359,0.0423160657079259,4.38893255333645,15.427515088193,74.69093127037,0.0509535150584159,1.49989479599755,27.8363328235968,3.14046272598907,4.20461048292605,-0.00863744935049002,-16.951626086223,2.8890377573389,192.616026473874,-12.4088177354038,-44.5777747163766
1113,"GSED-CHN",3.04722792607803,4.63518740669399,77.956655854513,0.0422673526137863,4.39295747286915,15.4025507442274,74.7868949983573,0.050942737758912,1.47194046608652,27.8847725536977,3.16976085615562,4.23839077183943,-0.00867538514512577,-17.0296798459915,2.92101700678262,198.446681376237,-12.4822218094703,-44.7635776316027
1120,"GSED-CHN",3.06639288158795,4.63537337165341,78.0799510759329,0.0422180245065682,4.39661462991776,15.3776315057841,74.8805167155606,0.0509322321660285,1.44319561765974,27.9332876688934,3.19943436037232,4.27271939445293,-0.00871420765946038,-17.109416353585,2.95341901225802,204.644399977269,-12.5556561631092,-44.9487232292076
1127,"GSED-CHN",3.08555783709788,4.6355593020363,78.2012943623468,0.0421682458392147,4.3999273202213,15.3527572760686,74.9717970882158,0.0509222256648787,1.41370742680993,27.9818782602791,3.22949727413105,4.30761619643591,-0.00875397982566403,-17.1908821960657,2.98621989341136,211.233232335056,-12.6291209842104,-45.133213956326
1134,"GSED-CHN",3.1047227926078,4.63574519785551,78.320609282856,0.0421181934255726,4.4029249731761,15.3279279584026,75.0606619966668,0.0509129361123553,1.38354126851966,28.0305444188141,3.25994728618925,4.34308357996364,-0.00879474268678277,-17.2740826955539,3.01938370465645,218.235897501423,-12.7026164604115,-45.3170522506351
1141,"GSED-CHN",3.12388774811773,4.63593105912388,78.4377829715509,0.0420681071022607,4.40563854176854,15.3031434563852,75.1470583698086,0.0509046698092693,1.35276859072504,28.0792862348844,3.29072460174228,4.37904646320045,-0.00883656270700856,-17.3590414005583,3.0528699510435,225.675697379051,-12.7761427784992,-45.5002405389731
1148,"GSED-CHN",3.14305270362765,4.63611688585427,78.552723234253,0.0420182137800818,4.40810002269323,15.2784036745335,75.2309805950643,0.050897717565989,1.32145699151853,28.1281037996978,3.3217426391887,4.41539192087392,-0.0088795037859072,-17.4457799102581,3.0866430311747,233.578773352869,-12.8497001251643,-45.682781237825
1155,"GSED-CHN",3.16221765913758,4.63630267805949,78.6654051699231,0.0419686666482126,4.41034117828968,15.2537085183658,75.3124923077904,0.0508922236870427,1.28967147583495,28.1769972067874,3.35291286213263,4.45200093555501,-0.0089235570388301,-17.5342250590281,3.12066970245473,241.974003529417,-12.9232886884215,-45.8646767559339
1162,"GSED-CHN",3.1813826146475,4.63648843575238,78.775928308962,0.041919523161619,4.41239294970203,15.2290578944047,75.3917683604825,0.0508881523916536,1.25748296457761,28.2259665517811,3.38415994847948,4.48876584549425,-0.00896862923003466,-17.6241989707326,3.15490998512441,250.890872798753,-12.9969086573764,-46.045929493799
1169,"GSED-CHN",3.20054757015743,4.63667415894576,78.8844192056995,0.0418707729701127,4.41428725924363,15.204451710018,75.4689608503842,0.0508853805292026,1.22497473205696,28.2750119313745,3.41545835531531,4.52564646025323,-0.00901460755908991,-17.7155156654798,3.18931252718666,260.357413399965,-13.0705602213564,-46.2265418422444
1176,"GSED-CHN",3.21971252566735,4.63685984765245,78.9910024572031,0.0418223793781335,4.41605828614961,15.1798898730312,75.5442170976265,0.0508837380767865,1.19224176101252,28.3241334425597,3.44678535957664,4.56260649987586,-0.00906135869865301,-17.8079658475148,3.22381652513709,270.399564128607,-13.1442435695285,-46.406516182338
1183,"GSED-CHN",3.23887748117728,4.63704550188523,79.0958451358146,0.0417742878133523,4.41774109558603,15.15537229173,75.617723921539,0.0508829902860839,1.15938202213358,28.3733311827874,3.47812121427562,4.59961108837992,-0.00910870247273157,-17.9012719604703,3.25835907345245,281.042746156801,-13.2179588910573,-46.5858548857175
1190,"GSED-CHN",3.2580424366872,4.63723112165692,79.1991531252201,0.041726393748785,4.41936581673328,15.1308988751331,75.6896833256447,0.0508828139686399,1.12647946504132,28.4226052510769,3.50946979957537,4.63665541375876,-0.00915642021985485,-17.9951136851396,3.29288635169196,292.316589328255,-13.2917063759438,-46.7645603157373
1197,"GSED-CHN",3.27720739219713,4.63741670698031,79.3011470151743,0.0416785607367099,4.42095729215914,15.1064695328049,75.7602850686343,0.0508828422109636,1.09359365008972,28.4719557480396,3.54086194654,4.67377062181352,-0.00920428147425366,-18.0891653734516,3.32736364206942,304.259597867675,-13.3654862152347,-46.94263482815
1204,"GSED-CHN",3.29637234770705,4.63760225786817,79.4022025654008,0.041630680421311,4.42252955833709,15.0820841743783,75.829830606675,0.0508828122025029,1.06075812047773,28.5213827745762,3.57237195872571,4.71103776725468,-0.00925213178119182,-18.1832162585084,3.36177143785936,316.921584003085,-13.4392986001979,-47.1200807703391
1211,"GSED-CHN",3.31553730321697,4.63778777433329,79.5027928888912,0.0415827048260068,4.42409272876294,15.0577427097807,75.8986952099879,0.0508826205096029,1.02799401747771,28.5708864314806,3.60409767890327,4.74856342250926,-0.00929991568359607,-18.2771948269467,3.39609871128523,330.361719382172,-13.5131437216999,-47.2969004798205
1218,"GSED-CHN",3.3347022587269,4.63797325638843,79.6033421648302,0.0415345984764908,4.42566030111252,15.033445049555,75.9671983440295,0.050882214779082,0.995320095302391,28.6204668199721,3.63614382080068,4.78646560629211,-0.00934761630259116,-18.3710877035841,3.43034020581012,344.646935392975,-13.5870217704171,-47.4730962841449
1225,"GSED-CHN",3.35386721423682,4.63815870404636,79.7040974559658,0.0414863281673039,4.42724718628342,15.0091911049359,76.0354975187616,0.0508815529131053,0.962751971831547,28.6701240422898,3.66859993720425,4.82485162446531,-0.00939522474580143,-18.464893871943,3.46449521445187,359.853349130097,-13.6609329373539,-47.6486705017508
1232,"GSED-CHN",3.37303216974675,4.63834411731983,79.8051298752121,0.0414378951808385,4.42887186113074,14.9849807872905,76.1035941429782,0.0508806353132073,0.930301859553434,28.7198582007458,3.70153573223382,4.86381198406954,-0.00944274013236885,-18.5586128676301,3.49857000157731,376.068258452875,-13.7348774134552,-47.8236254421987
1239,"GSED-CHN",3.39219712525667,4.6385294962216,79.9065231642528,0.0413893002413492,4.43054579258899,14.9608140080308,76.1715029722541,0.0508794646877212,0.897965011475292,28.7696693980012,3.73502019199867,4.90343507250891,-0.00949016444637205,-18.6522490058004,3.5325807811137,393.398488356458,-13.8088553899704,-47.9979634070101
1246,"GSED-CHN",3.4113620807666,4.63871484076439,80.0083486001915,0.0413405353573799,4.43227209051314,14.9366906787324,76.2392491767305,0.0508779589401503,0.865736047513685,28.8195577370852,3.76909942346097,4.94377825616279,-0.00953742358277042,-18.7456882733634,3.56653604299946,411.965754832806,-13.8828670583528,-48.1716866893077
1253,"GSED-CHN",3.43052703627652,4.63890015096096,80.1106195493709,0.0412916527105008,4.43404623701349,14.9126107108632,76.3068116599424,0.050876075226626,0.833608863539407,28.8695233208617,3.8038078894285,4.98488641666747,-0.00958442251612519,-18.8387615857388,3.60043737347409,431.909679821187,-13.9569126099984,-48.3447975738238
1260,"GSED-CHN",3.44969199178645,4.63908542682401,80.2132986759318,0.0412427430633186,4.43585928395573,14.8885740165837,76.3741894789189,0.050873861006291,0.801569586556642,28.9195662529839,3.8391091970129,5.0267102318285,-0.00963111794297249,-18.9313681966885,3.63428969739909,453.396655555653,-14.0309922364003,-48.5172983358716
1267,"GSED-CHN",3.46885694729637,4.63927066836628,80.3163219793103,0.0411938215865466,4.43769987108155,14.8645805090904,76.4414500022079,0.0508713730000706,0.769591495181847,28.9696866382958,3.87487197710244,5.06907178891887,-0.009677551413524,-19.023570316277,3.66810837589971,476.630575943796,-14.1051061292054,-48.6891912408867
1274,"GSED-CHN",3.4880219028063,4.63945587560047,80.4195229651782,0.0411448953403828,4.4395577167604,14.8406301020656,76.5085946156571,0.0508686904650021,0.737653136490236,29.0198845819102,3.91092834952117,5.11175034539299,-0.00972379512461938,-19.1154815186551,3.70190458027016,501.848958154489,-14.1792544798446,-48.8604785447126
1281,"GSED-CHN",3.50718685831622,4.6396410485393,80.522739467092,0.0410959748213477,4.44142445108651,14.8167227095951,76.5756168274445,0.0508658882191036,0.705737476592737,29.0701601888617,3.94712263964747,5.15454240289298,-0.00976991339775589,-19.2072010139137,3.73568697449377,529.330962063893,-14.2534374792667,-49.0311624933112
1288,"GSED-CHN",3.52635181382615,4.63982618719546,80.6259443069944,0.0410470943032088,4.44329522780829,14.7928582461575,76.6425901564518,0.0508630386545552,0.673835945088731,29.1205135642323,3.98335415054262,5.19731149796913,-0.0098159443513464,-19.2987768937932,3.76945928271956,559.403117360146,-14.3276553180748,-49.2012453230666
1295,"GSED-CHN",3.54551676933607,4.64001129158164,80.7291486485764,0.0409982703630043,4.44516761455762,14.7690366266617,76.7095633554968,0.0508601722522501,0.641945066557975,29.1709448136131,4.0195852930796,5.24000544032763,-0.00986190188924577,-19.3902251064623,3.80322254799964,592.452959938149,-14.4019081869514,-49.370729261503
1302,"GSED-CHN",3.564681724846,4.64019636171053,80.8323440338491,0.0409495065929085,4.44704012979853,14.7452577662756,76.7765352862961,0.0508572994802824,0.61006143060487,29.2214540429323,4.05580874755297,5.28261497139595,-0.00990779288737394,-19.481555231251,3.83697869919366,628.949562569353,-14.4761962766567,-49.5396165275972
0,"GSED-CIV",0,4.60517018598809,13.6801309204819,0.231449012482036,1.54506738451382,20.0072760138823,11.6050503129991,0.261950107186285,0.907877454013602,21.0681859305832,2.07508060748271,17.8808411124108,-0.0305010947042487,-11.6438565465285,0.637189930500221,70.1845747664832,-1.06090991670091,-5.03560164219387
7,"GSED-CIV",0.0191649555099247,4.60536181718076,14.461289734466,0.222708352750971,1.56344398885937,19.9738789996303,12.4030362089615,0.251867363876831,0.930979954518945,21.1059002703549,2.0582535255045,16.5947554359098,-0.0291590111258603,-11.5771295959248,0.632464034340424,67.935300998745,-1.13202127072466,-5.36352989554623
14,"GSED-CIV",0.0383299110198494,4.60555341165795,15.242294110351,0.214299349866199,1.58181635388201,19.9405441158256,13.2008705348206,0.242174525248723,0.954074529958685,21.143674877681,2.04142357553045,15.4643102524617,-0.027875175382524,-11.5103664821455,0.627741823923327,65.7958895465441,-1.20313076185534,-5.69026325279601
21,"GSED-CIV",0.0574948665297741,4.60574496943373,16.0231541659786,0.206209655362276,1.6002072060342,19.9072712344995,13.9985964604806,0.232856846814105,0.9772033323882,21.181509836192,2.02455770549799,14.4625763819502,-0.0266471914518289,-11.4435936999104,0.623003873646003,63.7537606552605,-1.27423860169244,-6.01580629306793
28,"GSED-CIV",0.0766598220396988,4.60593649052216,16.8040811593905,0.198430535551816,1.61880687483896,19.8740602225372,14.7966139832405,0.223903879062596,1.0007686427584,21.2194052181427,2.00746717615002,13.5670713477002,-0.0254733435107804,-11.3769103141169,0.618038232080562,61.756354633282,-1.34534499560541,-6.34016355206382
35,"GSED-CIV",0.0958247775496235,4.60612797493728,17.5857031388233,0.1909565726072,1.63784889603137,19.8409109435525,15.5957536804133,0.215309018190003,1.02532597689816,21.2573610863,1.98994945840996,12.7595594235958,-0.0243524455828032,-11.3104624170052,0.612522919133215,59.7393348977889,-1.41645014274756,-6.66333952270509
42,"GSED-CIV",0.114989733059548,4.60631942269314,18.3685744096246,0.183783837809378,1.65744691271752,19.8078232608132,16.3965275248461,0.207067025411573,1.05128782178837,21.29537749981,1.97204688477855,12.027222726216,-0.0232831876021954,-11.2442758840608,0.606159090929147,57.6587189888677,-1.48755423899677,-6.98533866802802
49,"GSED-CIV",0.134154688569473,4.60651083380377,19.1532509911704,0.176908951822517,1.67761621729763,19.7747970366426,17.1992840378762,0.199172785863774,1.07888877540219,21.3334545159255,1.95396695329421,11.3607458833239,-0.0222638340412573,-11.1781506417673,0.598727441895441,55.4948253745849,-1.5586574792829,-7.306165431948
56,"GSED-CIV",0.153319644079398,4.6067022082832,19.9407029658257,0.170329119968197,1.69823130376507,19.7418321304249,18.0049106380647,0.191621919955934,1.10799285758867,21.3715921878771,1.93579232776099,10.751468678042,-0.0212927999877362,-11.1118811421119,0.590238446176397,53.2709612822718,-1.62976005745223,-7.62582423960299
63,"GSED-CIV",0.172484599589322,4.60689354614545,20.7318275730296,0.164040924662688,1.71907790637909,19.7089284028682,18.8144383092808,0.18440974578618,1.13820004163427,21.4097905701766,1.91738926374883,10.1910523834401,-0.0203688211234921,-11.04541467516,0.580877864744814,51.0347780264326,-1.70086216730837,-7.94431950061964
70,"GSED-CIV",0.191649555099247,4.60708484740452,21.5273069257041,0.158040355450842,1.73996262746862,19.6760857162131,19.6285883526259,0.177530948424467,1.16920656186339,21.4480497184558,1.89871857307813,9.67323038706511,-0.0194905929736248,-10.9787015428002,0.570756065605228,48.8156741692931,-1.7719640022427,-8.2616556073998
77,"GSED-CIV",0.210814510609172,4.60727611207442,22.3276982928752,0.152322487703271,1.76073685453002,19.6433039344111,20.4478890714428,0.170979235256265,1.2008087095807,21.4863696904026,1.87980922143242,9.19317008647967,-0.0186567475529942,-10.9117037077814,0.55992814494932,46.6292541419721,-1.84306575599145,-8.57783693824605
84,"GSED-CIV",0.229979466119097,4.60746734016914,23.1332254512079,0.146881650146762,1.78128977001906,19.6105829234914,21.272508099288,0.164747243610346,1.2328242151394,21.5247505477789,1.86071735191983,8.74705203182932,-0.0178655934635836,-10.8442442326008,0.548465554879657,44.4885449315773,-1.91416762428751,-8.89286786408324
91,"GSED-CIV",0.249144421629021,4.60765853170267,23.9436909092001,0.141711050211225,1.80153034044386,19.5779225521048,22.1022463251566,0.158826545929816,1.26506991173462,21.563192357287,1.8414445840435,8.3314815922017,-0.017115495718591,-10.7762185586748,0.536460428709242,42.4055954325613,-1.98526980518213,-9.20675274925718
98,"GSED-CIV",0.268309377138946,4.60784968668898,24.7584709732765,0.136802581739173,1.82136186966739,19.5453226923902,22.9365414323595,0.153207570960786,1.2973235509714,21.6016951924269,1.82192954091704,7.94334902796902,-0.0164049892216129,-10.7076883464276,0.524038318695991,40.3938029417262,-2.05637250003668,-9.51949595491746
105,"GSED-CIV",0.287474332648871,4.60804080514205,25.5768844002273,0.132147189370766,1.8406519159754,19.5127832194553,23.7746843400378,0.147879597108205,1.32930606296216,21.6402591331744,1.8022000601895,7.58033223244316,-0.0157324077374395,-10.6386601296512,0.511345853013243,38.46712711697,-2.12747591371906,-9.83110183952304
112,"GSED-CIV",0.306639288158795,4.60823188707584,26.3984919647841,0.127734985548376,1.8592519066918,19.4803040112569,24.616190517143,0.142830838464002,1.36072377712258,21.6788842660144,1.78230144764103,7.24036258331609,-0.0150958529156261,-10.569043126797,0.498528129569223,36.6369823141788,-2.19858025475753,-10.1415747590119
119,"GSED-CIV",0.32580424366872,4.60842293250429,27.2227770085409,0.123555586993072,1.87704044002409,19.4478849473761,25.4604774427507,0.138049110423653,1.39136660137312,21.7175706806101,1.76229956579026,6.92170667165569,-0.014493523430581,-10.4988169689051,0.485673838650976,34.9062452822766,-2.269685733234,-10.4509190581819
126,"GSED-CIV",0.344969199178645,4.60861394144136,28.0489736512827,0.119598422057987,1.89391778106855,19.4155259088258,26.3067157630454,0.13352236591651,1.42106434645698,21.7563184687209,1.74225788823726,6.62286354530317,-0.0139239438585231,-10.4281734097114,0.472853434611569,33.2745970152931,-2.3407925598951,-10.7591390669357
133,"GSED-CIV",0.364134154688569,4.60880491390098,28.8761296919478,0.11585236131472,1.90981046649439,19.3832267793014,27.1539132443768,0.129238102775583,1.44967539849667,21.7951277260052,1.72221644757099,6.34242450460667,-0.013385741460863,-10.3574264658673,0.460135067997721,31.7405585053651,-2.41190094670374,-11.066239101806
140,"GSED-CIV",0.383299110198494,4.60899584989709,29.7032597750827,0.112306668246885,1.92469368041512,19.3509874436864,28.0009151016705,0.125184103577787,1.47718898886431,21.8339985497556,1.70234467341224,6.07960371020402,-0.0128774353309017,-10.2867975748215,0.447504691550814,30.2943424926871,-2.48301110606919,-11.3722234633793
147,"GSED-CIV",0.402464065708419,4.6091867494436,30.5291722824345,0.108951373822133,1.93856981143211,19.3188077869016,28.8463237974274,0.12134883744206,1.5036476921354,21.8729310381277,1.68284848500714,5.83384037711323,-0.0123974636199272,-10.2163843356526,0.434922119296708,28.924469579643,-2.55412325122614,-11.6770964383965
154,"GSED-CIV",0.421629021218344,4.60937761255443,31.352336495829,0.105776889570614,1.95147775927062,19.2866876953296,29.6885188990723,0.11772120355404,1.5291689058997,21.9119252919543,1.66381759675665,5.6042458783912,-0.0119443139834257,-10.1462723985341,0.422308853370921,27.616887300128,-2.6252375966246,-11.9808623005326
161,"GSED-CIV",0.440793976728268,4.60956843924349,32.170874716064,0.102773748709678,1.96345570947946,19.2546270573426,30.5255549781439,0.11429022515371,1.55387374073021,21.9509814150942,1.64531973792008,5.38997485581547,-0.0115164764440315,-10.0765191673592,0.409581968749251,26.3587676407207,-2.69635435775161,-12.2835253092488
168,"GSED-CIV",0.459958932238193,4.60975922952466,32.9827413145405,0.0999329433292815,1.97452812361655,19.222625761454,31.3554184111522,0.111045626275557,1.57784313855664,21.9900995115415,1.62732290338833,5.18992565192349,-0.0111126829462751,-10.0073125966252,0.396684985059907,25.1409646096241,-2.76747375008756,-12.585089706552
175,"GSED-CIV",0.479123887748118,4.60994998341185,33.7857734839781,0.0972458768591775,1.98471915644437,19.1906836968635,32.1760663041136,0.107977749640864,1.6011334430171,22.0292796865297,1.6097071798645,5.0028091210724,-0.0107318727816863,-9.93896688658609,0.383585713427264,23.9571358090212,-2.83859598966623,-12.8855597189678
182,"GSED-CIV",0.498288843258042,4.61014070091894,34.5776761692264,0.0947048039878781,1.99408143735811,19.1588007520081,32.9853600847282,0.105077745423079,1.62383448766318,22.0685220440563,1.59231608449818,4.8273418280354,-0.0103729414352013,-9.87168252748122,0.37024694969493,22.8007812685234,-2.90972129204824,-13.1849395543546
189,"GSED-CIV",0.517453798767967,4.61033138205979,35.3559796261748,0.0923027924902521,2.00271616889273,19.1269768134869,33.7809942585681,0.102337552973776,1.64612917345313,22.1078266842036,1.57498536760674,4.66234165741662,-0.0100347604835243,-9.80555054516075,0.356586995439605,21.6621515000299,-2.98084987071675,-13.4832333964632
196,"GSED-CIV",0.536618754277892,4.61052202684827,36.1182620374874,0.0900329665202202,2.01072578014291,19.0952117689879,34.5606219013791,0.099749167079126,1.6682061126804,22.1471937085274,1.55764013610827,4.5069794766804,-0.00971620055890572,-9.74063327385817,0.342519667462517,20.5322151057325,-3.05198193953949,-13.7804454131107
203,"GSED-CIV",0.555783709787817,4.61071263529825,36.8626116538787,0.0878885243681473,2.01820010496925,19.063505507939,35.3223274381368,0.0973047058939671,1.69017820532055,22.1866232206483,1.5402842157419,4.36065323962454,-0.00941618152581976,-9.67700527873808,0.328021899648703,19.4075333959529,-3.12311771270927,-14.076579755511
210,"GSED-CIV",0.574948665297741,4.61090320742357,37.5878661472855,0.0858629405862933,2.02519899064392,19.0318579208091,36.0649544780831,0.0949965814522839,1.71203296185354,22.2261153247376,1.52291166920239,4.2226912282057,-0.00913364086599058,-9.61470478869637,0.313166028790383,18.2920560391158,-3.19425740392852,-14.3716405555285
217,"GSED-CIV",0.594113620807666,4.61109374323807,38.2935750063787,0.0839501387547502,2.03175508869699,19.0002688988104,36.7880410709294,0.0928175615450034,1.73367880035946,22.2656701265734,1.50553393544934,4.0924547532895,-0.00886742279025318,-9.55360455785486,0.298076288337538,17.1932821855892,-3.26540122776305,-14.665631931131
224,"GSED-CIV",0.613278576317591,4.6112842427556,38.9797856183482,0.0821442996627332,2.03789472501376,18.9687383343453,37.4915677565501,0.0907606162824175,1.75500477289749,22.3052877338007,1.48821786179804,3.96947353992162,-0.00861631661968426,-9.4934531877495,0.282889952116262,16.1190417533289,-3.33654939945534,-14.9585579853303
231,"GSED-CIV",0.632443531827515,4.61147470598997,39.6470770421584,0.0804400042055327,2.04362502575694,18.9372661203686,38.1759050292938,0.088819167406161,1.7758754951537,22.3449682541424,1.47117201286464,3.85366636818632,-0.00837916320062834,-9.43395828325127,0.267749530603241,15.0770440458196,-3.40770213377371,-15.2504228021984
238,"GSED-CIV",0.65160848733744,4.611665132955,40.2965313933796,0.0788323419240556,2.04892254163485,18.9058521501503,38.8418297768653,0.0869872519449048,1.79610289503172,22.3847117956989,1.45470161651438,3.74519332603846,-0.00815491002084923,-9.3748334825134,0.252819646603128,14.0760113077298,-3.4788596455486,-15.5412304491543
245,"GSED-CIV",0.670773442847365,4.61185552366451,40.9296168541841,0.0773169056142678,2.05373881096956,18.8744963169708,39.4905474584911,0.0852594733157654,1.81545884064666,22.4245184673372,1.439069395693,3.64408570735976,-0.00794256770149758,-9.31575975385355,0.2382799703229,13.1250549441279,-3.55002215036634,-15.8309849798433
252,"GSED-CIV",0.68993839835729,4.6120458781323,41.5479502855232,0.0758896992623977,2.05804537965172,18.8431985128253,40.123533174021,0.0836310258611108,1.83375918385239,22.4643883765856,1.42441711150227,3.55007896568925,-0.00774132659871314,-9.2565247394782,0.224286195799332,12.2309514670377,-3.62118986376026,-16.1196904320555
259,"GSED-CIV",0.709103353867214,4.61223619637215,42.152858239204,0.0745467083582129,2.061829657895,18.8119586303207,40.7420415927977,0.082097294563665,1.85086874031536,22.5043216318409,1.41081664640629,3.46280301931577,-0.00755058620545214,-9.19711940031932,0.210960917579643,11.3979404905665,-3.69236300152016,-16.4073508276558
266,"GSED-CIV",0.728268309377139,4.61242647839787,42.7452553038413,0.073283710352757,2.06509573766672,18.7807765626183,41.3470325279124,0.0806536553312006,1.86669438154953,22.5443183421308,1.39822277592891,3.38167624238813,-0.00736994497844363,-9.13776932760119,0.19840135611719,10.6284862738215,-3.76354177951253,-16.6939701719844
273,"GSED-CIV",0.747433264887064,4.61261672422323,43.3259936117044,0.0720964734367235,2.06787375993224,18.7496522021752,41.939447715524,0.079295648071037,1.88121272134413,22.5843786142882,1.38654589618041,3.30606617804167,-0.00719917463431356,-9.07890257465855,0.186661038588108,9.92237807400849,-3.83472641211297,-16.9795524490849
280,"GSED-CIV",0.766598220396988,4.612806933862,43.8959547989642,0.070981058515047,2.07022576397025,18.7185854380586,42.5202660212089,0.0780191763673757,1.89445970664651,22.6245025480407,1.37568877775528,3.23537199195577,-0.00703811785232869,-9.02101019265788,0.17576605732374,9.27789895488852,-3.90591710998212,-17.2641016158845
287,"GSED-CIV",0.785763175906913,4.61299710732794,44.4560461956601,0.069933584204337,2.0722064011305,18.6875761598841,43.0905498386006,0.076820197154479,1.90646608765866,22.6646902445228,1.36549635705946,3.16889982182646,-0.00688661295014206,-8.96458640465821,0.165740313471845,8.69358833837907,-3.97711408463874,-17.5476216164033
294,"GSED-CIV",0.804928131416838,4.61318724463481,45.0073268354227,0.0689501727418324,2.0738651977842,18.6566242590087,43.6515138736002,0.0756946823395366,1.91727590960666,22.7049418081667,1.3558129618225,3.10599299201505,-0.00674450959770419,-8.91014981402653,0.15658928817754,8.16727980531847,-4.04831754915802,-17.8301163833059
301,"GSED-CIV",0.824093086926763,4.61337734579636,45.5508171904286,0.0680268806057601,2.07524961693414,18.6257296280663,44.2043081235949,0.0746386501577895,1.9269448404801,22.7452573455479,1.34650906683361,3.04610370344171,-0.00661176955202933,-8.8583723554107,0.148304776454038,7.69636853834836,-4.11952771748166,-18.1115898356191
308,"GSED-CIV",0.843258042436687,4.61356741082632,46.0874940161118,0.0671596498115537,2.07640853649288,18.5948921610228,44.7500459604097,0.0736480028973323,1.93554440915666,22.7856369660223,1.33744805570209,2.98870766945207,-0.0064883530857786,-8.80995116028274,0.140864127336219,7.27775227836775,-4.19074480499951,-18.3920458806954
315,"GSED-CIV",0.862422997946612,4.61375743973843,46.6182437781553,0.0663445192227481,2.07738153658896,18.5641117526443,45.2897213618883,0.0727186816610894,1.94314509363897,22.8260807810914,1.328522416267,2.93338615544004,-0.00637416243834128,-8.76550879737963,0.134236442949991,6.90820481648149,-4.26196902844703,-18.6714884141545
322,"GSED-CIV",0.881587953456537,4.61394743254642,47.1438565182103,0.0655776019246162,2.07819778096713,18.5333882977434,45.8242113576699,0.0718466946773609,1.94979354056637,22.8665889039697,1.31964516054033,2.87979895658249,-0.0062690927527447,-8.72565228073061,0.128404240400751,6.58553009481469,-4.33320060622621,-18.9499213215574
329,"GSED-CIV",0.900752908966461,4.614137389264,47.664869184141,0.0648551102176199,2.07888994901411,18.5027216912836,46.3541362582107,0.0710281554607347,1.95555085171084,22.9071614491559,1.31073292593027,2.82765041425641,-0.00617304524311482,-8.69098346011162,0.123339097303271,6.30712810129003,-4.40443975787227,-19.2273484763629
336,"GSED-CIV",0.919917864476386,4.61432730990487,48.1815653732103,0.0641733132569766,2.07949803385969,18.4721118286295,46.8798810070546,0.0702592176304483,1.96050826200705,22.9477985324359,1.30168436615568,2.77663752166904,-0.0060859043734717,-8.66207250624756,0.118989771852639,6.06933284386288,-4.47568670380645,-19.5037737388195
343,"GSED-CIV",0.939082819986311,4.61451719448275,48.6940559060105,0.0635287606452855,2.08004877925556,18.441558605345,47.4016648057999,0.0695362447948385,1.96473522592134,22.9885002701889,1.29239110021059,2.72646774223097,-0.00600748414955306,-8.63935659349694,0.115313553334218,5.86916505658636,-4.5469416648439,-19.7792009544019
350,"GSED-CIV",0.958247775496235,4.61470704301131,49.2023244040285,0.062918187437946,2.08055215318507,18.4110619171878,47.9195589772843,0.0688557054896996,1.9682980932635,23.0292667793845,1.28276542674422,2.67691409128431,-0.00593751805175366,-8.62313153213116,0.112254059921565,5.70310260959733,-4.61820486219671,-20.0536339538646
357,"GSED-CIV",0.97741273100616,4.61489685550426,49.7061722105432,0.062338427276227,2.08099626291118,18.3806216602957,48.4333796487574,0.068214095273801,1.97123830784346,23.0700981791395,1.27279256178574,2.62792431793142,-0.00587566799757397,-8.61356875582669,0.109757955067722,5.5679698710704,-4.68947651884385,-20.3270765578457
364,"GSED-CIV",0.996577686516085,4.61508663197525,50.2050429231619,0.0617864296797533,2.08138666062832,18.3502377310399,48.9425121563186,0.0676080170684282,1.97364727081367,23.1109945889577,1.26253076684333,2.57961986669362,-0.00582158738867489,-8.61079446063723,0.107739389814651,5.45889792000341,-4.76075685791782,-20.599532571361
371,"GSED-CIV",1.01574264202601,4.61527637243798,50.6981311219407,0.0612595815477244,2.0817398353988,18.3199100259077,49.4461181145905,0.0670344887782894,1.97564985330535,23.1519561281235,1.25201300735024,2.53207542895221,-0.00577490723056495,-8.61482997157619,0.106089982093446,5.36987776026972,-4.83204610221587,-20.8710057822985
378,"GSED-CIV",1.03490759753593,4.61546607690609,51.1846128587137,0.060755565043641,2.08206880911414,18.2896384426732,49.9433818546952,0.0664907978818753,1.97736583576975,23.1929829179045,1.24123100401849,2.48527624266557,-0.00573523283823429,-8.62560387442374,0.104702973344386,5.29507344823865,-4.9033444752313,-21.1414999639655
385,"GSED-CIV",1.05407255304586,4.61565574539324,51.6638184240745,0.0602723925757419,2.08236713907677,18.2594228797548,50.4337294506991,0.065974555429408,1.97886067735471,23.2340750802806,1.23008897337544,2.43902044677838,-0.00570216285366613,-8.64297275904704,0.103506461722064,5.23060885016064,-4.97465220052584,-21.4110188735163
392,"GSED-CIV",1.07323750855578,4.61584537791307,52.135156852035,0.0598082924086302,2.0826175832816,18.2292632359596,50.9167568938537,0.0654835511946257,1.98015844695415,23.2752327379385,1.21839995818132,2.39292530103856,-0.0056752587859955,-8.6666936695719,0.102459136327457,5.17428978903473,-5.04596950197883,-21.6795662530752
399,"GSED-CIV",1.09240246406571,4.61603497447923,52.5980932365793,0.0593614454724255,2.08279306483142,18.1991594110955,51.3920789810808,0.0650155373289068,1.98126949592111,23.3164560156275,1.20601425549852,2.34669287448459,-0.00565409185648131,-8.69652407528042,0.101523568910315,5.1241675662662,-5.11729660453199,-21.9471458316915
406,"GSED-CIV",1.11156741957563,4.61622453510535,53.0521813254925,0.058929986120426,2.08285060820148,18.1691113054262,51.8592784565666,0.0645682452777315,1.98217799495883,23.3577450390861,1.19290286892585,2.30026892858707,-0.00563825915730552,-8.73224776831602,0.100672613242653,5.07888865170979,-5.18863373365986,-22.2137613240378
413,"GSED-CIV",1.13073237508556,4.61641405980505,53.4970956732816,0.0585122493148909,2.08273881357844,18.1391188188452,52.3179788496527,0.0641395757029495,1.98284122284894,23.3990999324301,1.17911682362895,2.2537507173536,-0.00562732638805855,-8.77356347681572,0.0998975907295079,5.03810338308256,-5.2599811135849,-22.4794164253079
420,"GSED-CIV",1.14989733059548,4.61660354859194,53.9326784772435,0.0581068458997043,2.08239940610867,18.1091818501952,52.7679293966109,0.0637277076586084,1.98318438154515,23.4405208170054,1.16474908063255,2.20730487997386,-0.00562086175890417,-8.820122306949,0.0992150245635117,5.0028139333273,-5.33133896681026,-22.7441148105486
427,"GSED-CIV",1.16906228610541,4.61679300147963,54.3589857933785,0.0577127733157718,2.08177438502361,18.0793002964049,53.2091083149389,0.0633312013970063,1.9831220965035,23.4820078115005,1.14987747843957,2.16105383994329,-0.00561842808123444,-8.87150086734345,0.0986522885201082,4.97459479141727,-5.4027075150956,-23.0078601389851
434,"GSED-CIV",1.18822724161533,4.61698241848173,54.7761280736146,0.0573291846709703,2.08080865722126,18.0494740542939,53.6415715261155,0.0629487794042551,1.98258147827209,23.5235610350981,1.134556547499,2.1150695537446,-0.00561959473328476,-8.92724972027797,0.0982271789491662,4.95450905930866,-5.47408698080423,-23.2706560568643
441,"GSED-CIV",1.20739219712526,4.61717179961182,55.1842369884008,0.0569553741397458,2.07943742487079,18.0197030202689,54.0654479557948,0.0625793380124356,1.98146918934581,23.565180606094,1.11878903260602,2.06932352344656,-0.00562396387268976,-8.98693410846274,0.0979682355249771,4.94422199707892,-5.5454775858251,-23.5325061942917
448,"GSED-CIV",1.22655715263518,4.61736114488348,55.5834047495195,0.0565909359755143,2.07759714693753,17.9899870899436,54.480857866616,0.0622219658053174,1.97969654178263,23.6068666415576,1.10254688290345,2.0237326027479,-0.0056310298298031,-9.0499066638648,0.0979006051549072,4.94523292275654,-5.61687955161398,-23.7934141658852
455,"GSED-CIV",1.24572210814511,4.61755045431031,55.9736622793766,0.0562354598941969,2.07522967337936,17.9603261595488,54.8879063791438,0.0618757540378542,1.97717935323839,23.648619259247,1.08575590023279,1.97813320248147,-0.0056402941436573,-9.11551581287672,0.0980503201409744,4.95910095259589,-5.68829309969813,-24.0533835711103
462,"GSED-CIV",1.26488706365503,4.61773972790585,56.354828318613,0.0558886381848583,2.07230793563912,17.9307201239243,55.2864211734894,0.0615399602739713,1.97388556637004,23.6904385732565,1.06840714512359,1.93249467490565,-0.00565132208911305,-9.18317474361989,0.0984223692690838,4.98622468019167,-5.75971844933223,-24.3124179888937
469,"GSED-CIV",1.28405201916496,4.61792896568369,56.7265857149933,0.0555504343633597,2.06884179010662,17.9011688755431,55.6759961873222,0.061214149450964,1.96985827204725,23.7323246928083,1.05058952767108,1.886970327637,-0.0056637150876043,-9.25229728486428,0.098983518059371,5.02490557132817,-5.83115581726518,-24.5705209782176
476,"GSED-CIV",1.30321697467488,4.61811816765736,57.0887494723883,0.0552209462669413,2.06485521354364,17.8716723062775,56.0563753704219,0.0608980616746911,1.96516055846099,23.7742777260991,1.03237410196643,1.84167116611533,-0.00567711540774982,-9.32232529514022,0.0996946550826463,5.07310482359374,-5.90260541982156,-24.827696083241
483,"GSED-CIV",1.3223819301848,4.61830733384041,57.4413123214233,0.054900254302651,2.0603686749226,17.8422303083832,56.4274887294342,0.0605915062044637,1.95983793229947,23.8162977811127,1.01382359198905,1.79668387663017,-0.00569125190181272,-9.39282130173132,0.100530742623127,5.12954367125522,-5.97406747272954,-25.0839468318506
490,"GSED-CIV",1.34154688569473,4.61849646424639,57.784426709768,0.0545884502323263,2.05540999153259,17.8128427743102,56.7893966498698,0.0602943276626496,1.95393626470559,23.8583849661999,0.99503005989822,1.75214057305978,-0.00570587743032334,-9.46337350712005,0.101473726827003,5.19329768631387,-6.04554219188973,-25.3392767383644
497,"GSED-CIV",1.36071184120465,4.61868555888882,58.1184222315733,0.0542857203066542,2.05002201393533,17.7835095964869,57.1422869160328,0.0600064274110238,1.94752421359684,23.9005393903697,0.976135315540517,1.70825384880883,-0.00572070710436962,-9.53349057957526,0.102497800338486,5.26297951126295,-6.11702979388282,-25.5936893053868
504,"GSED-CIV",1.37987679671458,4.61887461778123,58.4438329718606,0.0539922634978323,2.04424324795484,17.7542306674274,57.4865294129504,0.0597277178124856,1.94066298769613,23.9427611625728,0.957303558910155,1.66526587826068,-0.0057354543146533,-9.6026677809115,0.103580260258714,5.33736464885537,-6.18853049514539,-25.8471880211514
511,"GSED-CIV",1.3990417522245,4.61906364093713,58.7612371374733,0.0537082590915671,2.03809783419464,17.7250058795592,57.8226111905524,0.0594580795029153,1.93339878246194,23.9850503912954,0.938625946920936,1.62328529894253,-0.00574982041134817,-9.67037694358469,0.1046990517327,5.41528486944526,-6.26004451173619,-26.099776359061
518,"GSED-CIV",1.41820670773443,4.61925262837003,59.0711477866644,0.0534337830718017,2.03160793793268,17.6958351259272,58.1510435190111,0.0591973124415746,1.92578204167072,24.0274071851122,0.920104267653237,1.58226613311321,-0.00576352936977293,-9.7361335034615,0.105825896261958,5.49521669493542,-6.33157205918508,-26.351457776552
525,"GSED-CIV",1.43737166324435,4.61944158009342,59.374194232643,0.0531688794307657,2.02479763581962,17.66671829834,58.4724358219922,0.0589452913549886,1.91785602193905,24.0698316484731,0.901758410650729,1.54219402351555,-0.00577641192422284,-9.79961552727821,0.106941613880569,5.57610230680639,-6.40311335013314,-26.6022357100255
532,"GSED-CIV",1.45653661875428,4.61963049612081,59.671000976522,0.052913429107428,2.01769503765469,17.6376552889296,58.7872975805518,0.058701766836011,1.90966083639602,24.1123238857134,0.883703395970251,1.50322166920393,-0.00578833772858291,-9.86058519286683,0.108034201258663,5.65724547519911,-6.47466859678382,-26.8521135808899
539,"GSED-CIV",1.4757015742642,4.61981937646568,59.9619731814891,0.0526672722530374,2.01033641518595,17.6086459902541,59.0958795000685,0.0584664798576337,1.90125180906692,24.1548840009172,0.866093681420594,1.46557372315542,-0.00579920760459629,-9.91885883794853,0.109084606119032,5.737514915111,-6.54623801066304,-27.1010947948021
546,"GSED-CIV",1.49486652977413,4.62000822114149,60.2473359038144,0.0524301814980356,2.00275773817628,17.5796902952224,59.398283992077,0.0582391015769008,1.89267762462774,24.1975120976868,0.849051911737391,1.42942161738316,-0.00580892007886522,-9.974261143426,0.110080113548548,5.81610476692773,-6.61782180246438,-27.349182741382
553,"GSED-CIV",1.51403148528405,4.62019703016173,60.527224347371,0.0522017870105933,1.99499838830686,17.5507880980386,59.6946074153252,0.0580191798295188,1.88398107008399,24.2402082810287,0.832616932045873,1.3947942169264,-0.00581739281892556,-10.0266719316253,0.111017318222867,5.89269817970716,-6.68942018299008,-27.5963807960573
560,"GSED-CIV",1.53319644079398,4.62038580353985,60.8018793501314,0.051981673743815,1.98709552722985,17.5219392935897,59.9851117195122,0.0578062120178318,1.87520862581969,24.2829726570257,0.816767630619211,1.36161725335844,-0.00582453827401681,-10.0759729286882,0.111886901410153,5.96663751806523,-6.76103336343597,-27.8426923216084
567,"GSED-CIV",1.5523613963039,4.62057454128931,61.0715902641269,0.0517694375065847,1.97907460659456,17.4931437774602,60.2701431370267,0.0575996626114754,1.86638783903032,24.3258053335742,0.801447127100211,1.3297581279641,-0.00583022510489067,-10.1219778737543,0.112686767564239,6.03769298147511,-6.83266155611395,-28.0881206702892
574,"GSED-CIV",1.57152635181383,4.62076324342355,61.3365551075259,0.0515645740679451,1.97095491764965,17.4644014458081,60.5499932703141,0.0573989567134871,1.85753858090124,24.3687064200062,0.786561837211757,1.29902877726228,-0.00583438264554205,-10.1646144452851,0.113416336748418,6.10573249538596,-6.90430497419808,-28.3326691831693
581,"GSED-CIV",1.59069130732375,4.62095190995601,61.596832375994,0.0513665476031542,1.9627515716967,17.4357121945467,60.8247776536152,0.0572035701194989,1.84867716833264,24.4116760249941,0.772054722378812,1.26930956784669,-0.00583702251634469,-10.203947942674,0.114074403364065,6.17059621431638,-6.97596383044742,-28.5763411873278
588,"GSED-CIV",1.60985626283368,4.62114054090013,61.8524472838563,0.0511750191366841,1.95449119589071,17.4070759180784,61.0945625327697,0.057013285643265,1.83983992894014,24.4547142519262,0.757884751086536,1.24051097129965,-0.00583826650658082,-10.2401860210463,0.11465126695057,6.23158923486439,-7.04763833384775,-28.8191399876719
595,"GSED-CIV",1.6290212183436,4.62132913626933,62.1035328144172,0.0509896585387442,1.946208419366,17.3784925105841,61.3595851572062,0.0568278864177542,1.83107850806944,24.4978212028908,0.74394765721101,1.21243918990811,-0.00583822787901001,-10.2735263389737,0.115129911296565,6.28754642628351,-7.1193286923067,-29.0610688736131
602,"GSED-CIV",1.64818617385353,4.62151769607702,62.3503295394824,0.0508100730015194,1.93793247685319,17.3499618663722,61.6202670878881,0.0566470908310811,1.82242373342623,24.5409969796059,0.730062451594335,1.18477651282014,-0.00583701782956161,-10.3041793390014,0.115508743426955,6.33819354458218,-7.19103511323363,-29.3021311204657
609,"GSED-CIV",1.66735112936345,4.62170622033661,62.5930737379956,0.0506358061438313,1.92969434738147,17.3214838798578,61.8769684135654,0.0564705848784001,1.8139106813847,24.584241683126,0.716105324430238,1.15730512142099,-0.00583477873456879,-10.3324212900097,0.115783665996773,6.38309632249293,-7.26275780326822,-29.5423299887797
616,"GSED-CIV",1.68651608487337,4.6218947090615,62.8319590450653,0.0504663929427703,1.921548880394,17.2930584443713,62.1299110060349,0.0562980653122974,1.80563420231511,24.6275554111427,0.702048039030402,1.12996788127092,-0.00583167236952707,-10.3585662085856,0.115914678078895,6.41961023613056,-7.33449696677145,-29.7816687215856
623,"GSED-CIV",1.7056810403833,4.62208316226509,63.0672673707255,0.0503014177243494,1.91354974468998,17.2646854535749,62.3793459687965,0.0561292420024268,1.79769651312218,24.6709382620338,0.687921401928975,1.10280316544692,-0.00582782427807748,-10.382866524058,0.115853231567804,6.4445378139269,-7.40625280845885,-30.0201505504003
630,"GSED-CIV",1.72484599589322,4.62227157996076,63.299413643008,0.0501405605683902,1.90575723560958,17.2363648006851,62.6255723800603,0.0559639316948193,1.79022458754033,24.7143903327173,0.67384126294769,1.07598419836916,-0.00582337112642905,-10.4055790043217,0.115532648069252,6.45352817033911,-7.47802553203221,-30.25777869233
637,"GSED-CIV",1.74401095140315,4.62245996216189,63.5286284513766,0.0499834772335574,1.89824220636119,17.2080963789076,62.8687394709628,0.0558020056042209,1.78338010263418,24.7579117187027,0.659888980413847,1.04962973008013,-0.00581852837066359,-10.4270954200676,0.114862103727015,6.44069671728171,-7.54981533979511,-30.4945563485946
644,"GSED-CIV",1.76317590691307,4.62264830888185,63.7548895497172,0.0498299018409059,1.8910754063748,17.1798800810141,63.1087532876377,0.0556434119565426,1.77732326832608,24.8015025143463,0.646136262079509,1.0238457082721,-0.00581351011563674,-10.4477959047103,0.113752138048719,6.40019404887741,-7.62162243333223,-30.7304867070999
651,"GSED-CIV",1.782340862423,4.622836620134,63.9781360758333,0.0496797156851928,1.88430263922401,17.1517157980422,63.345482072719,0.055488208915739,1.77214926710267,24.8451628084205,0.632654003114297,0.998735793640383,-0.00580849323054615,-10.4679775109818,0.112153372121341,6.32866396772001,-7.69344701037829,-30.9655729354723
658,"GSED-CIV",1.80150581793292,4.62302489593171,64.1984021078085,0.0495328547942997,1.87795355693948,17.1236034207005,63.5788940851017,0.0553365028372676,1.76791342579669,24.8888926872569,0.619508022706739,0.974392574173301,-0.00580364804296789,-10.4879198095245,0.11004013114279,6.22429410496735,-7.76528926655637,-31.1998181844876
665,"GSED-CIV",1.82067077344285,4.62321313628831,64.4158974052939,0.0493893846735132,1.87204435857812,17.0955428392026,63.8091688160579,0.0551885705929975,1.76464448748635,24.9326922359461,0.606728589236006,0.950848601374227,-0.00579918591948427,-10.507947310779,0.10739987109177,6.08620443683566,-7.8371493967435,-31.4332255922387
672,"GSED-CIV",1.83983572895277,4.62340134121714,64.6309819834543,0.0492493011050515,1.86658209237438,17.0675339442838,64.0366385103824,0.0550446523424702,1.76235886816625,24.9765615406881,0.594343473071874,0.928130343655548,-0.00579535123741868,-10.5284546105621,0.104223224208133,5.913847973346,-7.90902759640439,-31.6657982866063
679,"GSED-CIV",1.8590006844627,4.62358951073155,64.8440197238094,0.0491124886510313,1.86156745273475,17.0395766278326,64.261688463405,0.0549049143366016,1.76105725054283,25.0205006888387,0.582331260404388,0.90618730121915,-0.00579242568557028,-10.5499220890485,0.100510202191912,5.70737846034993,-7.98092406100612,-31.8975393828402
686,"GSED-CIV",1.87816563997262,4.62377764484485,65.0553574166364,0.0489787597324571,1.85699153437267,17.011670782528,64.484751790085,0.0547694784062003,1.76070946342184,25.0645097680423,0.57060562655144,0.884869074799131,-0.00579071867374319,-10.5728935937568,0.0962820709508325,5.46836789095878,-8.0528389855143,-32.1284519826589
693,"GSED-CIV",1.89733059548255,4.62396574357036,65.2652782524691,0.0488478409531322,1.85284346998514,16.9838163013848,64.7062330798275,0.0546383489302954,1.76127094570624,25.1085888665851,0.559045172641646,0.863974220152728,-0.00579050797716322,-10.5978824223814,0.0915725242788974,5.19922982333523,-8.12477256520029,-32.3585391770577
700,"GSED-CIV",1.91649555099247,4.6241538069214,65.4739498591741,0.0487194788207787,1.84911710774644,16.9560130770071,64.9264011349243,0.0545115256100163,1.76269979528046,25.152738072631,0.547548724249751,0.843337555568317,-0.00579204678923757,-10.6253617458347,0.086417312465981,4.90255417838926,-8.19672499562397,-32.5878040472377
707,"GSED-CIV",1.9356605065024,4.62434183491126,65.6813648457545,0.048593345765955,1.8458162448791,16.9282610022988,65.1452810536726,0.0543889119842349,1.7649722697789,25.1969574748896,0.536083792081925,0.822905026137274,-0.00579556621827991,-10.6557862748933,0.0808439751002017,4.58046715432696,-8.26869647259074,-32.8162496635994
714,"GSED-CIV",1.95482546201232,4.62452982755325,65.8874540412267,0.0484690704835412,1.84295529162625,16.9005599703707,65.3627396611888,0.0542703491695267,1.76807716229082,25.2412471624558,0.524714380037892,0.802772929589208,-0.00580127868598555,-10.6895915997589,0.0748781293354328,4.23500347905725,-8.34068719208508,-33.043879085702
721,"GSED-CIV",1.97399041752225,4.62471778486064,66.092199709028,0.0483462745079661,1.8405496197549,16.8729098743186,65.5786791457185,0.0541556596914136,1.77200499286,25.285607223978,0.513520563309484,0.783060241528227,-0.0058093851834475,-10.7271986280846,0.0685446268948979,3.86819603618992,-8.41269734965944,-33.2706953609633
728,"GSED-CIV",1.99315537303217,4.62490570684673,66.2955537374351,0.0482246966849077,1.83861648221644,16.8453106065599,65.7930278194107,0.0540447401672423,1.77675306798888,25.330037747,0.502525918024446,0.763798132841346,-0.00582004348233453,-10.7689360043629,0.0618634142275634,3.48182397104776,-8.48472714044008,-33.4967015256224
735,"GSED-CIV",2.01232032854209,4.62509359352477,66.4974191952215,0.0481041485368918,1.83716427527002,16.8177620597709,66.0056852208026,0.0539375022857536,1.78231009306426,25.3745388197072,0.49173397441885,0.744987303402575,-0.00583335374886183,-10.8150238732923,0.0548541822057658,3.07770137302298,-8.55677675993633,-33.7219006056996
742,"GSED-CIV",2.03148528405202,4.62528144490804,66.6976951877669,0.0479843733840229,1.83618787182979,16.7902641274168,66.2165637177552,0.0538337438859594,1.78865161493194,25.4191105313703,0.481131470011633,0.726602896614254,-0.00584937050193654,-10.8656208535816,0.0475362568978517,2.65765879174075,-8.62884640395351,-33.9462956160659
749,"GSED-CIV",2.05065023956194,4.6254692610098,66.8962324784748,0.0478649975647355,1.8356715782169,16.7628167040587,66.4255371354545,0.0537331105725721,1.79574735090224,25.4637529722743,0.470695343020353,0.708606002026772,-0.00586811300783662,-10.9208511201136,0.0399242273146592,2.22326527696671,-8.7009362682156,-34.1698895590506
756,"GSED-CIV",2.06981519507187,4.6256570418433,67.0928923233407,0.0477457539777452,1.83558323471029,16.7354196839249,66.6325096090047,0.0536353349312177,1.80354257229987,25.5084662307673,0.460382714336077,0.690928072554334,-0.00588958095347247,-10.9807852622255,0.0320406624104188,1.77654039901928,-8.7730465468424,-34.3926854224606
763,"GSED-CIV",2.08898015058179,4.62584478742177,67.2875740328467,0.0476266300446412,1.83588347809786,16.7080729599607,66.8374122927111,0.0535403377607883,1.81196180184187,25.5532503924838,0.450161740135655,0.673517607420519,-0.00591370771614713,-11.0453313585149,0.0239216762559873,1.32020863970039,-8.84517743252315,-34.6146861814685
770,"GSED-CIV",2.10814510609172,4.62603249775845,67.4802095906508,0.047507740547232,1.83653350627008,16.6807764242459,67.0402263716806,0.0534480809411608,1.82092223930349,25.5981055425285,0.439983218970255,0.656297334873133,-0.00594034039392877,-11.1142257857084,0.0156112669665875,0.857327492060225,-8.91732911828266,-34.8358948027129
777,"GSED-CIV",2.12731006160164,4.62622017286658,67.6708298529841,0.0473893268059019,1.83748898744596,16.6535299675612,67.2410490935323,0.0533585852750769,1.83033146973266,25.6430317653424,0.429780759451816,0.639164268323641,-0.005969258469175,-11.1870628473412,0.00715751771329609,0.39105035517646,-8.98950179778116,-35.0563142456924
784,"GSED-CIV",2.14647501711157,4.62640781275938,67.8595243486313,0.047271691449835,1.83870228368528,16.6263334809307,67.4400226608007,0.0532718751263183,1.84008489977008,25.6880291460862,0.419501687830603,0.622036694650219,-0.00600018367648333,-11.2633235872694,-0.00138261608480272,-0.075138711533119,-9.06169566515551,-35.2759474602828
791,"GSED-CIV",2.16563997262149,4.62659541745004,68.0464997535863,0.0471550462985689,1.84011797775463,16.5991868563614,67.6374070949736,0.0531878589943857,1.8500709007614,25.7330977712944,0.409092658612735,0.604831965303319,-0.00603281269581683,-11.3424620014384,-0.00995292300676742,-0.537975220445405,-9.13391091493293,-35.4947973854976
798,"GSED-CIV",2.18480492813142,4.62678298695179,68.2318906585188,0.0470394400718091,1.84168244436266,16.5720899870649,67.8333382201795,0.0531063199404629,1.86018841062538,25.7782377285837,0.398552438339337,0.587546549818439,-0.00606687986865383,-11.424026133717,-0.018505966262724,-0.99484364900986,-9.20614774151887,-35.712866947886
805,"GSED-CIV",2.20396988364134,4.62697052127782,68.4157128945887,0.0469248532967077,1.84335209479695,16.5450427669609,68.0278435162887,0.0530270088514577,1.87036316408111,25.8234491058187,0.387869378299996,0.570162683765103,-0.00610215555475004,-11.5076367438408,-0.0270110692841623,-1.44416174371315,-9.27840633885781,-35.9301590613902
812,"GSED-CIV",2.22313483915127,4.62715802044132,68.5978984309814,0.0468111714154659,1.84508703005801,16.5180450912024,68.2209360366592,0.052949551783991,1.88052891939561,25.8687319928966,0.376962394322192,0.552561158233928,-0.00613838036852511,-11.5928844753338,-0.0354418893376043,-1.88467664453653,-9.35068690169414,-36.1466766297698
819,"GSED-CIV",2.24229979466119,4.62734548445547,68.7784222325669,0.0466981899646555,1.84684545923373,16.4910968560954,68.4126574621178,0.0528734616184675,1.89061624693014,25.914086481511,0.36576477044909,0.534644880081767,-0.00617527165381196,-11.6793405704594,-0.0437707876964069,-2.31515981984599,-9.42298962541563,-36.3624225462807
826,"GSED-CIV",2.26146475017112,4.62753291333346,68.9573108331527,0.0465857343368271,1.84857933383087,16.4641979582716,68.6030207015989,0.0527982780669783,1.90054126872333,25.9595126639174,0.354290131553753,0.516435177242124,-0.00621254373015124,-11.7665650426519,-0.0519619348924583,-2.73405980430844,-9.49531470564581,-36.5773996938081
833,"GSED-CIV",2.28062970568104,4.62772030708844,69.1346023091305,0.0464736751383023,1.85022905636346,16.4373482939527,68.7920762935626,0.052723667853283,1.91017788955754,26.0050106300118,0.342526015567856,0.497914925704762,-0.00624999271498065,-11.8542449140163,-0.059948833194081,-3.13839006941742,-9.56766233605919,-36.7916109406137
840,"GSED-CIV",2.29979466119096,4.62790766573358,69.3103628738526,0.0463619142968989,1.85172547396465,16.4105477590433,68.9799047515649,0.0526494127526635,1.91936816001429,26.050580467563,0.330458122287723,0.479064335443615,-0.00628749845576466,-11.9422005432465,-0.0676426860496435,-3.52421632591528,-9.64003270851979,-37.0050591407094
847,"GSED-CIV",2.31895961670089,4.62809498928204,69.4846262850042,0.0462504114832953,1.85300237419208,16.3837962494555,69.1665173850746,0.0525754668535701,1.92796824576435,26.0962222626093,0.318108899929641,0.459917474460389,-0.00632505537027486,-12.0304312045217,-0.0749658715722632,-3.8883353881455,-9.71242601315373,-37.2177471337287
854,"GSED-CIV",2.33812457221081,4.62828227774695,69.6573925169684,0.0461391694525062,1.85400340875626,16.3570936612552,69.3519302686753,0.0525018687484327,1.93586553840794,26.1419361003721,0.305462248293054,0.440452410062225,-0.00636269929592651,-12.1189958521552,-0.0818621296516768,-4.22870948562886,-9.78484243911684,-37.4296777466975
861,"GSED-CIV",2.35728952772074,4.62846953114147,69.8286720514105,0.0460282394723798,1.85467557485082,16.3304398911302,69.5361523906299,0.0524286999411062,1.94295174133647,26.1877220673148,0.292519660780641,0.420672773404786,-0.00640046046872644,-12.2079328228931,-0.0882761664856462,-4.54340499599466,-9.85728217618456,-37.6408537972364
868,"GSED-CIV",2.37645448323066,4.62865674947871,69.998572379883,0.0459177589336533,1.85496771946187,16.3038348356461,69.7192541833071,0.052356194168882,1.94911126578336,26.2335802492418,0.2793181965759,0.400632794839589,-0.0064384352352287,-12.297370611891,-0.0941435463214864,-4.8300755310472,-9.92974541359569,-37.8512780918749
875,"GSED-CIV",2.39561943874059,4.62884393277181,70.1672397350128,0.0458078556184525,1.85482941315293,16.2772783920153,69.9013385795934,0.0522845792369717,1.95423284454258,26.2795107321264,0.265901155419385,0.380394940672868,-0.00647672361851911,-12.387445233449,-0.0994034313896526,-5.08657050091283,-10.0022323401111,-38.0609534251468
882,"GSED-CIV",2.41478439425051,4.62903108103389,70.3347334799528,0.0456985466805024,1.85420548577678,16.2507704586357,70.082447729003,0.0522139297683183,1.95820450714264,26.325513603801,0.252285750949881,0.359984217339878,-0.0065153830878159,-12.4782469289818,-0.103999021365862,-5.31093769759596,-10.0747431451653,-38.2698825815526
889,"GSED-CIV",2.43394934976044,4.62921819427804,70.5011181407798,0.0455897819386071,1.85303722282475,16.2243109342401,70.2626207531011,0.0521442107373841,1.96091213168281,26.3715889525932,0.238497387678692,0.339437079235569,-0.006554428798777,-12.5698111182224,-0.107874908858056,-5.50126174014132,-10.1472780183531,-38.4780683355649
896,"GSED-CIV",2.45311430527036,4.62940527251738,70.6664170893612,0.0454815657904039,1.85127965198799,16.197899716912,70.441812912287,0.0520754236865666,1.96228095289203,26.4177368647934,0.22460417707417,0.318850648199306,-0.00659385789616268,-12.662130097779,-0.111001300904037,-5.65674862921347,-10.2198371478814,-38.6855134494934
903,"GSED-CIV",2.47227926078029,4.62959231576499,70.8305855047019,0.0453740160431384,1.84890708758599,16.1715367024649,70.6198920563943,0.0520077113107221,1.96228997634745,26.4639574222413,0.210693448307609,0.29834858447441,-0.00663369526758373,-12.7552147564242,-0.113382888761463,-5.77809040091568,-10.2924207197763,-38.8922206741695
910,"GSED-CIV",2.49144421629021,4.62977932403398,70.9935515682686,0.0452672180936735,1.84588893765829,16.1452217866038,70.7967375170214,0.0519411444861622,1.96091933642194,26.5102507071635,0.196814051247202,0.277998758346573,-0.00667392639248863,-12.8490168218505,-0.115030398763649,-5.86614638486572,-10.3650289205598,-39.0981927521302
917,"GSED-CIV",2.51060917180014,4.6299662973374,71.1551854084352,0.0451611771535298,1.84219173536332,16.1189548657155,70.9721884683752,0.0518757240377383,1.95814919058406,26.5566168028455,0.182996940060008,0.257843169288136,-0.00671454688420842,-12.9435241796794,-0.115957455220734,-5.92178858374663,-10.43766193713,-39.303432416179
924,"GSED-CIV",2.52977412731006,4.63015323568835,71.3153911616811,0.0450558946521426,1.83778464317202,16.0927358362593,71.1461312932896,0.0518115257470695,1.95397611302598,26.6030557919093,0.169259868391521,0.237904528770189,-0.00675563109492686,-13.0388576624941,-0.11619146985396,-5.94641198934733,-10.51031995565,-39.5079423877555
931,"GSED-CIV",2.54893908281999,4.63034013909988,71.474187370457,0.044951362886397,1.83264365808795,16.066564595002,71.3185459375391,0.0517486632853699,1.94841179436019,26.6495677575337,0.155641432917932,0.218234164580757,-0.00679730039897287,-13.1352192838082,-0.115768136272238,-5.94166677738952,-10.5830031625317,-39.7117253788851
938,"GSED-CIV",2.56810403832991,4.63052700758506,71.631545031665,0.0448476520020574,1.82675857680104,16.0404410383071,71.4893463158226,0.0516872880447603,1.94149195230734,26.6961527830325,0.142198715842397,0.198908960804031,-0.00683963604270284,-13.2327237536236,-0.114733375506302,-5.90954679827276,-10.6557117447254,-39.9147840939011
945,"GSED-CIV",2.58726899383984,4.63071384115692,71.787254117286,0.0447448701229636,1.82013098639596,16.0143650624881,71.6582961707488,0.0516275168453272,1.93327840218958,26.7428109517823,0.128957946537184,0.179962339922095,-0.00688264672236362,-13.3313534001327,-0.11314741579362,-5.85261882952151,-10.7284458892942,-40.1171212279731
952,"GSED-CIV",2.60643394934976,4.63090063982853,71.9409711591001,0.0446431224368812,1.81277376896745,15.988336563786,71.825019615243,0.0515694076302087,1.92385800646121,26.7895423466992,0.115951543857093,0.161436146454579,-0.00692628519332746,-13.4309962274419,-0.111084237493756,-5.77403514815978,-10.8012057829132,-40.3187394660514
959,"GSED-CIV",2.62559890485969,4.63108740361291,72.0923840635099,0.0445425584594818,1.80469828474378,15.9623554383319,71.9892233043192,0.0515130928012467,1.91330377764691,26.8363470499592,0.103160759190786,0.143300280869396,-0.00697053434176488,-13.531578017766,-0.108605492903125,-5.67633295726275,-10.8739916116273,-40.5196414824418
966,"GSED-CIV",2.64476386036961,4.63127413252308,72.2412161195608,0.0444433521042606,1.79591135132066,15.9364215825164,72.150691970789,0.0514588422217531,1.90167566904932,26.883225143561,0.090524148771749,0.125465392360199,-0.00701549011749254,-13.6332062957431,-0.105764317728661,-5.56163805690033,-10.9468035610447,-40.7198299407413
973,"GSED-CIV",2.66392881587953,4.63146082657209,72.3872170731975,0.0443456983036324,1.78642037323259,15.9105348931442,72.3091768444411,0.0514069800246905,1.88902810024565,26.9301767103235,0.078040228756393,0.107925760134542,-0.0070612817210581,-13.7360368527126,-0.102607727013057,-5.43177346063375,-11.0196418171792,-40.9193074955016
980,"GSED-CIV",2.68309377138946,4.63164748577293,72.5301567596707,0.0442498439203646,1.7762364465047,15.8846952673224,72.4644332471175,0.0513578316723406,1.87541127414337,26.977201834276,0.0657235125532907,0.0906976148273471,-0.00710798775197601,-13.8401243209108,-0.0991748276386675,-5.28816420195445,-11.0925065669535,-41.1180767934943
987,"GSED-CIV",2.70225872689938,4.63183411013861,72.6698130904853,0.0441561271860355,1.76538101870099,15.8589026020044,72.6161960840794,0.0513117407930452,1.86088515007403,27.0243006002512,0.0536170064059718,0.0738361540501114,-0.00715561360700973,-13.9453729232659,-0.0955041313730394,-5.13218837654973,-11.1653979982468,-41.3161404744847
994,"GSED-CIV",2.72142368240931,4.63202069968214,72.8060736003904,0.0440648351260895,1.75387586097403,15.833156794396,72.7643509377857,0.0512689843461969,1.84549819183162,27.0714730935298,0.041722662604684,0.0573394279849447,-0.00720414922010744,-14.0516714188465,-0.0916223308575908,-4.96463942707293,-11.2383162991338,-41.5135011689476
1001,"GSED-CIV",2.74058863791923,4.63220725441651,72.9389248202778,0.0439761496042062,1.74174060598232,15.8074577422162,72.908892116418,0.0512297278105628,1.82928459135769,27.1187193998527,0.0300327038597885,0.0411921001512868,-0.00725357820635657,-14.1589239614523,-0.087543985375365,-4.78569522691875,-11.3112616576365,-41.7101614971463
1008,"GSED-CIV",2.75975359342916,4.6323937743547,73.0683898189518,0.0438901919382005,1.72899571794978,15.7818053435309,73.0498338739564,0.0511941061601458,1.8122741322967,27.1660396047927,0.0185559449953985,0.0254017620730196,-0.00730391422194526,-14.2670998085153,-0.0832784143469236,-4.59524378033166,-11.3842342612618,-41.9061240684247
1015,"GSED-CIV",2.77891854893908,4.63258025950969,73.194468818664,0.0438069692246983,1.71566904592382,15.7561994971944,73.1871870399862,0.0511621096339959,1.79450352290443,27.213433795412,0.00728177867783586,0.00994952664850669,-0.00735514040929761,-14.3761476254887,-0.0788344769806113,-4.39310795294604,-11.4572342982176,-42.1013914831624
1022,"GSED-CIV",2.79808350444901,4.63276670989445,73.3172098989811,0.0437264278987232,1.70179453442528,15.7306401027844,73.3210883257953,0.0511336304411185,1.77601383476458,27.2609020604945,-0.00387842681416828,-0.00528964708889052,-0.00740720254239527,-14.4859703457294,-0.074219300339299,-4.17898210512179,-11.5302619577101,-42.2959663334814
1029,"GSED-CIV",2.81724845995893,4.63295312552195,73.4367061096189,0.0436484341300678,1.6874036725249,15.7051270608151,73.451723978336,0.0511084609170066,1.7568317811609,27.3084444904171,-0.0150178687171802,-0.0204459036545005,-0.00746002678693879,-14.5964614333679,-0.069428108636008,-3.95189279818984,-11.603317429602,-42.4898512021575
1036,"GSED-CIV",2.83641341546886,4.63313950640513,73.5531016776883,0.0435727649194184,1.6725249761962,15.6796602731285,73.5792910768917,0.0510862828803068,1.73696892640779,27.3560611776781,-0.0261893992033606,-0.0355934378003075,-0.00751351796088846,-14.7075056889387,-0.0644439502115897,-3.71013834685377,-11.6764009045496,-42.6830486622733
1043,"GSED-CIV",2.85557837097878,4.63332585255696,73.6664937874732,0.0434991446907235,1.65718724741115,15.6542396423126,73.7038701821097,0.0510667049719654,1.71643715590346,27.40375221565,-0.0373763946364818,-0.0507115766704395,-0.00756756028124191,-14.8189711582064,-0.0592499084923148,-3.45191248561198,-11.7495125733374,-42.8755612767048
1050,"GSED-CIV",2.87474332648871,4.63351216399037,73.7769930485233,0.0434273286805255,1.6414102115252,15.6288650706377,73.8255120669985,0.0510494167104627,1.69523984497403,27.4515176964546,-0.0485190184752753,-0.0657212081796914,-0.00762208802993725,-14.9308033687583,-0.0538296334488291,-3.17534026871895,-11.8226526258169,-43.0673915976013
1057,"GSED-CIV",2.89390828199863,4.63369844071829,73.8846597715571,0.0433570899385377,1.62520782042658,15.6035364606824,73.9441872115211,0.0510341411026226,1.67337408403454,27.4993577128615,-0.0595274399639862,-0.0805032041175935,-0.00767705116408488,-15.0429712310577,-0.0481662636079592,-2.87839187110089,-11.8958212521791,-43.2585421681156
1064,"GSED-CIV",2.91307323750856,4.63388468275365,73.9895352554986,0.0432881868193995,1.60859321207588,15.578253715768,74.0598471113604,0.0510205222108851,1.65082776656142,27.5472723591241,-0.0703118558617604,-0.0949392398232144,-0.00773233539148559,-15.155343490067,-0.042234554485534,-2.55838648592072,-11.9690186433561,-43.4490155225541
1071,"GSED-CIV",2.93223819301848,4.63407089010938,74.0915981264377,0.0432203290018211,1.59157799060734,15.5530167400076,74.172398370449,0.0510081222043366,1.62757570049538,27.5952617309059,-0.0808002440112858,-0.10893573052301,-0.00778779320251542,-15.267751224634,-0.035997709888036,-2.21173797796806,-12.0422449908983,-43.6388141860285
1078,"GSED-CIV",2.9514031485284,4.63425706279839,74.1908518976677,0.0431532211979092,1.57417141189056,15.5278254381998,74.2818213028861,0.050996571964451,1.60359289189499,27.6433259239054,-0.0909694052183454,-0.122465232573412,-0.00784335076654184,-15.380152948338,-0.0294214800044332,-1.83472252547,-12.1155004857057,-43.8279406720318
1085,"GSED-CIV",2.97056810403833,4.63444320083357,74.2874044639547,0.0430865803388403,1.55637870114373,15.5026797157225,74.3881941030002,0.0509856122714297,1.57885878135521,27.6914650334848,-0.100789639045487,-0.135491444927311,-0.00789903193258936,-15.49266857979,-0.0224800802114729,-1.42381829692059,-12.1887853177623,-44.0163974821249
1092,"GSED-CIV",2.98973305954825,4.63462930422784,74.3814591654956,0.0430200072243056,1.53819921548534,15.4775794789971,74.4917031673198,0.0509749336290976,1.5533442834037,27.7396791563708,-0.110244001824185,-0.147995007681003,-0.00795492640479198,-15.605565007055,-0.015145067918356,-0.974997499277498,-12.2620996773737,-44.2041871077573
1099,"GSED-CIV",3.00889801505818,4.63481537299408,74.4732039826021,0.0429531208342885,1.51963224993639,15.4525246345379,74.5925592605424,0.0509642786844726,1.52702980246604,27.7879683883438,-0.119355277940272,-0.160009629812244,-0.00801115785018404,-15.7191626311093,-0.00739755252965058,-0.484440612599968,-12.3354437538059,-44.3913120290589
1106,"GSED-CIV",3.0280629705681,4.63500140714517,74.5627952941939,0.0428856325175486,1.50067449008466,15.427515088193,74.69093127037,0.0509535150584159,1.49989479599755,27.8363328235968,-0.128135976176054,-0.171554931765707,-0.0080678825408673,-15.8338095646941,0.000779694087102767,0.0519832517042775,-12.4088177354038,-44.5777747163766
1113,"GSED-CIV",3.04722792607803,4.63518740669399,74.6503496024291,0.0428174473280777,1.48133519555836,15.4025507442274,74.7868949983573,0.050942737758912,1.47194046608652,27.8847725536977,-0.136545395928195,-0.182579308756159,-0.00812529043083435,-15.9498503384084,0.00939472947183151,0.638254718059994,-12.4822218094703,-44.7635776316027
1120,"GSED-CIV",3.06639288158795,4.63537337165341,74.7359442862135,0.042748694515514,1.46163248347311,15.3776315057841,74.8805167155606,0.0509322321660285,1.44319561765974,27.9332876688934,-0.144572429347093,-0.19307082227579,-0.0081835376505145,-16.0675024488184,0.0184368658133716,1.27750289619563,-12.5556561631092,-44.9487232292076
1127,"GSED-CIV",3.08555783709788,4.6355593020363,74.8195940446673,0.0426795412969717,1.44158964795223,15.3527572760686,74.9717970882158,0.0509222256648787,1.41370742680993,27.9818782602791,-0.152203043548511,-0.203013732443175,-0.00824268436790705,-16.1868108871606,0.0278822211422958,1.97227662623324,-12.6291209842104,-45.133213956326
1134,"GSED-CIV",3.1047227926078,4.63574519785551,74.9012224442857,0.0426101671015879,1.42123611677735,15.3279279584026,75.0606619966668,0.0509129361123553,1.38354126851966,28.0305444188141,-0.159439552381116,-0.212414263530205,-0.0083027690107674,-16.3077788176363,0.0376948482576993,2.72451925471161,-12.7026164604115,-45.3170522506351
1141,"GSED-CIV",3.12388774811773,4.63593105912388,74.9807166165541,0.042540814774678,1.40060284132062,15.3031434563852,75.1470583698086,0.0509046698092693,1.35276859072504,28.0792862348844,-0.166341753254528,-0.221354976313162,-0.00836385503459126,-16.4304278289774,0.0478342505955833,3.53602611145382,-12.7761427784992,-45.5002405389731
1148,"GSED-CIV",3.14305270362765,4.63611688585427,75.0579843646914,0.0424717136700869,1.37972181666399,15.2784036745335,75.2309805950643,0.050897717565989,1.32145699151853,28.1281037996978,-0.172996230372917,-0.229953443388011,-0.00842600389590214,-16.5547775005388,0.0582648251454587,4.40913518331798,-12.8497001251643,-45.682781237825
1155,"GSED-CIV",3.16221765913758,4.63630267805949,75.1330007850559,0.0424030182545056,1.35862480353453,15.2537085183658,75.3124923077904,0.0508922236870427,1.28967147583495,28.1769972067874,-0.179491522734523,-0.238329017184784,-0.00848920543253706,-16.6807516306237,0.0689533276995857,5.34658081469505,-12.9232886884215,-45.8646767559339
1162,"GSED-CIV",3.1813826146475,4.63648843575238,75.2058654054486,0.0423347860408346,1.33734274146555,15.2290578944047,75.3917683604825,0.0508881523916536,1.25748296457761,28.2259665517811,-0.185902955033839,-0.246582563423837,-0.00855336635081907,-16.8081684023214,0.0798597768879321,6.35076411669377,-12.9969086573764,-46.045929493799
1169,"GSED-CIV",3.20054757015743,4.63667415894576,75.2767047776005,0.042267005993992,1.31590755115982,15.204451710018,75.4689608503842,0.0508853805292026,1.22497473205696,28.2750119313745,-0.192256072783735,-0.254748535844927,-0.00861837453521062,-16.9368381361806,0.0909328191028567,7.42324039208249,-13.0705602213564,-46.2265418422444
1176,"GSED-CIV",3.21971252566735,4.63685984765245,75.3456434959813,0.0421996405149252,1.29435341024318,15.1798898730312,75.5442170976265,0.0508837380767865,1.19224176101252,28.3241334425597,-0.198573601645194,-0.262857448623202,-0.00868409756186134,-17.0665479583213,0.102111649230658,8.56467644145753,-13.1442435695285,-46.406516182338
1183,"GSED-CIV",3.23887748117728,4.63704550188523,75.4128486303369,0.0421326340401051,1.27271538227317,15.15537229173,75.617723921539,0.0508829902860839,1.15938202213358,28.3733311827874,-0.204875291202086,-0.270935543384861,-0.00875035624597879,-17.1970165212007,0.113333360139593,9.77532495553352,-13.2179588910573,-46.5858548857175
1190,"GSED-CIV",3.2580424366872,4.63723112165692,75.4785260617588,0.0420658807420706,1.25102359482233,15.1308988751331,75.6896833256447,0.0508828139686399,1.12647946504132,28.4226052510769,-0.211157263885966,-0.278977602505601,-0.00881693322656929,-17.3279198591559,0.124544129781007,11.0560497235907,-13.2917063759438,-46.7645603157373
1197,"GSED-CIV",3.27720739219713,4.63741670698031,75.5428963774087,0.0419992428123136,1.22930288885209,15.1064695328049,75.7602850686343,0.0508828422109636,1.09359365008972,28.4719557480396,-0.217388691225565,-0.286942810508995,-0.00888359939865,-17.4589292041078,0.135709238762365,12.409475745514,-13.3654862152347,-46.94263482815
1204,"GSED-CIV",3.29637234770705,4.63760225786817,75.6063353344185,0.0419326109793578,1.20756729922981,15.0820841743783,75.829830606675,0.0508828122025029,1.06075812047773,28.5213827745762,-0.223495272256514,-0.294732653981216,-0.00895020122314503,-17.5898320783158,0.14680917875208,13.8400240279058,-13.4392986001979,-47.1200807703391
1211,"GSED-CIV",3.31553730321697,4.63778777433329,75.6693160431898,0.0418659369536455,1.18582693784657,15.0577427097807,75.8986952099879,0.0508826205096029,1.02799401747771,28.5708864314806,-0.229379166798097,-0.302217536366701,-0.00901668355595744,-17.7205565783621,0.157832920368856,15.3534862737932,-13.5131437216999,-47.2969004798205
1218,"GSED-CIV",3.3347022587269,4.63797325638843,75.7322626803183,0.0417991851121457,1.16409530077387,15.033445049555,75.9671983440295,0.050882214779082,0.995320095302391,28.6204668199721,-0.234935663711198,-0.309259349867366,-0.00908302966693625,-17.8510894354197,0.168775205471479,16.95687711602,-13.5870217704171,-47.4730962841449
1225,"GSED-CIV",3.35386721423682,4.63815870404636,75.7954223059646,0.0417323221765647,1.14238729730642,15.0091911049359,76.0354975187616,0.0508815529131053,0.962751971831547,28.6701240422898,-0.240075212796924,-0.315740963932913,-0.00914923073654061,-17.9814298360066,0.179635325474872,18.658525843695,-13.6609329373539,-47.6486705017508
1232,"GSED-CIV",3.37303216974675,4.63834411731983,75.8588660304572,0.0416653496041064,1.12072140269697,14.9849807872905,76.1035941429782,0.0508806353132073,0.930301859553434,28.7198582007458,-0.244728112521045,-0.32157234527093,-0.00921528570910093,-18.1115775233036,0.190419543143538,20.4685759990789,-13.7348774134552,-47.8236254421987
1239,"GSED-CIV",3.39219712525667,4.6385294962216,75.9226775928951,0.0415982682885428,1.09910908227867,14.9608140080308,76.1715029722541,0.0508794646877212,0.897965011475292,28.7696693980012,-0.248825379358991,-0.326664657581493,-0.00928119639917836,-18.2415370447445,0.201144070803374,22.3999897805494,-13.8088553899704,-47.9979634070101
1246,"GSED-CIV",3.4113620807666,4.63871484076439,75.986928267799,0.0415310703662753,1.0775534443059,14.9366906787324,76.2392491767305,0.0508779589401503,0.865736047513685,28.8195577370852,-0.252320908931551,-0.330959330864664,-0.00934688857387506,-18.371194066315,0.211817396792219,24.4667410350464,-13.8828670583528,-48.1716866893077
1253,"GSED-CIV",3.43052703627652,4.63890015096096,76.0516314189298,0.0414638084114481,1.05604996928954,14.9126107108632,76.3068116599424,0.050876075226626,0.833608863539407,28.8695233208617,-0.255180241012596,-0.334413449417588,-0.00941226681517793,-18.5003791531702,0.222441105750133,26.6841099560378,-13.9569126099984,-48.3447975738238
1260,"GSED-CIV",3.44969199178645,4.63908542682401,76.1167497078486,0.0413965736312076,1.03458970749649,14.8885740165837,76.3741894789189,0.050873861006291,0.801569586556642,28.9195662529839,-0.257439771070352,-0.337076927201187,-0.00947728737508347,-18.6289917604475,0.233020120939848,29.0704793255503,-14.0309922364003,-48.5172983358716
1267,"GSED-CIV",3.46885694729637,4.63927066836628,76.1822191314123,0.0413293812324923,1.01316129707055,14.8645805090904,76.4414500022079,0.0508713730000706,0.769591495181847,28.9696866382958,-0.259230870795648,-0.339123434717892,-0.00954199176757827,-18.7570950120906,0.2435698018887,31.6492325361712,-14.1051061292054,-48.6891912408867
1274,"GSED-CIV",3.4880219028063,4.63945587560047,76.2478731927158,0.041262238261973,0.991754454784476,14.8406301020656,76.5085946156571,0.0508686904650021,0.737653136490236,29.0198845819102,-0.260721422941259,-0.340774032317545,-0.00960645220302914,-18.8848034325523,0.25410131829424,34.4472633171815,-14.1792544798446,-48.8604785447126
1281,"GSED-CIV",3.50718685831622,4.6396410485393,76.3135497227393,0.0411951551985837,0.970360809136207,14.8167227095951,76.5756168274445,0.0508658882191036,0.705737476592737,29.0701601888617,-0.26206710470521,-0.342233096594902,-0.0096707330205199,-19.0122169475611,0.26462333254347,37.4960011789451,-14.2534374792667,-49.0311624933112
1288,"GSED-CIV",3.52635181382615,4.63982618719546,76.3792215408515,0.0411281663271102,0.948975512279193,14.7928582461575,76.6425901564518,0.0508630386545552,0.673835945088731,29.1205135642323,-0.263368615600228,-0.343632195966511,-0.00973487232744499,-19.1393840890258,0.275139567190462,40.8318329106399,-14.3276553180748,-49.2012453230666
1295,"GSED-CIV",3.54551676933607,4.64001129158164,76.4448998081704,0.0410612881484197,0.927596130250808,14.7690366266617,76.7095633554968,0.0508601722522501,0.641945066557975,29.1709448136131,-0.264663547326435,-0.345020276155007,-0.00979888410383038,-19.2663211112048,0.285651063692833,44.4977426533483,-14.4019081869514,-49.370729261503
1302,"GSED-CIV",3.564681724846,4.64019636171053,76.5105760641355,0.0409945241353324,0.90622117992213,14.7452577662756,76.7765352862961,0.0508572994802824,0.61006143060487,29.2214540429323,-0.265959222160632,-0.346406908268108,-0.00986277534494996,-19.3930378642574,0.296159749317261,48.5458897186176,-14.4761962766567,-49.5396165275972
0,"GSED-NLD",0,4.60517018598809,9.93477026802316,0.295814347227437,-0.234137620856423,20.0072760138823,11.6050503129991,0.261950107186285,0.907877454013602,21.0681859305832,-1.67028004497598,-14.3926997292296,0.0338642400411521,12.9277442963861,-1.14201507487003,-125.789562216942,-1.06090991670091,-5.03560164219387
7,"GSED-NLD",0.0191649555099247,4.60536181718076,10.7526722115845,0.283827942664777,-0.18518662319456,19.9738789996303,12.4030362089615,0.251867363876831,0.930979954518945,21.1059002703549,-1.650363997377,-13.3061289959355,0.0319605787879461,12.6894482460917,-1.1161665777135,-119.891580081362,-1.13202127072466,-5.36352989554623
14,"GSED-NLD",0.0383299110198494,4.60555341165795,11.570412677266,0.272329367542378,-0.136245722740508,19.9405441158256,13.2008705348206,0.242174525248723,0.954074529958685,21.143674877681,-1.63045785755462,-12.3511389135579,0.0301548422936547,12.4516987336651,-1.09032025269919,-114.280406662403,-1.20313076185534,-5.69026325279601
21,"GSED-NLD",0.0574948665297741,4.60574496943373,12.3880017856065,0.261299055129366,-0.0872921907974182,19.9072712344995,13.9985964604806,0.232856846814105,0.9772033323882,21.181509836192,-1.61059467487416,-11.5054011266131,0.0284422083152603,12.2144608176226,-1.06449552318562,-108.932858485458,-1.27423860169244,-6.01580629306793
28,"GSED-NLD",0.0766598220396988,4.60593649052216,13.2056507973429,0.250722208553727,-0.038135695599737,19.8740602225372,14.7966139832405,0.223903879062596,1.0007686427584,21.2194052181427,-1.59096318589758,-10.7522111998029,0.0268183294911302,11.9776082502048,-1.03890433835814,-103.810640538719,-1.34534499560541,-6.34016355206382
35,"GSED-NLD",0.0958247775496235,4.60612797493728,14.023987763406,0.240588357363552,0.0114573008296925,19.8409109435525,15.5957536804133,0.215309018190003,1.02532597689816,21.2573610863,-1.57176591700732,-10.0781658213883,0.0252793391735486,11.7409569678314,-1.01386867606846,-98.8825699252882,-1.41645014274756,-6.66333952270509
42,"GSED-NLD",0.114989733059548,4.60631942269314,14.843566991836,0.230889001731809,0.0616004438371808,19.8078232608132,16.3965275248461,0.207067025411573,1.05128782178837,21.29537749981,-1.55296053301005,-9.4712769557872,0.0238219763202364,11.5044760375956,-0.989687377951193,-94.1404777492437,-1.48755423899677,-6.98533866802802
49,"GSED-NLD",0.134154688569473,4.60651083380377,15.6649445046993,0.221616407785482,0.112309028062061,19.7747970366426,17.1992840378762,0.199172785863774,1.07888877540219,21.3334545159255,-1.53433953317688,-8.92095002209376,0.022443621921708,11.2684179338931,-0.966579747340125,-89.5903052638401,-1.5586574792829,-7.306165431948
56,"GSED-NLD",0.153319644079398,4.6067022082832,16.4890903870507,0.212763641284064,0.163457549735462,19.7418321304249,18.0049106380647,0.191621919955934,1.10799285758867,21.3715921878771,-1.51582025101405,-8.41892682216043,0.0211417213281301,11.0330390870689,-0.944535307853207,-85.247418463401,-1.62976005745223,-7.62582423960299
63,"GSED-NLD",0.172484599589322,4.60689354614545,17.3169018810167,0.204323052605925,0.214831745353312,19.7089284028682,18.8144383092808,0.18440974578618,1.13820004163427,21.4097905701766,-1.49753642826401,-7.95950643674178,0.0199133068197452,10.7984026195852,-0.923368296280959,-81.1253086017421,-1.70086216730837,-7.94431950061964
70,"GSED-NLD",0.191649555099247,4.60708484740452,18.1490611022055,0.196286324724469,0.266238219479608,19.6760857162131,19.6285883526259,0.177530948424467,1.16920656186339,21.4480497184558,-1.47952725042042,-7.53761413628348,0.0187553763000023,10.5645671734706,-0.902968342383785,-77.2291545255017,-1.7719640022427,-8.2616556073998
77,"GSED-NLD",0.210814510609172,4.60727611207442,18.9861253223283,0.188644085332149,0.317528361844683,19.6433039344111,20.4478890714428,0.170979235256265,1.2008087095807,21.4863696904026,-1.46176374911451,-7.14872691262779,0.0176648500758836,10.3315762580218,-0.883280347736019,-73.5571236857903,-1.84306575599145,-8.57783693824605
84,"GSED-NLD",0.229979466119097,4.60746734016914,19.8283183207326,0.18138612935958,0.368591357137157,19.6105829234914,21.272508099288,0.164747243610346,1.2328242151394,21.5247505477789,-1.44418977855548,-6.78899625664644,0.0166388857492344,10.0996443913733,-0.864232858002242,-70.1018723828783,-1.91416762428751,-8.89286786408324
91,"GSED-NLD",0.249144421629021,4.60765853170267,20.6754426085982,0.174500970167116,0.419336174096434,19.5779225521048,22.1022463251566,0.158826545929816,1.26506991173462,21.563192357287,-1.42680371655838,-6.45546925669,0.0156744242373,9.86889448834734,-0.845733737638184,-66.8527272519306,-1.98526980518213,-9.20675274925718
98,"GSED-NLD",0.268309377138946,4.60784968668898,21.52687449503,0.167975622443125,0.469666118815512,19.5453226923902,22.9365414323595,0.153207570960786,1.2973235509714,21.6016951924269,-1.40966693732953,-6.14594376177715,0.0147680514823395,9.63924392882611,-0.827657432155886,-63.7973026494555,-2.05637250003668,-9.51949595491746
105,"GSED-NLD",0.287474332648871,4.60804080514205,22.3819327394966,0.161796070544565,0.519448751809105,19.5127832194553,23.7746843400378,0.147879597108205,1.32930606296216,21.6402591331744,-1.39275160054123,-5.85812867427125,0.0139164734363596,9.41067849013463,-0.809857311153053,-60.9233143305168,-2.12747591371906,-9.83110183952304
112,"GSED-NLD",0.306639288158795,4.60823188707584,23.2401781194063,0.155947426971295,0.568535502628569,19.4803040112569,24.616190517143,0.142830838464002,1.36072377712258,21.6788842660144,-1.37601239773672,-5.58986735489574,0.0131165885072933,9.18330288357099,-0.792188274494007,-58.2181547653404,-2.19858025475753,-10.1415747590119
119,"GSED-NLD",0.32580424366872,4.60842293250429,24.1010939790291,0.150414355429583,0.616804971707817,19.4478849473761,25.4604774427507,0.138049110423653,1.39136660137312,21.7175706806101,-1.35938346372157,-5.33919077824922,0.0123652450059299,8.95713486887583,-0.774561629665301,-55.6691262317852,-2.269685733234,-10.4509190581819
126,"GSED-NLD",0.344969199178645,4.60861394144136,24.9639144408235,0.145181451402966,0.664157426367961,19.4155259088258,26.3067157630454,0.13352236591651,1.42106434645698,21.7563184687209,-1.3428013222219,-5.10440502842324,0.0116590854864564,8.7319344638835,-0.75690692008902,-53.2633812097356,-2.3407925598951,-10.7591390669357
133,"GSED-NLD",0.364134154688569,4.60880491390098,25.8276873064005,0.140232797075637,0.710519405502292,19.3832267793014,27.1539132443768,0.129238102775583,1.44967539849667,21.7951277260052,-1.32622593797625,-4.88410611774674,0.0109946943000542,8.50731639038841,-0.73915599299438,-50.9876896414806,-2.41190094670374,-11.066239101806
140,"GSED-NLD",0.383299110198494,4.60899584989709,26.6914272229773,0.135553117244746,0.755866095446275,19.3509874436864,28.0009151016705,0.125184103577787,1.47718898886431,21.8339985497556,-1.30948787869322,-4.67658958265653,0.0103690136669594,8.28301147718511,-0.721322893418031,-48.8307791931619,-2.48301110606919,-11.3722234633793
147,"GSED-NLD",0.402464065708419,4.6091867494436,27.5539425749704,0.131128222124771,0.800199887022958,19.3188077869016,28.8463237974274,0.12134883744206,1.5036476921354,21.8729310381277,-1.29238122245699,-4.48022850860546,0.00977938468271058,8.05890265523135,-0.703447805112441,-46.7827542842461,-2.55412325122614,-11.6770964383965
154,"GSED-NLD",0.421629021218344,4.60937761255443,28.4137026468733,0.126944528627384,0.843559682177251,19.2866876953296,29.6885188990723,0.11772120355404,1.5291689058997,21.9119252919543,-1.274816252199,-4.29397052959361,0.00922332507334406,7.83488852890473,-0.685609223722449,-44.8354149157293,-2.6252375966246,-11.9808623005326
161,"GSED-NLD",0.440793976728268,4.60956843924349,29.2688297421504,0.12298874294507,0.885983668676606,19.2546270573426,30.5255549781439,0.11429022515371,1.55387374073021,21.9509814150942,-1.25672523599348,-4.11696113925951,0.00869851779136066,7.61090266438968,-0.667890072053604,-42.9822613348072,-2.69635435775161,-12.2835253092488
168,"GSED-NLD",0.459958932238193,4.60975922952466,30.117278234867,0.119248259768937,0.92749631029635,19.222625761454,31.3554184111522,0.111045626275557,1.57784313855664,21.9900995115415,-1.23814017628516,-3.94872796800184,0.00820263349338012,7.38672360946978,-0.650346828260289,-41.2174577033815,-2.76747375008756,-12.585089706552
175,"GSED-NLD",0.479123887748118,4.60994998341185,30.9568853204063,0.11571109688243,0.968121764015176,19.1906836968635,32.1760663041136,0.107977749640864,1.6011334430171,22.0292796865297,-1.2191809837073,-3.78909271314945,0.00773334724156666,7.16198222993897,-0.633011679001929,-39.5352231110175,-2.83859598966623,-12.8855597189678
182,"GSED-NLD",0.498288843258042,4.61014070091894,31.7853559462793,0.11236640915711,1.00791266144309,19.1588007520081,32.9853600847282,0.105077745423079,1.62383448766318,22.0685220440563,-1.20000413844895,-3.63799011248186,0.00728866373403092,6.93644853597138,-0.615921826220092,-37.9300865266416,-2.90972129204824,-13.1849395543546
189,"GSED-NLD",0.517453798767967,4.61033138205979,32.6002203710359,0.109204428060786,1.04697020732846,19.1269768134869,33.7809942585681,0.102337552973776,1.64612917345313,22.1078266842036,-1.1807738875322,-3.49537932037838,0.00686687508701005,6.71002470497771,-0.599158966124665,-36.3980528252102,-2.98084987071675,-13.4832333964632
196,"GSED-NLD",0.536618754277892,4.61052202684827,33.3990567799985,0.106215554389841,1.0853968329783,19.0952117689879,34.5606219013791,0.099749167079126,1.6682061126804,22.1471937085274,-1.16156512138058,-3.36094970945599,0.00646638731071479,6.4826479258572,-0.58280927970209,-34.9362872652264,-3.05198193953949,-13.7804454131107
203,"GSED-NLD",0.555783709787817,4.61071263529825,34.1799534265392,0.103390377451759,1.12328237446445,19.063505507939,35.3223274381368,0.0973047058939671,1.69017820532055,22.1866232206483,-1.14237401159761,-3.2341413900269,0.00608567155779234,6.25424176752961,-0.5668958308561,-33.5405952503444,-3.12311771270927,-14.076579755511
210,"GSED-NLD",0.574948665297741,4.61090320742357,34.9417479852498,0.100719910173748,1.16068668126859,19.0318579208091,36.0649544780831,0.0949965814522839,1.71203296185354,22.2261153247376,-1.12320649283323,-3.11439875382572,0.00572332872146374,6.02477334864784,-0.551346280584952,-32.2041860682422,-3.19425740392852,-14.3716405555285
217,"GSED-NLD",0.594113620807666,4.61109374323807,35.6839899474561,0.0981957858358989,1.19764240712941,19.0002688988104,36.7880410709294,0.0928175615450034,1.73367880035946,22.2656701265734,-1.10405112347326,-3.00111419725935,0.00537822429089554,5.79440377593616,-0.536036393230042,-30.9190141287361,-3.26540122776305,-14.665631931131
224,"GSED-NLD",0.613278576317591,4.6112842427556,36.406726703,0.0958100261620937,1.2341758801397,18.9687383343453,37.4915677565501,0.0907606162824175,1.75500477289749,22.3052877338007,-1.08484105355011,-2.89356012155715,0.00504940987967621,5.56343718950089,-0.520828892757791,-29.6767792772385,-3.33654939945534,-14.9585579853303
231,"GSED-NLD",0.632443531827515,4.61147470598997,37.110537313497,0.0935552025923646,1.27029422866769,18.9372661203686,38.1759050292938,0.088819167406161,1.7758754951537,22.3449682541424,-1.06536771579677,-2.7906809674303,0.00473603518620359,5.33222200175125,-0.505581266486012,-28.4694094752546,-3.40770213377371,-15.2504228021984
238,"GSED-NLD",0.65160848733744,4.611665132955,37.7965038971673,0.0914245549156417,1.30597400562686,18.9058521501503,38.8418297768653,0.0869872519449048,1.79610289503172,22.3847117956989,-1.04532587969793,-2.69123747697526,0.00443730297073694,5.10109570256042,-0.490128889404859,-27.2884638603182,-3.4788596455486,-15.5412304491543
245,"GSED-NLD",0.670773442847365,4.61185552366451,38.4660946388308,0.0894119760655105,1.34116675154236,18.8744963169708,39.4905474584911,0.0852594733157654,1.81545884064666,22.4245184673372,-1.02445281966027,-2.59417224017236,0.0041525027497451,4.87042974610689,-0.474292089104292,-26.1251909701986,-3.55002215036634,-15.8309849798433
252,"GSED-NLD",0.68993839835729,4.6120458781323,39.1209264020859,0.0875118971543556,1.37584401450755,18.8431985128253,40.123533174021,0.0836310258611108,1.83375918385239,22.4643883765856,-1.00260677193506,-2.49879981303398,0.00388087129324478,4.64046835882402,-0.457915169344839,-24.9713906480808,-3.62118986376026,-16.1196904320555
259,"GSED-NLD",0.709103353867214,4.61223619637215,39.7623257413842,0.085718786177275,1.40999320693671,18.8119586303207,40.7420415927977,0.082097294563665,1.85086874031536,22.5043216318409,-0.979715851413516,-2.40468030837882,0.0036214916136099,4.41121919164035,-0.440875533378654,-23.8199243293468,-3.69236300152016,-16.4073508276558
266,"GSED-NLD",0.728268309377139,4.61242647839787,40.3912072479841,0.0840269305576877,1.44361842299668,18.7807765626183,41.3470325279124,0.0806536553312006,1.86669438154953,22.5443183421308,-0.955825279928277,-2.31171433955513,0.00337327522648709,4.18242076274768,-0.423075958552857,-22.6644469889958,-3.76354177951253,-16.6939701719844
273,"GSED-NLD",0.747433264887064,4.61261672422323,41.0084230567971,0.0824306673813994,1.4767498058516,18.7496522021752,41.939447715524,0.079295648071037,1.88121272134413,22.5843786142882,-0.931024658726827,-2.21992589182858,0.00313501931036238,3.95358306114589,-0.404462915492527,-21.500115904146,-3.83472641211297,-16.9795524490849
280,"GSED-NLD",0.766598220396988,4.612806933862,41.6148548066346,0.0809247273800055,1.50944939697727,18.7185854380586,42.5202660212089,0.0780191763673757,1.89445970664651,22.6245025480407,-0.905411214574372,-2.12936394641265,0.00290555101262981,3.72414981535845,-0.385010309669238,-20.3229611228189,-3.90591710998212,-17.2641016158845
287,"GSED-NLD",0.785763175906913,4.61299710732794,42.2114098301747,0.0795039625840156,1.54177184991935,18.6875761598841,43.0905498386006,0.076820197154479,1.90646608765866,22.6646902445228,-0.879140008425949,-2.04021534122643,0.00268376542953652,3.49356748478488,-0.364694237739307,-19.1293325436064,-3.97711408463874,-17.5476216164033
294,"GSED-NLD",0.804928131416838,4.61318724463481,42.799147163686,0.0781632836607152,1.57376669324369,18.6566242590087,43.6515138736002,0.0756946823395366,1.91727590960666,22.7049418081667,-0.852366709914271,-1.95266242628476,0.00246860132117861,3.26126122057748,-0.343509216362969,-17.9165249321598,-4.04831754915802,-17.8301163833059
301,"GSED-NLD",0.824093086926763,4.61337734579636,43.3790872819804,0.0768975810259004,1.6054813921466,18.6257296280663,44.2043081235949,0.0746386501577895,1.9269448404801,22.7452573455479,-0.825220841614531,-1.86683352063156,0.00225893086811096,3.02648944392146,-0.3214634483335,-16.6825454252965,-4.11952771748166,-18.1115898356191
308,"GSED-NLD",0.843258042436687,4.61356741082632,43.9522069431268,0.0757016706006375,1.63696482673279,18.5948921610228,44.7500459604097,0.0736480028973323,1.93554440915666,22.7856369660223,-0.797839017282847,-1.78287865444584,0.0020536677033052,2.78849068883522,-0.298579582423877,-15.4261292591045,-4.19074480499951,-18.3920458806954
315,"GSED-NLD",0.862422997946612,4.61375743973843,44.5193926154412,0.0745705327499449,1.66825657932163,18.5641117526443,45.2897213618883,0.0727186816610894,1.94314509363897,22.8260807810914,-0.770328746447063,-1.70089089374549,0.00185185108885544,2.54659606933762,-0.274888514317345,-14.1465768674307,-4.26196902844703,-18.6714884141545
322,"GSED-NLD",0.881587953456537,4.61394743254642,45.081434343206,0.0734992849654288,1.69938581584744,18.5333882977434,45.8242113576699,0.0718466946773609,1.94979354056637,22.8665889039697,-0.742777014463911,-1.62092700006628,0.00165259028806791,2.30016188704175,-0.250407724718931,-12.8427815309201,-4.33320060622621,-18.9499213215574
329,"GSED-NLD",0.900752908966461,4.614137389264,45.6388690769157,0.0724832082171746,1.73038521788594,18.5027216912836,46.3541362582107,0.0710281554607347,1.95555085171084,22.9071614491559,-0.715267181294998,-1.5430493134651,0.00145505275643994,2.04855771208125,-0.225165633824899,-11.5141794256032,-4.40443975787227,-19.2273484763629
336,"GSED-NLD",0.919917864476386,4.61432730990487,46.1919804164615,0.0715176977810611,1.76129478075343,18.4721118286295,46.8798810070546,0.0702592176304483,1.96050826200705,22.9477985324359,-0.687900590593074,-1.46736846556747,0.00125848015061278,1.79119579331522,-0.199213481253619,-10.161318119092,-4.47568670380645,-19.5037737388195
343,"GSED-NLD",0.939082819986311,4.61451719448275,46.7408791850628,0.0705985104359029,1.79214125038789,18.441558605345,47.4016648057999,0.0695362447948385,1.96473522592134,22.9885002701889,-0.660785620737144,-1.39401352978702,0.0010622656410644,1.52764309346663,-0.172593975533454,-8.78459210464444,-4.5469416648439,-19.7792009544019
350,"GSED-NLD",0.958247775496235,4.61470704301131,47.2855490068318,0.0697216544055597,1.82293459695735,18.4110619171878,47.9195589772843,0.0688557054896996,1.9682980932635,23.0292667793845,-0.634009970452489,-1.32307138042116,0.000865948915860087,1.25762841249173,-0.145363496306151,-7.38523787650138,-4.61820486219671,-20.0536339538646
357,"GSED-NLD",0.97741273100616,4.61489685550426,47.8257912276714,0.0688832901157538,1.85366292990824,18.3806216602957,48.4333796487574,0.068214095273801,1.97123830784346,23.0700981791395,-0.607588421086007,-1.25448280812176,0.000669194841952797,0.98102135528845,-0.117575377935226,-5.96454408720645,-4.68947651884385,-20.3270765578457
364,"GSED-NLD",0.996577686516085,4.61508663197525,48.3610494478117,0.0680797473812411,1.88433180361708,18.3502377310399,48.9425121563186,0.0676080170684282,1.97364727081367,23.1109945889577,-0.581462708506919,-1.18805243721404,0.000471730312812918,0.697743157199042,-0.0893154671965826,-4.52540170259303,-4.76075685791782,-20.599532571361
371,"GSED-NLD",1.01574264202601,4.61527637243798,48.8905182499293,0.0673078765288833,1.91495770932721,18.3199100259077,49.4461181145905,0.0670344887782894,1.97564985330535,23.1519561281235,-0.555599864661218,-1.12364708463792,0.00027338775059392,0.407831484324623,-0.0606921439781423,-3.07200913545493,-4.83204610221587,-20.8710057822985
378,"GSED-NLD",1.03490759753593,4.61546607690609,49.4133736884781,0.0665648855850578,1.94555367110969,18.2896384426732,49.9433818546952,0.0664907978818753,1.97736583576975,23.1929829179045,-0.530008166217165,-1.06121801635133,7.40877031824433e-05,0.111425498779642,-0.0318121646600666,-1.60881532818042,-4.9033444752313,-21.1414999639655
385,"GSED-NLD",1.05407255304586,4.61565574539324,49.9289460566697,0.0658483736536251,1.97611324844584,18.2594228797548,50.4337294506991,0.065974555429408,1.97886067735471,23.2340750802806,-0.504783394029339,-1.00088452614393,-0.000126181775782899,-0.19125824336613,-0.00274742890886337,-0.138838925867993,-4.97465220052584,-21.4110188735163
392,"GSED-NLD",1.07323750855578,4.61584537791307,50.4366443911327,0.0651562009624057,2.00661920150747,18.2292632359596,50.9167568938537,0.0654835511946257,1.98015844695415,23.2752327379385,-0.480112502721028,-0.942936141282367,-0.000327350232220067,-0.49989688440558,0.0264607545533255,1.33629480984348,-5.04596950197883,-21.6795662530752
399,"GSED-NLD",1.09240246406571,4.61603497447923,50.9359337884659,0.0644861994267547,2.03704445557342,18.1991594110955,51.3920789810808,0.0650155373289068,1.98126949592111,23.3164560156275,-0.45614519261489,-0.887578789686274,-0.000529337902152177,-0.814171387178286,0.0557749596523172,2.81511221805729,-5.11729660453199,-21.9471458316915
406,"GSED-NLD",1.11156741957563,4.61622453510535,51.426367999068,0.0638361740267473,2.06734603729398,18.1691113054262,51.8592784565666,0.0645682452777315,1.98217799495883,23.3577450390861,-0.432910457498558,-0.834779176230018,-0.000732071250984179,-1.13379455773542,0.0851680423351491,4.29668993156783,-5.18863373365986,-22.2137613240378
413,"GSED-NLD",1.13073237508556,4.61641405980505,51.9076215800585,0.0632041703533598,2.09747254902895,18.1391188188452,52.3179788496527,0.0641395757029495,1.98284122284894,23.3990999324301,-0.410357269594172,-0.784352298420061,-0.000935405349589691,-1.45839029856051,0.114631326180009,5.78116517142546,-5.2599811135849,-22.4794164253079
420,"GSED-NLD",1.14989733059548,4.61660354859194,52.3795367313444,0.0625885524409693,2.12736571809722,18.1091818501952,52.7679293966109,0.0637277076586084,1.98318438154515,23.4405208170054,-0.388392665266494,-0.73603923767272,-0.00113915521763909,-1.7875352173996,0.144181336552069,7.2701932252882,-5.33133896681026,-22.7441148105486
427,"GSED-NLD",1.16906228610541,4.61679300147963,52.8421695115352,0.061988117320052,2.15696754590139,18.0793002964049,53.2091083149389,0.0633312013970063,1.9831220965035,23.4820078115005,-0.366938803403649,-0.689616524358533,-0.00134308407695429,-2.12073045722733,0.173845449397884,8.76625043432253,-5.4027075150956,-23.0078601389851
434,"GSED-NLD",1.18822724161533,4.61698241848173,53.2956303751666,0.0614018416737579,2.18622294150888,18.0494740542939,53.6415715261155,0.0629487794042551,1.98258147827209,23.5235610350981,-0.345941150948981,-0.644912408616811,-0.0015469377304972,-2.45745468798181,0.203641463236788,10.2715306013184,-5.47408698080423,-23.2706560568643
441,"GSED-NLD",1.20739219712526,4.61717179961182,53.7400509952937,0.0608288637898127,2.21506710925788,18.0197030202689,54.0654479557948,0.0625793380124356,1.98146918934581,23.565180606094,-0.325396960501109,-0.601857513077783,-0.00175047422262288,-2.79720795748116,0.23359791991207,11.7891270360451,-5.5454775858251,-23.5325061942917
448,"GSED-NLD",1.22655715263518,4.61736114488348,54.1755235863037,0.0602686506945779,2.24343651028099,17.9899870899436,54.480857866616,0.0622219658053174,1.97969654178263,23.6068666415576,-0.305334280312302,-0.560443231382008,-0.00195331511073955,-3.13926936485929,0.263739968498368,13.3222422190465,-5.61687955161398,-23.7934141658852
455,"GSED-NLD",1.24572210814511,4.61755045431031,54.6020790732055,0.0597206700704678,2.27127299670215,17.9603261595488,54.8879063791438,0.0618757540378542,1.97717935323839,23.648619259247,-0.285827305938298,-0.520747328134392,-0.00215508396738635,-3.48292154317493,0.294093643463763,14.8744039321507,-5.68829309969813,-24.0533835711103
462,"GSED-NLD",1.26488706365503,4.61773972790585,55.0195361992416,0.0591845037113083,2.29854950212902,17.9307201239243,55.2864211734894,0.0615399602739713,1.97388556637004,23.6904385732565,-0.266884974247873,-0.482731507272617,-0.00235545656266303,-3.82752369708513,0.32466393575898,16.4479613859295,-5.75971844933223,-24.3124179888937
469,"GSED-NLD",1.28405201916496,4.61792896568369,55.427577814777,0.0586600240410962,2.32527588511526,17.9011688755431,55.6759961873222,0.061214149450964,1.96985827204725,23.7323246928083,-0.248418372545181,-0.446185770451913,-0.0025541254098678,-4.17244286292632,0.355417613068008,18.0428012568959,-5.83115581726518,-24.5705209782176
476,"GSED-NLD",1.30321697467488,4.61811816765736,55.8260189262814,0.0581472458746825,2.35147612458514,17.8716723062775,56.0563753704219,0.0608980616746911,1.96516055846099,23.7742777260991,-0.230356444140455,-0.410937101477314,-0.00275081580000857,-4.51708268598604,0.386315566124152,19.6582189918718,-5.90260541982156,-24.827696083241
483,"GSED-NLD",1.3223819301848,4.61830733384041,56.214852266977,0.0576461650713153,2.377170691672,17.8422303083832,56.4274887294342,0.0605915062044637,1.95983793229947,23.8162977811127,-0.212636462457212,-0.376831340974234,-0.0029453411331484,-4.86098022255704,0.417332759372536,21.2942484934395,-5.97406747272954,-25.0839468318506
490,"GSED-NLD",1.34154688569473,4.61849646424639,56.5942302871295,0.0571567889386277,2.40238740582508,17.8128427743102,56.7893966498698,0.0602943276626496,1.95393626470559,23.8583849661999,-0.19516636274026,-0.34366690659445,-0.00313753872402189,-5.20370463632435,0.448451141119491,22.9511652565117,-6.04554219188973,-25.3392767383644
497,"GSED-NLD",1.36071184120465,4.61868555888882,56.9644825834841,0.0566792228686974,2.42716911976494,17.7835095964869,57.1422869160328,0.0600064274110238,1.94752421359684,23.9005393903697,-0.17780433254876,-0.311160687023313,-0.00332720454232634,-5.54474693108476,0.479644906168097,24.628443786188,-6.11702979388282,-25.5936893053868
504,"GSED-NLD",1.37987679671458,4.61887461778123,57.3261432436549,0.0562135838187452,2.45155434147317,17.7542306674274,57.4865294129504,0.0597277178124856,1.94066298769613,23.9427611625728,-0.160386169295521,-0.278997829462617,-0.0035141339937404,-5.88358993520057,0.510891353777038,26.3256091869689,-6.18853049514539,-25.8471880211514
511,"GSED-NLD",1.3990417522245,4.61906364093713,57.679790477077,0.0557599664919192,2.47556721370931,17.7250058795592,57.8226111905524,0.0594580795029153,1.93339878246194,23.9850503912954,-0.142820713475416,-0.246998035084848,-0.00369811301099611,-6.21969804930344,0.542168431247376,28.0422454056267,-6.26004451173619,-26.099776359061
518,"GSED-NLD",1.41820670773443,4.61925262837003,58.0259373445931,0.0553183570764078,2.49922990390694,17.6958351259272,58.1510435190111,0.0591973124415746,1.92578204167072,24.0274071851122,-0.125106174418029,-0.215140033346312,-0.00387895536516683,-6.55258694217783,0.573447862236216,29.7774021061448,-6.33157205918508,-26.351457776552
525,"GSED-NLD",1.43737166324435,4.61944158009342,58.3652131620007,0.0548887083848144,2.52256649087,17.66671829834,58.4724358219922,0.0589452913549886,1.91785602193905,24.0698316484731,-0.107222659991528,-0.183373000430402,-0.00405658297017418,-6.88194574481625,0.604710468930951,31.5305456725348,-6.40311335013314,-26.6022357100255
532,"GSED-NLD",1.45653661875428,4.61963049612081,58.6982424329998,0.0544708054051095,2.54560508655069,17.6376552889296,58.7872975805518,0.058701766836011,1.90966083639602,24.1123238857134,-0.0890551475519459,-0.151487057948055,-0.00423096143090149,-7.20755380791364,0.63594425015467,33.3014238986461,-6.47466859678382,-26.8521135808899
539,"GSED-NLD",1.4757015742642,4.61981937646568,59.0254303233636,0.054064393179105,2.56838196484851,17.6086459902541,59.0958795000685,0.0584664798576337,1.90125180906692,24.1548840009172,-0.0704491767049191,-0.119211656211729,-0.00440208667852862,-7.52924870669098,0.667130155781588,35.0889951872811,-6.54623801066304,-27.1010947948021
546,"GSED-NLD",1.49486652977413,4.62000822114149,59.3470018919462,0.0536691500150979,2.59093309767658,17.5796902952224,59.398283992077,0.0582391015769008,1.89267762462774,24.1975120976868,-0.0512821001307913,-0.0863359960662023,-0.0045699515618029,-7.84687853704025,0.698255473048845,36.8924672624152,-6.61782180246438,-27.349182741382
553,"GSED-NLD",1.51403148528405,4.62019703016173,59.6630923452033,0.0532846119500891,2.61329786886488,17.5507880980386,59.6946074153252,0.0580191798295188,1.88398107008399,24.2402082810287,-0.0315150701218911,-0.0527938309446029,-0.00473456787942972,-8.16034954878986,0.729316798780887,38.7114717001043,-6.68942018299008,-27.5963807960573
560,"GSED-NLD",1.53319644079398,4.62038580353985,59.9739425236885,0.0529102737625195,2.63551344221354,17.5219392935897,59.9851117195122,0.0578062120178318,1.87520862581969,24.2829726570257,-0.011169195823669,-0.0186199466892647,-0.00489593825531223,-8.46957114886191,0.760304816393848,40.5450788741707,-6.76103336343597,-27.8426923216084
567,"GSED-NLD",1.5523613963039,4.62057454128931,60.2798417820128,0.0525456464980648,2.65760527151849,17.4931437774602,60.2701431370267,0.0575996626114754,1.86638783903032,24.3258053335742,0.0096986449861518,0.016091956118474,-0.00505401611341055,-8.77438492565694,0.791217432488167,42.3929804910882,-6.83266155611395,-28.0881206702892
574,"GSED-NLD",1.57152635181383,4.62076324342355,60.5809881409228,0.0521901450349426,2.67959265017345,17.4644014458081,60.5499932703141,0.0573989567134871,1.85753858090124,24.3687064200062,0.0309948706086658,0.0511888919133236,-0.00520881167854451,-9.07474974596636,0.822054069272218,44.2550199346802,-6.90430497419808,-28.3326691831693
581,"GSED-NLD",1.59069130732375,4.62095190995601,60.8774400986607,0.0518431585550132,2.70149069162438,17.4357121945467,60.8247776536152,0.0572035701194989,1.84867716833264,24.4116760249941,0.0526624450454705,0.086580579620648,-0.00536041156448572,-9.37076401575594,0.852813523291745,46.13101399748,-6.97596383044742,-28.5763411873278
588,"GSED-NLD",1.60985626283368,4.62114054090013,61.169222872127,0.0515042808604016,2.72332602516912,17.4070759180784,61.0945625327697,0.057013285643265,1.83983992894014,24.4547142519262,0.07466033935723,0.12220455677571,-0.00550900478286335,-9.662668482805,0.883486096228979,48.0197261909584,-7.04763833384775,-28.8191399876719
595,"GSED-NLD",1.6290212183436,4.62132913626933,61.4564694471999,0.051173118854265,2.74513328208355,17.3784925105841,61.3595851572062,0.0568278864177542,1.83107850806944,24.4978212028908,0.0968842899936817,0.157895933855256,-0.00565476756348925,-9.95069132418514,0.914054774014112,49.9189286524819,-7.1193286923067,-29.0610688736131
602,"GSED-NLD",1.64818617385353,4.62151769607702,61.7394203982577,0.0508492208059916,2.76694169923922,17.3499618663722,61.6202670878881,0.0566470908310811,1.82242373342623,24.5409969796059,0.119153310369626,0.193367078723757,-0.00579787002508943,-10.2350711043192,0.944517965812992,51.8275716283205,-7.19103511323363,-29.3021311204657
609,"GSED-NLD",1.66735112936345,4.62170622033661,62.0183120068144,0.0505320763112237,2.78878225780413,17.3214838798578,61.8769684135654,0.0564705848784001,1.8139106813847,24.584241683126,0.14134359324909,0.228426823215377,-0.00593850856717643,-10.5161095461717,0.974871576419439,53.7441885327697,-7.26275780326822,-29.5423299887797
616,"GSED-NLD",1.68651608487337,4.6218947090615,62.2933379105487,0.0502211718148972,2.81070980935994,17.2930584443713,62.1299110060349,0.0562980653122974,1.80563420231511,24.6275554111427,0.163426904513777,0.263040622250212,-0.00607689349740021,-10.7941426826844,1.00507560704483,55.6633013351301,-7.33449696677145,-29.7816687215856
623,"GSED-NLD",1.7056810403833,4.62208316226509,62.5647800220621,0.0499160482385055,2.83277802484235,17.2646854535749,62.3793459687965,0.0561292420024268,1.79769651312218,24.6709382620338,0.185434053265581,0.29726835122372,-0.00621319376392138,-11.0694417780535,1.03508151172017,57.578212126722,-7.40625280845885,-30.0201505504003
630,"GSED-NLD",1.72484599589322,4.62227157996076,62.8330532719531,0.0496163461698249,2.85504720172729,17.2363648006851,62.6255723800603,0.0559639316948193,1.79022458754033,24.7143903327173,0.207480891892828,0.331303785350933,-0.00634758552499434,-11.3422794517169,1.06482261418696,59.4798340721023,-7.47802553203221,-30.25777869233
637,"GSED-NLD",1.74401095140315,4.62245996216189,63.0983882522509,0.0493216860079813,2.87758819535771,17.2080963789076,62.8687394709628,0.0558020056042209,1.78338010263418,24.7579117187027,0.22964878128807,0.365282942238945,-0.00648031959623963,-11.6130585739188,1.09420809272353,61.3558540384809,-7.54981533979511,-30.4945563485946
644,"GSED-NLD",1.76317590691307,4.62264830888185,63.3607627194043,0.0490317693119602,2.90047175729667,17.1798800810141,63.1087532876377,0.0556434119565426,1.77732326832608,24.8015025143463,0.252009431766623,0.399325638106036,-0.00661164264458244,-11.8821661219231,1.12314848897059,63.1932585920845,-7.62162243333223,-30.7304867070999
651,"GSED-NLD",1.782340862423,4.622836620134,63.6201158137797,0.0487464452045864,2.9237436932501,17.1517157980422,63.345482072719,0.055488208915739,1.77214926710267,24.8451628084205,0.274633741060704,0.43354905839288,-0.00674176371115254,-12.1499032729461,1.15159442614744,64.9829248317331,-7.69344701037829,-30.9655729354723
658,"GSED-NLD",1.80150581793292,4.62302489593171,63.8764816160213,0.0484656178692798,2.94743365737918,17.1236034207005,63.5788940851017,0.0553365028372676,1.76791342579669,24.8888926872569,0.297587530919564,0.46806025049954,-0.00687088496798782,-12.4165507679326,1.17952023158249,66.718212236606,-7.76528926655637,-31.1998181844876
665,"GSED-NLD",1.82067077344285,4.62321313628831,64.1300698883394,0.0481893187142151,2.97155785087082,17.0955428392026,63.8091688160579,0.0551885705929975,1.76464448748635,24.9326922359461,0.320901072281522,0.502907463356216,-0.00699925187878237,-12.6824300821273,1.20691336338447,68.3941367194967,-7.8371493967435,-31.4332255922387
672,"GSED-NLD",1.83983572895277,4.62340134121714,64.3812406484568,0.0479175107760558,2.99612332408754,17.0675339442838,64.0366385103824,0.0550446523424702,1.76235886816625,24.9765615406881,0.344602138074322,0.5381327722542,-0.00712714156641442,-12.9479272974087,1.23376445592129,70.0064259446224,-7.90902759640439,-31.6657982866063
679,"GSED-NLD",1.8590006844627,4.62358951073155,64.6303577804494,0.0476500494166724,3.02113077356323,17.0395766278326,64.261688463405,0.0549049143366016,1.76105725054283,25.0205006888387,0.368669317044379,0.573700016074624,-0.00725486491992922,-13.2135074020011,1.2600735230204,71.5521044322658,-7.98092406100612,-31.8975393828402
686,"GSED-NLD",1.87816563997262,4.62377764484485,64.8777680771497,0.0473867216472315,3.04657129613744,17.011670782528,64.484751790085,0.0547694784062003,1.76070946342184,25.0645097680423,0.393016287064739,0.609471659818296,-0.00738275675896876,-13.4796915614464,1.2858618327156,73.030892343624,-8.0528389855143,-32.1284519826589
693,"GSED-NLD",1.89733059548255,4.62396574357036,65.1237547316448,0.0471272339042402,3.07243402663167,16.9838163013848,64.7062330798275,0.0546383489302954,1.76127094570624,25.1085888665851,0.417521651817268,0.645257237123006,-0.00751111502605523,-13.7469655893839,1.31116308092543,74.4441441063842,-8.12477256520029,-32.3585391770577
700,"GSED-NLD",1.91649555099247,4.6241538069214,65.3684853743533,0.0468713149071829,3.09871281534419,16.9560130770071,64.9264011349243,0.0545115256100163,1.76269979528046,25.152738072631,0.442084239429008,0.680900576192891,-0.00764021070283336,-14.0157711921192,1.33601302006373,75.7935652821224,-8.19672499562397,-32.5878040472377
707,"GSED-NLD",1.9356605065024,4.62434183491126,65.6119526168293,0.0466186252045347,3.12541146161984,16.9282610022988,65.1452810536726,0.0543889119842349,1.7649722697789,25.1969574748896,0.466671563156709,0.716355130576876,-0.00777028677970014,-14.2865273384259,1.36043919184093,77.0799187689988,-8.26869647259074,-32.8162496635994
714,"GSED-NLD",1.95482546201232,4.62452982755325,65.8540872906382,0.0463687871772477,3.15254437782303,16.9005599703707,65.3627396611888,0.0542703491695267,1.76807716229082,25.2412471624558,0.491347629449422,0.751724349371443,-0.007901561992279,-14.5596299142954,1.38446721553222,78.3035517374381,-8.34068719208508,-33.043879085702
721,"GSED-NLD",1.97399041752225,4.62471778486064,66.0948716617652,0.0461214204911611,3.18012693784074,16.8729098743186,65.5786791457185,0.0541556596914136,1.77200499286,25.285607223978,0.516192516046715,0.78713466445354,-0.00803423920025257,-14.8354562496935,1.40812194498074,79.4648971450153,-8.41269734965944,-33.2706953609633
728,"GSED-NLD",1.99315537303217,4.62490570684673,66.3342576210331,0.0458762605725792,3.2081763967431,16.8453106065599,65.7930278194107,0.0540447401672423,1.77675306798888,25.330037747,0.54122980162245,0.82262485792267,-0.00816847959466309,-15.1142915469398,1.43142332875422,80.5639992716859,-8.48472714044008,-33.4967015256224
735,"GSED-NLD",2.01232032854209,4.62509359352477,66.5721482397606,0.0456331146692884,3.23670115290711,16.8177620597709,66.0056852208026,0.0539375022857536,1.78231009306426,25.3745388197072,0.566463018957961,0.858203376062267,-0.00830438761646526,-15.3963147430701,1.45439105984286,81.6014601220364,-8.55677675993633,-33.7219006056996
742,"GSED-NLD",2.03148528405202,4.62528144490804,66.8084426258706,0.0453917275942556,3.26569608136335,16.7902641274168,66.2165637177552,0.0538337438859594,1.78865161493194,25.4191105313703,0.591878908115405,0.893853251942004,-0.00844201629170379,-15.6816444154195,1.47704446643141,82.5786561284946,-8.62884640395351,-33.9462956160659
749,"GSED-NLD",2.05065023956194,4.6254692610098,67.0429915453091,0.0451517366013328,3.29514549054814,16.7628167040587,66.4255371354545,0.0537331105725721,1.79574735090224,25.4637529722743,0.617454409854602,0.929543721408671,-0.00858137397123931,-15.9703651618108,1.4993981396459,83.4971656170089,-8.7009362682156,-34.1698895590506
756,"GSED-NLD",2.06981519507187,4.6256570418433,67.2756562566118,0.044912883191284,3.32501722285463,16.7354196839249,66.6325096090047,0.0536353349312177,1.80354257229987,25.5084662307673,0.643146647607168,0.965214504723162,-0.0087224517399337,-16.2625100619199,1.52147465055476,84.360340250498,-8.7730465468424,-34.3926854224606
763,"GSED-NLD",2.08898015058179,4.62584478742177,67.5063360728001,0.0446751504691493,3.35527191718341,16.7080729599607,66.8374122927111,0.0535403377607883,1.81196180184187,25.5532503924838,0.668923780089003,1.00082237947736,-0.00886518729163909,-16.5579592180529,1.54331011534153,85.1734354318477,-8.84517743252315,-34.6146861814685
770,"GSED-NLD",2.10814510609172,4.62603249775845,67.7349629800698,0.0444386408271924,3.38587077353683,16.6807764242459,67.0402263716806,0.0534480809411608,1.82092223930349,25.5981055425285,0.694736608389192,1.03629812425971,-0.00900944011396841,-16.8564332999843,1.56494853423334,85.9426339277362,-8.91732911828266,-34.8358948027129
777,"GSED-NLD",2.12731006160164,4.62622017286658,67.9615678371884,0.0442035735070608,3.41676946224444,16.6535299675612,67.2410490935323,0.0533585852750769,1.83033146973266,25.6430317653424,0.720518743656044,1.07154595796654,-0.00915501176801607,-17.1575234253676,1.58643799251178,86.6749011720535,-8.98950179778116,-35.0563142456924
784,"GSED-NLD",2.14647501711157,4.62640781275938,68.1862401754751,0.043970222279984,3.44792034747508,16.6263334809307,67.4400226608007,0.0532718751263183,1.84008489977008,25.6880291460862,0.746217514674385,1.10649060488546,-0.00930165284633425,-17.46071979685,1.607835447705,87.3783295491365,-9.06169566515551,-35.2759474602828
791,"GSED-NLD",2.16563997262149,4.62659541745004,68.4091866734574,0.0437387735684292,3.47926801410348,16.5991868563614,67.6374070949736,0.0531878589943857,1.8500709007614,25.7330977712944,0.77177957848383,1.14105435384318,-0.00944908542595649,-17.7654931117906,1.62919711334209,88.0613339019379,-9.13391091493293,-35.4947973854976
798,"GSED-NLD",2.18480492813142,4.62678298695179,68.6305419243375,0.0435092607848306,3.51075883894554,16.5720899870649,67.8333382201795,0.0531063199404629,1.86018841062538,25.7782377285837,0.797203704158051,1.17523879124217,-0.00959705915563232,-18.0714068803704,1.65057042832016,88.731357473905,-9.20614774151887,-35.712866947886
805,"GSED-NLD",2.20396988364134,4.62697052127782,68.8503217618056,0.0432816540001708,3.54234923539443,16.5450427669609,68.0278435162887,0.0530270088514577,1.87036316408111,25.8234491058187,0.822478245516919,1.20903177728981,-0.00974535485128698,-18.3780964877469,1.67198607131332,89.3936591258066,-9.27840633885781,-35.9301590613902
812,"GSED-NLD",2.22313483915127,4.62715802044132,69.0684581575763,0.0430558360935015,3.57399930655518,16.5180450912024,68.2209360366592,0.052949551783991,1.88052891939561,25.8687319928966,0.847522120917034,1.24231968975273,-0.00989371569048952,-18.6851736363155,1.69347038715956,90.0528765972838,-9.35068690169414,-36.1466766297698
819,"GSED-NLD",2.24229979466119,4.62734548445547,69.2849260790473,0.0428316087254465,3.6056672636191,16.4910968560954,68.4126574621178,0.0528734616184675,1.89061624693014,25.914086481511,0.872268616929446,1.27501057448682,-0.010041852893021,-18.9922365315942,1.71505101668896,90.713862185081,-9.42298962541563,-36.3624225462807
826,"GSED-NLD",2.26146475017112,4.62753291333346,69.4997520625523,0.0426088030215414,3.63730506019512,16.4641979582716,68.6030207015989,0.0527982780669783,1.90054126872333,25.9595126639174,0.896731360953368,1.30713101519809,-0.0101894750454369,-19.2988775742096,1.73676379147179,91.3825876897923,-9.49531470564581,-36.5773996938081
833,"GSED-NLD",2.28062970568104,4.62772030708844,69.7129741870084,0.0423872931813613,3.66885310089836,16.4373482939527,68.7920762935626,0.052723667853283,1.91017788955754,26.0050106300118,0.920897893445712,1.33866855466883,-0.0103363746719216,-19.6048095528657,1.75867521134082,92.0686612987752,-9.56766233605919,-36.7916109406137
840,"GSED-NLD",2.29979466119096,4.62790766573358,69.9246586682911,0.0421669832524419,3.70024223496192,16.4105477590433,68.9799047515649,0.0526494127526635,1.91936816001429,26.050580467563,0.944753916726199,1.36960745325582,-0.0104824295002216,-19.9098697443521,1.78087407494763,92.7843918664551,-9.64003270851979,-37.0050591407094
847,"GSED-NLD",2.31895961670089,4.62809498928204,70.1348392666078,0.041947830684995,3.73140625204198,16.3837962494555,69.1665173850746,0.0525754668535701,1.92796824576435,26.0962222626093,0.968321881533242,1.39998646475469,-0.0106276361685752,-20.2140595311775,1.80343800627763,93.5408562998741,-9.71242601315373,-37.2177471337287
854,"GSED-NLD",2.33812457221081,4.62828227774695,70.3435159588621,0.0417298323338505,3.76228880594632,16.3570936612552,69.3519302686753,0.0525018687484327,1.93586553840794,26.1419361003721,0.99158569018681,1.42978816356707,-0.0107720364145821,-20.5174342768584,1.82642326753838,94.3465974935653,-9.78484243911684,-37.4296777466975
861,"GSED-NLD",2.35728952772074,4.62846953114147,70.5506992292391,0.0415130288061249,3.79283689596535,16.3304398911302,69.5361523906299,0.0524286999411062,1.94295174133647,26.1877220673148,1.01454683860916,1.45902067303033,-0.0109156711349813,-20.8200301499809,1.84988515462888,95.2100412620868,-9.85728217618456,-37.6408537972364
868,"GSED-NLD",2.37645448323066,4.62865674947871,70.7564965718082,0.0412975376750838,3.82299937118,16.3038348356461,69.7192541833071,0.052356194168882,1.94911126578336,26.2335802492418,1.03724238850113,1.4877416585295,-0.0110586564937982,-21.1219640184827,1.87388810539664,96.1406430865566,-9.92974541359569,-37.8512780918749
875,"GSED-NLD",2.39561943874059,4.62884393277181,70.9610542217135,0.0410834665424595,3.85272580424767,16.2772783920153,69.9013385795934,0.0522845792369717,1.95423284454258,26.2795107321264,1.05971564212011,1.51601623610321,-0.0112011126945122,-21.4233582023199,1.89849295970508,97.1477357473979,-10.0022323401111,-38.0609534251468
882,"GSED-NLD",2.41478439425051,4.62903108103389,71.1644315446227,0.0408708228213436,3.8819610271141,16.2507704586357,70.082447729003,0.0522139297683183,1.95820450714264,26.325513603801,1.08198381561978,1.54387275370807,-0.0113431069469747,-21.724292726684,1.92375651997146,98.2408381225998,-10.0747431451653,-38.2698825815526
889,"GSED-NLD",2.43394934976044,4.62921819427804,71.3666930691262,0.0406595537402633,3.91064632736215,16.2243109342401,70.2626207531011,0.0521442107373841,1.96091213168281,26.3715889525932,1.1040723160251,1.57135088926549,-0.0114846569971209,-22.0247978341478,1.94973419567934,99.429962422953,-10.1472780183531,-38.4780683355649
896,"GSED-NLD",2.45311430527036,4.62940527251738,71.5678621696036,0.0404496556092614,3.93873673477349,16.197899716912,70.441812912287,0.0520754236865666,1.96228095289203,26.4177368647934,1.12604925731659,1.59855235230634,-0.0116257680773052,-22.3248650789263,1.97645578188146,100.722364907458,-10.2198371478814,-38.6855134494934
903,"GSED-NLD",2.47227926078029,4.62959231576499,71.7678940275705,0.0402412253134107,3.96620656575669,16.1715367024649,70.6198920563943,0.0520077113107221,1.96228997634745,26.4639574222413,1.1480019711762,1.62560708852323,-0.0117664859973114,-22.6245025992628,2.00391658940924,102.121328323721,-10.2924207197763,-38.8922206741695
910,"GSED-NLD",2.49144421629021,4.62977932403398,71.9667168270032,0.0400343299445195,3.9930252304395,16.1452217866038,70.7967375170214,0.0519411444861622,1.96091933642194,26.5102507071635,1.16997930998176,1.65258930144975,-0.0119068145416427,-22.9236661214017,2.03210589401756,103.630264451648,-10.3650289205598,-39.0981927521302
917,"GSED-NLD",2.51060917180014,4.6299662973374,72.1642006987833,0.0398289650759053,4.01915926406733,16.1189548657155,70.9721884683752,0.0518757240377383,1.95814919058406,26.5566168028455,1.1920122304081,1.67954836413034,-0.012046758961833,-23.2223437557599,2.06101007348327,105.252964554174,-10.43766193713,-39.303432416179
924,"GSED-NLD",2.52977412731006,4.63015323568835,72.3602497818969,0.0396251229501696,4.04457783119662,16.0927358362593,71.1461312932896,0.0518115257470695,1.95397611302598,26.6030557919093,1.21411848860727,1.70651371555572,-0.0121864027968999,-23.5206406705542,2.09060171817064,106.992184000299,-10.51031995565,-39.5079423877555
931,"GSED-NLD",2.54893908281999,4.63034013909988,72.5548826212999,0.0394227878333836,4.06925693091572,16.066564595002,71.3185459375391,0.0517486632853699,1.94841179436019,26.6495677575337,1.23633668376078,1.73354163003207,-0.0123258754519863,-23.8187320588647,2.12084513655553,108.84994346136,-10.5830031625317,-39.7117253788851
938,"GSED-NLD",2.56810403832991,4.63052700758506,72.7480702163981,0.0392220121973565,4.09318636199785,16.0404410383071,71.4893463158226,0.0516872880447603,1.94149195230734,26.6961527830325,1.25872390057548,1.76071535892179,-0.0124652758474037,-24.1167148034716,2.15169440969051,110.8268518514,-10.6557117447254,-39.9147840939011
945,"GSED-NLD",2.58726899383984,4.63071384115692,72.9396025416747,0.0390228809964112,4.11636771361013,16.0143650624881,71.6582961707488,0.0516275168453272,1.93327840218958,26.7428109517823,1.28130637092593,1.78807819805373,-0.012604635848916,-24.4145692435271,2.18308931142055,112.921621063373,-10.7284458892942,-40.1171212279731
952,"GSED-NLD",2.60643394934976,4.63090063982853,73.1291361314108,0.0388254756275905,4.13881386992793,15.988336563786,71.825019615243,0.0515694076302087,1.92385800646121,26.7895423466992,1.30411651616781,1.81568556911476,-0.0127439320026182,-24.7121938921651,2.21495586346672,115.130942929669,-10.8012057829132,-40.3187394660514
959,"GSED-NLD",2.62559890485969,4.63108740361291,73.3163588945087,0.0386299149639679,4.16053619325985,15.9623554383319,71.9892233043192,0.0515130928012467,1.91330377764691,26.8363470499592,1.32713559018957,1.84351980654019,-0.0128831778372788,-25.0095211463736,2.24723241561294,117.452985870164,-10.8739916116273,-40.5196414824418
966,"GSED-NLD",2.64476386036961,4.63127413252308,73.5009941225115,0.0384363375893718,4.18154150328,15.9364215825164,72.150691970789,0.0514588422217531,1.90167566904932,26.883225143561,1.3503021517225,1.87150270474078,-0.0130225046323813,-25.3066413275741,2.27986583423068,119.887206390479,-10.9468035610447,-40.7198299407413
973,"GSED-NLD",2.66392881587953,4.63146082657209,73.6827915638611,0.038244898600507,4.20183720660081,15.9105348931442,72.3091768444411,0.0514069800246905,1.88902810024565,26.9301767103235,1.37361471942002,1.89964092991278,-0.0131620814241835,-25.6036853708617,2.31280910635516,122.433811654491,-11.0196418171792,-40.9193074955016
980,"GSED-NLD",2.68309377138946,4.63164748577293,73.8615210563036,0.0380557959508144,4.22143440132361,15.8846952673224,72.4644332471175,0.0513578316723406,1.87541127414337,26.977201834276,1.3970878091861,1.92796348026593,-0.0133020357215261,-25.9006957427491,2.34602312718024,125.093794599898,-11.0925065669535,-41.1180767934943
987,"GSED-NLD",2.70225872689938,4.63183411013861,74.0369605138374,0.0378693036646953,4.24035453708759,15.8589026020044,72.6161960840794,0.0513117407930452,1.86088515007403,27.0243006002512,1.42076442975802,1.95653932094292,-0.01344243712835,-26.1975854270217,2.37946938701356,127.867611116081,-11.1653979982468,-41.3161404744847
994,"GSED-NLD",2.72142368240931,4.63202069968214,74.2089974737044,0.0376856488277575,4.25861938711967,15.833156794396,72.7643509377857,0.0512689843461969,1.84549819183162,27.0714730935298,1.44464653591872,1.98537679138224,-0.0135833355184394,-26.4942551362381,2.41312119528804,130.757169309013,-11.2383162991338,-41.5135011689476
1001,"GSED-NLD",2.74058863791923,4.63220725441651,74.3776184692875,0.0375049662048257,4.27624858615088,15.8074577422162,72.908892116418,0.0512297278105628,1.82928459135769,27.1187193998527,1.46872635286952,2.01446807136271,-0.013724761605737,-26.7906198067037,2.4469639947932,133.766173199823,-11.3112616576365,-41.7101614971463
1008,"GSED-NLD",2.75975359342916,4.6323937743547,74.542846571881,0.0373273374540488,4.29326260047719,15.7818053435309,73.0498338739564,0.0511941061601458,1.8122741322967,27.1660396047927,1.49301269792463,2.04382764305904,-0.0138667687060969,-27.0866506834181,2.48098846818049,136.89918230176,-11.3842342612618,-41.9061240684247
1015,"GSED-NLD",2.77891854893908,4.63258025950969,74.7046820062247,0.0371527463344507,4.30968928121653,15.7561994971944,73.1871870399862,0.0511621096339959,1.79450352290443,27.213433795412,1.51749496623846,2.07344349142613,-0.0140093632995452,-27.382301863167,2.5151857583121,140.160536115373,-11.4572342982176,-42.1013914831624
1022,"GSED-NLD",2.79808350444901,4.63276670989445,74.8631728543722,0.0369811253606236,4.32556257495919,15.7306401027844,73.3210883257953,0.0511336304411185,1.77601383476458,27.2609020604945,1.54208452857686,2.10319372473682,-0.0141525050804948,-27.6774892735061,2.54954874019461,143.554554040542,-11.5302619577101,-42.2959663334814
1029,"GSED-NLD",2.81724845995893,4.63295312552195,75.018412168525,0.0368123399837154,4.34091397284442,15.7051270608151,73.451723978336,0.0511084609170066,1.7568317811609,27.3084444904171,1.56668819018894,2.13294951477384,-0.0142961209332912,-27.9721217911575,2.58408219168351,147.087627819208,-11.603317429602,-42.4898512021575
1036,"GSED-NLD",2.83641341546886,4.63313950640513,75.1705441782781,0.0366461820411696,4.35577199291243,15.6796602731285,73.5792910768917,0.0510862828803068,1.73696892640779,27.3560611776781,1.59125310138643,2.16263717426081,-0.0144401008391373,-28.2661020238444,2.61880306650464,150.768561641489,-11.6764009045496,-42.6830486622733
1043,"GSED-NLD",2.85557837097878,4.63332585255696,75.3196660703984,0.0364824014805429,4.37016543920139,15.6542396423126,73.7038701821097,0.0510667049719654,1.71643715590346,27.40375221565,1.61579588828867,2.19228092676316,-0.0145843034914225,-28.5593196181915,2.65372828329793,154.606783835387,-11.7495125733374,-42.8755612767048
1050,"GSED-NLD",2.87474332648871,4.63351216399037,75.465888456917,0.0363207767004743,4.38411403913177,15.6288650706377,73.8255120669985,0.0510494167104627,1.69523984497403,27.4515176964546,1.64037638991843,2.2219641205194,-0.0147286400099884,-28.8517302627079,2.68887419415774,158.613201673474,-11.8226526258169,-43.0673915976013
1057,"GSED-NLD",2.89390828199863,4.63369844071829,75.6092716510322,0.0361611033304888,4.39763174665523,15.6035364606824,73.9441872115211,0.0510341411026226,1.67337408403454,27.4993577128615,1.66508443951112,2.25181248493281,-0.0148730377721338,-29.1433096566201,2.72425766262069,162.80027810951,-11.8958212521791,-43.2585421681156
1064,"GSED-NLD",2.91307323750856,4.63388468275365,75.7498569541468,0.0360031669694838,4.41073170179483,15.578253715768,74.0598471113604,0.0510205222108851,1.65082776656142,27.5472723591241,1.69000984278648,2.28195156850012,-0.0150173552414013,-29.4339504784555,2.75990393523342,167.183033332553,-11.9690186433561,-43.4490155225541
1071,"GSED-NLD",2.93223819301848,4.63407089010938,75.887622994828,0.0358467151561449,4.42342551074632,15.5530167400076,74.172398370449,0.0510081222043366,1.62757570049538,27.5952617309059,1.71522462437902,2.31248370291661,-0.0151614070481917,-29.7235153794834,2.79584981025094,171.780016708285,-12.0422449908983,-43.6388141860285
1078,"GSED-NLD",2.9514031485284,4.63425706279839,76.0225732888451,0.0356914940649329,4.43572243143952,15.5278254381998,74.2818213028861,0.050996571964451,1.60359289189499,27.6433259239054,1.74075198595901,2.34344279047904,-0.0153050778995181,-30.0119739620676,2.83212953954452,176.611504943611,-12.1155004857057,-43.8279406720318
1085,"GSED-NLD",2.97056810403833,4.63444320083357,76.1548157334384,0.0355372627175337,4.44762769115165,15.5026797157225,74.3881941030002,0.0509856122714297,1.57885878135521,27.6914650334848,1.76662163043819,2.37486828621229,-0.015448349553896,-30.2994293206766,2.86876890979645,181.698891862517,-12.1887853177623,-44.0163974821249
1092,"GSED-NLD",2.98973305954825,4.63462930422784,76.2845536712782,0.0353836872547897,4.45914064905904,15.4775794789971,74.4917031673198,0.0509749336290976,1.5533442834037,27.7396791563708,1.79285050395845,2.40677877901574,-0.0155912463743078,-30.5861043150197,2.90579636565535,187.067116845993,-12.2620996773737,-44.2041871077573
1099,"GSED-NLD",3.00889801505818,4.63481537299408,76.4119750851479,0.0352304524085114,4.47026060223961,15.4525246345379,74.5925592605424,0.0509642786844726,1.52702980246604,27.7879683883438,1.81941582460549,2.43913849134804,-0.0157338262759612,-30.8722632441669,2.94323079977356,192.742197632323,-12.3354437538059,-44.3913120290589
1106,"GSED-NLD",3.0280629705681,4.63500140714517,76.5372363564373,0.0350773219477927,4.4809842383365,15.427515088193,74.69093127037,0.0509535150584159,1.49989479599755,27.8363328235968,1.84630508606732,2.47192671809643,-0.0158761931106232,-31.1581901512032,2.98108944233895,198.753235913208,-12.4088177354038,-44.5777747163766
1113,"GSED-NLD",3.04722792607803,4.63518740669399,76.6604539897738,0.0349242202588402,4.49132081903278,15.4025507442274,74.7868949983573,0.050942737758912,1.47194046608652,27.8847725536977,1.87355899141647,2.50519692181047,-0.0160185175000718,-31.4441630049015,3.01938035294625,205.129244185666,-12.4822218094703,-44.7635776316027
1120,"GSED-NLD",3.06639288158795,4.63537337165341,76.7817053665306,0.0347712549309833,4.50128846349698,15.3776315057841,74.8805167155606,0.0509322321660285,1.44319561765974,27.9332876688934,1.90118865097,2.5389630498836,-0.0161609772350452,-31.7303533494542,3.05809284583724,211.897320669265,-12.5556561631092,-44.9487232292076
1127,"GSED-NLD",3.08555783709788,4.6355593020363,76.9010051882942,0.0346185631624528,4.51091046790482,15.3527572760686,74.9717970882158,0.0509222256648787,1.41370742680993,27.9818782602791,1.92920810007845,2.57324510683457,-0.0163036625024259,-32.016790879725,3.09720304109488,219.083735598942,-12.6291209842104,-45.133213956326
1134,"GSED-NLD",3.1047227926078,4.63574519785551,77.0182770240245,0.0344662905085064,4.52021626208878,15.3279279584026,75.0606619966668,0.0509129361123553,1.38354126851966,28.0305444188141,1.9576150273577,2.60804391446033,-0.0164466456038489,-32.3034711012428,3.13667499356912,226.713511547456,-12.7026164604115,-45.3170522506351
1141,"GSED-NLD",3.12388774811773,4.63593105912388,77.1334080076708,0.0343146320582404,4.52923679947129,15.3031434563852,75.1470583698086,0.0509046698092693,1.35276859072504,28.0792862348844,1.98634963786222,2.64328329139263,-0.0165900377510288,-32.590404403346,3.17646820874625,234.812386281364,-12.7761427784992,-45.5002405389731
1148,"GSED-NLD",3.14305270362765,4.63611688585427,77.2463059449137,0.0341637698727716,4.53800407718267,15.2784036745335,75.2309805950643,0.050897717565989,1.32145699151853,28.1281037996978,2.01532534984943,2.6788503006455,-0.0167339476932174,-32.8775994159695,3.21654708566415,243.409139026758,-12.8497001251643,-45.682781237825
1155,"GSED-NLD",3.16221765913758,4.63630267805949,77.3569459345727,0.034013823903089,4.54654985799779,15.2537085183658,75.3124923077904,0.0508922236870427,1.28967147583495,28.1769972067874,2.04445362678221,2.71462749954795,-0.0168783997839538,-33.1649878137493,3.25687838216285,252.53550560652,-12.9232886884215,-45.8646767559339
1162,"GSED-NLD",3.1813826146475,4.63648843575238,77.4654275069075,0.0338648351870937,4.55490508349631,15.2290578944047,75.3917683604825,0.0508881523916536,1.25748296457761,28.2259665517811,2.07365914642499,2.75051135093406,-0.0170233172045599,-33.4524175166398,3.2974221189187,262.223999195591,-12.9969086573764,-46.045929493799
1169,"GSED-NLD",3.20054757015743,4.63667415894576,77.5718772161074,0.0337167895953857,4.56310167642635,15.204451710018,75.4689608503842,0.0508853805292026,1.22497473205696,28.2750119313745,2.10291636572325,2.78646524614568,-0.0171685909338169,-33.7397318350877,3.33812694436939,272.505779671394,-13.0705602213564,-46.2265418422444
1176,"GSED-NLD",3.21971252566735,4.63685984765245,77.6764196590989,0.0335696519916244,4.57117381645804,15.1798898730312,75.5442170976265,0.0508837380767865,1.19224176101252,28.3241334425597,2.13220256147237,2.8224563618376,-0.0173140860851621,-34.0267573483578,3.37893205544552,283.40997320677,-13.1442435695285,-46.406516182338
1183,"GSED-NLD",3.23887748117728,4.63704550188523,77.7792219080828,0.0334233733466613,4.57915656919176,15.15537229173,75.617723921539,0.0508829902860839,1.15938202213358,28.3733311827874,2.16149798654386,2.8584541750908,-0.0174596169394226,-34.3132682282583,3.41977454705818,294.96529028153,-13.2179588910573,-46.5858548857175
1190,"GSED-NLD",3.2580424366872,4.63723112165692,77.880489846605,0.0332778653818321,4.58708006424231,15.1308988751331,75.6896833256447,0.0508828139686399,1.12647946504132,28.4226052510769,2.19080652096022,2.89445856383699,-0.0176049485868078,-34.5990074323681,3.46060059920099,307.204943063392,-13.2917063759438,-46.7645603157373
1197,"GSED-NLD",3.27720739219713,4.63741670698031,77.9804440642793,0.0331330155398285,4.5949691446115,15.1064695328049,75.7602850686343,0.0508828422109636,1.09359365008972,28.4719557480396,2.22015899564498,2.93050507087407,-0.017749826671135,-34.883716985665,3.50137549452178,320.171527535343,-13.3654862152347,-46.94263482815
1204,"GSED-NLD",3.29637234770705,4.63760225786817,78.0794603206887,0.0329887349375437,4.60283784720649,15.0820841743783,75.829830606675,0.0508828122025029,1.06075812047773,28.5213827745762,2.24962971401369,2.96668170826122,-0.0178940772649592,-35.167233276621,3.54207972672876,333.91964278657,-13.4392986001979,-47.1200807703391
1211,"GSED-NLD",3.31553730321697,4.63778777433329,78.1780117286848,0.0328449834998284,4.61069628595678,15.0577427097807,75.8986952099879,0.0508826205096029,1.02799401747771,28.5708864314806,2.27931651869694,3.00310369287745,-0.0180376370097745,-35.4495048193721,3.58270226847907,348.513922023554,-13.5131437216999,-47.2969004798205
1218,"GSED-NLD",3.3347022587269,4.63797325638843,78.276522467312,0.0327017314897193,4.61855795897147,15.033445049555,75.9671983440295,0.050882214779082,0.995320095302391,28.6204668199721,2.30932412328242,3.03989639426254,-0.0181804832893627,-35.7305266060015,3.62323786366908,364.027399905786,-13.5870217704171,-47.4730962841449
1225,"GSED-NLD",3.35386721423682,4.63815870404636,78.3752395991773,0.0325589513150969,4.62643777758135,15.0091911049359,76.0354975187616,0.0508815529131053,0.962751971831547,28.6701240422898,2.33974208041576,3.07717073836261,-0.0183226015980084,-36.0103034380642,3.66368580574981,380.543059161955,-13.6609329373539,-47.6486705017508
1232,"GSED-NLD",3.37303216974675,4.63834411731983,78.4742342370554,0.0324166427018277,4.6343542190742,14.9849807872905,76.1035941429782,0.0508806353132073,0.930301859553434,28.7198582007458,2.37064009407715,3.11501726137053,-0.0184639926113796,-36.2888405337715,3.70405235952076,398.1559664192,-13.7348774134552,-47.8236254421987
1239,"GSED-NLD",3.39219712525667,4.6385294962216,78.5735901224894,0.0322748049299918,4.64231875081717,14.9608140080308,76.1715029722541,0.0508794646877212,0.897965011475292,28.7696693980012,2.40208715023526,3.15352468640436,-0.0186046597577294,-36.5661468176163,3.74435373934188,416.982142009093,-13.8088553899704,-47.9979634070101
1246,"GSED-NLD",3.4113620807666,4.63871484076439,78.6733785324432,0.0321334305002034,4.65033448309769,14.9366906787324,76.2392491767305,0.0508779589401503,0.865736047513685,28.8195577370852,2.43412935571267,3.19275095439372,-0.0187445284399469,-36.84213917071,3.784598435584,437.153846885898,-13.8828670583528,-48.1716866893077
1253,"GSED-NLD",3.43052703627652,4.63890015096096,78.7736128331192,0.0319925586168858,4.65839689845796,14.9126107108632,76.3068116599424,0.050876075226626,0.833608863539407,28.8695233208617,2.46680117317678,3.23274045857132,-0.0188835166097402,-37.116692916315,3.82478803491855,458.822860721387,-13.9569126099984,-48.3447975738238
1260,"GSED-NLD",3.44969199178645,4.63908542682401,78.8742556885186,0.0318522577647994,4.66649704919572,14.8885740165837,76.3741894789189,0.050873861006291,0.801569586556642,28.9195662529839,2.50006620959968,3.27344385145947,-0.0190216032414916,-37.38973780492,3.86492746263908,482.169923542374,-14.0309922364003,-48.5172983358716
1267,"GSED-NLD",3.46885694729637,4.63927066836628,78.9752430979376,0.0317125373415058,4.67462357548428,14.8645805090904,76.4414500022079,0.0508713730000706,0.769591495181847,28.9696866382958,2.53379309572975,3.31468476285649,-0.0191588356585648,-37.6613299950411,3.90503208030243,507.416220780833,-14.1051061292054,-48.6891912408867
1274,"GSED-NLD",3.4880219028063,4.63945587560047,79.0764085669085,0.0315734003803475,4.68276619612437,14.8406301020656,76.5085946156571,0.0508686904650021,0.737653136490236,29.0198845819102,2.5678139512514,3.35624247726791,-0.0192952900846546,-37.9315644029206,3.94511305963413,534.819532986064,-14.1792544798446,-48.8604785447126
1281,"GSED-NLD",3.50718685831622,4.6396410485393,79.1775899288475,0.031434852483676,4.6909165416416,14.8167227095951,76.5756168274445,0.0508658882191036,0.705737476592737,29.0701601888617,2.60197310140303,3.39791334265882,-0.0194310357354276,-38.2005238004079,3.98517906504887,564.682930583352,-14.2534374792667,-49.0311624933112
1288,"GSED-NLD",3.52635181382615,4.63982618719546,79.2787600055585,0.0312969172905277,4.69906976621512,14.7928582461575,76.6425901564518,0.0508630386545552,0.673835945088731,29.1205135642323,2.63616984910672,3.4395625770547,-0.0195661213640275,-38.468250976734,4.02523382112638,597.361101090613,-14.3276553180748,-49.2012453230666
1295,"GSED-NLD",3.54551676933607,4.64001129158164,79.3799299605926,0.031159604666069,4.70722343790747,14.7690366266617,76.7095633554968,0.0508601722522501,0.641945066557975,29.1709448136131,2.67036660509581,3.48113910220095,-0.0197005675861811,-38.7347637921331,4.0652783713495,633.275117004479,-14.4019081869514,-49.370729261503
1302,"GSED-NLD",3.564681724846,4.64019636171053,79.4810913358218,0.0310229144893204,4.71537607561333,14.7452577662756,76.7765352862961,0.0508572994802824,0.61006143060487,29.2214540429323,2.70455604952562,3.52263362685026,-0.019834384990962,-39.000075099646,4.10531464500846,672.934632326794,-14.4761962766567,-49.5396165275972
0,"GSED-PAK",0,4.60517018598809,10.097023219864,0.264856078485015,0.672802393754421,20.0072760138823,11.6050503129991,0.261950107186285,0.907877454013602,21.0681859305832,-1.50802709313515,-12.9945760893942,0.0029059712987301,1.10936060685157,-0.235075060259182,-25.8928183776287,-1.06090991670091,-5.03560164219387
7,"GSED-PAK",0.0191649555099247,4.60536181718076,10.8871849782759,0.254854823440367,0.691439020179339,19.9738789996303,12.4030362089615,0.251867363876831,0.930979954518945,21.1059002703549,-1.51585123068557,-12.2216141688785,0.00298745956353602,1.1861241240437,-0.239540934339606,-25.7299776624494,-1.13202127072466,-5.36352989554623
14,"GSED-PAK",0.0383299110198494,4.60555341165795,11.6771905736744,0.245233018915084,0.710071357462553,19.9405441158256,13.2008705348206,0.242174525248723,0.954074529958685,21.143674877681,-1.52367996114624,-11.5422688005852,0.00305849366636046,1.26292956008452,-0.244003172496133,-25.5748544620197,-1.20313076185534,-5.69026325279601
21,"GSED-PAK",0.0574948665297741,4.60574496943373,12.4670501245617,0.235976538492917,0.728722132075614,19.9072712344995,13.9985964604806,0.232856846814105,0.9772033323882,21.181509836192,-1.5315463359189,-10.9407135225492,0.00311969167881146,1.33974659602858,-0.248481200312586,-25.4277888825164,-1.27423860169244,-6.01580629306793
28,"GSED-PAK",0.0766598220396988,4.60593649052216,13.2569748896403,0.227075392126565,0.747581673560589,19.8740602225372,14.7966139832405,0.223903879062596,1.0007686427584,21.2194052181427,-1.53963909360023,-10.405347435191,0.00317151306396871,1.41646186624666,-0.253186969197812,-25.2992508338348,-1.34534499560541,-6.34016355206382
35,"GSED-PAK",0.0958247775496235,4.60612797493728,14.0475929178066,0.218523384149924,0.76688351767166,19.8409109435525,15.5957536804133,0.215309018190003,1.02532597689816,21.2573610863,-1.5481607626067,-9.92680952989809,0.00321436595992083,1.49290818700602,-0.258442459226497,-25.2058823290856,-1.41645014274756,-6.66333952270509
42,"GSED-PAK",0.114989733059548,4.60631942269314,14.8394585150682,0.210316022881642,0.786741307533956,19.8078232608132,16.3965275248461,0.207067025411573,1.05128782178837,21.29537749981,-1.55706900977784,-9.49633394887045,0.00324899747006938,1.56905594389622,-0.264546514254418,-25.1640424983132,-1.48755423899677,-6.98533866802802
49,"GSED-PAK",0.134154688569473,4.60651083380377,15.6331277014602,0.202449445264974,0.807170335566751,19.7747970366426,17.1992840378762,0.199172785863774,1.07888877540219,21.3334545159255,-1.56615633641597,-9.10593913657677,0.00327665940120006,1.64513409148234,-0.271718439835435,-25.1850279686286,-1.5586574792829,-7.306165431948
56,"GSED-PAK",0.153319644079398,4.6067022082832,16.4295705600067,0.194920457247307,0.828045095782409,19.7418321304249,18.0049106380647,0.191621919955934,1.10799285758867,21.3715921878771,-1.57534007805803,-8.7495023425862,0.00329853729137308,1.72137785287384,-0.27994776180626,-25.2662063558344,-1.62976005745223,-7.62582423960299
63,"GSED-PAK",0.172484599589322,4.60689354614545,17.2296843308052,0.187725151882951,0.849151322459243,19.7089284028682,18.8144383092808,0.18440974578618,1.13820004163427,21.4097905701766,-1.58475397847553,-8.42307355885191,0.0033154060967707,1.79784755010446,-0.289048719175028,-25.3952476367863,-1.70086216730837,-7.94431950061964
70,"GSED-PAK",0.191649555099247,4.60708484740452,18.034151127436,0.180858943689242,0.870295617945182,19.6760857162131,19.6285883526259,0.177530948424467,1.16920656186339,21.4480497184558,-1.59443722518992,-8.12303562816636,0.00332799526477484,1.8746000594881,-0.298910943918211,-25.5652810776078,-1.7719640022427,-8.2616556073998
77,"GSED-PAK",0.210814510609172,4.60727611207442,18.843528219583,0.174316200937542,0.891329369755575,19.6433039344111,20.4478890714428,0.170979235256265,1.2008087095807,21.4863696904026,-1.6043608518598,-7.84609524364267,0.00333696568127667,1.95167891368516,-0.309479339825126,-25.7725762110095,-1.84306575599145,-8.57783693824605
84,"GSED-PAK",0.229979466119097,4.60746734016914,19.6580393845684,0.168090437353126,0.912141760365191,19.6105829234914,21.272508099288,0.164747243610346,1.2328242151394,21.5247505477789,-1.61446871471964,-7.58946104137889,0.00334319374278055,2.02928660262612,-0.320682454774207,-26.0120178397004,-1.91416762428751,-8.89286786408324
91,"GSED-PAK",0.249144421629021,4.60765853170267,20.4774871315474,0.162173883345839,0.932641756301119,19.5779225521048,22.1022463251566,0.158826545929816,1.26506991173462,21.563192357287,-1.62475919360924,-7.35110436155059,0.00334733741602372,2.10754278916504,-0.332428155433499,-26.2774533130494,-1.98526980518213,-9.20675274925718
98,"GSED-PAK",0.268309377138946,4.60784968668898,21.3012477676012,0.156557265926693,0.95273266144529,19.5453226923902,22.9365414323595,0.153207570960786,1.2973235509714,21.6016951924269,-1.63529366475831,-7.12964362818535,0.00334969496590656,2.18637691655847,-0.344590889526109,-26.5616768668147,-2.05637250003668,-9.51949595491746
105,"GSED-PAK",0.287474332648871,4.60804080514205,22.1286400501764,0.151230225682845,0.972282034102413,19.5127832194553,23.7746843400378,0.147879597108205,1.32930606296216,21.6402591331744,-1.64604428986146,-6.9235169069708,0.00335062857463961,2.26578151425981,-0.357024028859746,-26.8579252594524,-2.12747591371906,-9.83110183952304
112,"GSED-PAK",0.306639288158795,4.60823188707584,22.9592247546604,0.146181450657416,0.99114130161534,19.4803040112569,24.616190517143,0.142830838464002,1.36072377712258,21.6788842660144,-1.65696576248268,-6.73120303212126,0.00335061219341451,2.34586048044448,-0.369582475507236,-27.1607273805978,-2.19858025475753,-10.1415747590119
119,"GSED-PAK",0.32580424366872,4.60842293250429,23.792485223303,0.141399061399813,1.00918906221054,19.4478849473761,25.4604774427507,0.138049110423653,1.39136660137312,21.7175706806101,-1.66799221944771,-6.5512998458033,0.00334995097616053,2.42663713361138,-0.382177539162579,-27.4677815886492,-2.269685733234,-10.4509190581819
126,"GSED-PAK",0.344969199178645,4.60861394144136,24.6276555765441,0.136870962696181,1.02632558100315,19.4155259088258,26.3067157630454,0.13352236591651,1.42106434645698,21.7563184687209,-1.67906018650139,-6.38262944574809,0.00334859677967125,2.50789203493076,-0.394738765453827,-27.7776841307711,-2.3407925598951,-10.7591390669357
133,"GSED-PAK",0.364134154688569,4.60880491390098,25.4637836139769,0.132584420798774,1.04247739468135,19.3832267793014,27.1539132443768,0.129238102775583,1.44967539849667,21.7951277260052,-1.69012963039987,-6.22425804777835,0.00334631802319091,2.58926582124287,-0.407198003815321,-28.0889090231916,-2.41190094670374,-11.066239101806
140,"GSED-PAK",0.383299110198494,4.60899584989709,26.2998839808025,0.128527151415787,1.05761968737753,19.3509874436864,28.0009151016705,0.125184103577787,1.47718898886431,21.8339985497556,-1.70103112086801,-6.07491260443317,0.00334304783800038,2.6705050740912,-0.419569301486779,-28.4032242759508,-2.48301110606919,-11.3722234633793
147,"GSED-PAK",0.402464065708419,4.6091867494436,27.1347650594218,0.1246877483937,1.07175484771193,19.3188077869016,28.8463237974274,0.12134883744206,1.5036476921354,21.8729310381277,-1.71155873800555,-5.93336866778912,0.00333891095163956,2.75149809592017,-0.43189284442347,-28.7230078350414,-2.55412325122614,-11.6770964383965
154,"GSED-PAK",0.421629021218344,4.60937761255443,27.9668961323144,0.121055240926628,1.08492177542872,19.2866876953296,29.6885188990723,0.11772120355404,1.5291689058997,21.9119252919543,-1.72162276675794,-5.7989513475249,0.00333403737258844,2.83214686219034,-0.444247130470977,-29.0515409224595,-2.6252375966246,-11.9808623005326
161,"GSED-PAK",0.440793976728268,4.60956843924349,28.7943995009314,0.117618797296823,1.09715865609556,19.2546270573426,30.5255549781439,0.11429022515371,1.55387374073021,21.9509814150942,-1.73115547721248,-5.67116790653595,0.00332857214311326,2.91238567308503,-0.456715084634646,-29.3920331274807,-2.69635435775161,-12.2835253092488
168,"GSED-PAK",0.459958932238193,4.60975922952466,29.6152295373268,0.114368110768872,1.10848995128924,19.222625761454,31.3554184111522,0.111045626275557,1.57784313855664,21.9900995115415,-1.74018887382543,-5.54988248285183,0.00332248449331494,2.99199941929301,-0.469353187267399,-29.7465049470474,-2.76747375008756,-12.585089706552
175,"GSED-PAK",0.479123887748118,4.60994998341185,30.4272234348726,0.111293345201179,1.1189398157911,19.1906836968635,32.1760663041136,0.107977749640864,1.6011334430171,22.0292796865297,-1.74884286924106,-5.43522894536513,0.00331559556031516,3.07062850572724,-0.482193627226009,-30.1157676350439,-2.83859598966623,-12.8855597189678
182,"GSED-PAK",0.498288843258042,4.61014070091894,31.2280861390706,0.108385638524053,1.12856087901513,19.1588007520081,32.9853600847282,0.105077745423079,1.62383448766318,22.0685220440563,-1.75727394565764,-5.32743599325216,0.00330789310097368,3.14804346786749,-0.495273608648051,-30.5002518674663,-2.90972129204824,-13.1849395543546
189,"GSED-PAK",0.517453798767967,4.61033138205979,32.0153479064621,0.105637059072321,1.13745434351514,19.1269768134869,33.7809942585681,0.102337552973776,1.64612917345313,22.1078266842036,-1.76564635210597,-5.22674477426946,0.00329950609854442,3.22414011539821,-0.508674829937982,-30.9012705771396,-2.98084987071675,-13.4832333964632
196,"GSED-PAK",0.536618754277892,4.61052202684827,32.7865869203625,0.103039739577559,1.1457226384046,19.0952117689879,34.5606219013791,0.099749167079126,1.6682061126804,22.1471937085274,-1.77403498101656,-5.13311070060858,0.00329057249843259,3.29884709295101,-0.52248347427579,-31.3200791139824,-3.05198193953949,-13.7804454131107
203,"GSED-PAK",0.555783709787817,4.61071263529825,33.5398914321376,0.100585897492264,1.15345559756297,19.063505507939,35.3223274381368,0.0973047058939671,1.69017820532055,22.1866232206483,-1.78243600599917,-5.04620203501855,0.003281191598297,3.37207904607667,-0.536722607757582,-31.7553856787422,-3.12311771270927,-14.076579755511
210,"GSED-PAK",0.574948665297741,4.61090320742357,34.2740991143747,0.0982680663193126,1.16071306828114,19.0318579208091,36.0649544780831,0.0949965814522839,1.71203296185354,22.2261153247376,-1.7908553637084,-4.96563877488522,0.00327148486702873,3.44379220495632,-0.551319893572398,-32.2026448004546,-3.19425740392852,-14.3716405555285
217,"GSED-PAK",0.594113620807666,4.61109374323807,34.9887594563951,0.0960792933455499,1.16752770210801,19.0002688988104,36.7880410709294,0.0928175615450034,1.73367880035946,22.2656701265734,-1.79928161453427,-4.89094162710417,0.00326173180054652,3.51413218172624,-0.566151098251449,-32.6560547509761,-3.26540122776305,-14.665631931131
224,"GSED-PAK",0.613278576317591,4.6112842427556,35.6839198460386,0.0940129201184407,1.17392582494764,18.9687383343453,37.4915677565501,0.0907606162824175,1.75500477289749,22.3052877338007,-1.80764791051156,-4.82147858486326,0.00325230383602319,3.5833866816231,-0.58107894794985,-33.1098215186329,-3.33654939945534,-14.9585579853303
231,"GSED-PAK",0.632443531827515,4.61147470598997,36.3601593429192,0.0920627459960517,1.17991456298149,18.9372661203686,38.1759050292938,0.088819167406161,1.7758754951537,22.3449682541424,-1.8157456863746,-4.75626101065924,0.00324357858989069,3.65189033472711,-0.595960932172205,-33.5587113960726,-3.40770213377371,-15.2504228021984
238,"GSED-PAK",0.65160848733744,4.611665132955,37.0185600632564,0.0902231523790819,1.18547046693665,18.9058521501503,38.8418297768653,0.0869872519449048,1.79610289503172,22.3847117956989,-1.82326971360887,-4.69408811089234,0.00323590043417708,3.71997087139459,-0.610632428095066,-33.9976306359821,-3.4788596455486,-15.5412304491543
245,"GSED-PAK",0.670773442847365,4.61185552366451,37.6605901898712,0.0884890965530057,1.19054507515393,18.8744963169708,39.4905474584911,0.0852594733157654,1.81545884064666,22.4245184673372,-1.82995726861986,-4.63391212933511,0.00322962323724037,3.78799341778619,-0.624913765492725,-34.4218084982931,-3.55002215036634,-15.8309849798433
252,"GSED-PAK",0.68993839835729,4.6120458781323,38.2878665843637,0.0868560063311156,1.19510993354271,18.8431985128253,40.123533174021,0.0836310258611108,1.83375918385239,22.4643883765856,-1.83566658965727,-4.57503725231711,0.00322498047000479,3.85620101726437,-0.638649250309684,-34.8273238892797,-3.62118986376026,-16.1196904320555
259,"GSED-PAK",0.709103353867214,4.61223619637215,38.9017157991888,0.0853192882841185,1.19915245233535,18.8119586303207,40.7420415927977,0.082097294563665,1.85086874031536,22.5043216318409,-1.84032579360894,-4.51701908314351,0.00322199372045341,3.92460401719427,-0.651716287980013,-35.2113725724803,-3.69236300152016,-16.4073508276558
266,"GSED-PAK",0.728268309377139,4.61242647839787,39.5030524236091,0.0838741108062899,1.20267672351788,18.7807765626183,41.3470325279124,0.0806536553312006,1.86669438154953,22.5443183421308,-1.84398010430333,-4.4597640787365,0.00322045547508926,3.99294422784014,-0.664017658031657,-35.5718463930051,-3.76354177951253,-16.6939701719844
273,"GSED-PAK",0.747433264887064,4.61261672422323,40.0927285905412,0.082515631615981,1.20571288807438,18.7496522021752,41.939447715524,0.079295648071037,1.88121272134413,22.5843786142882,-1.84671912498276,-4.40329862593588,0.00321998354494399,4.06073173405351,-0.675499833269752,-35.9076794243187,-3.83472641211297,-16.9795524490849
280,"GSED-PAK",0.766598220396988,4.612806933862,40.6716259368032,0.0812393433718381,1.20832298530223,18.7185854380586,42.5202660212089,0.0780191763673757,1.89445970664651,22.6245025480407,-1.84864008440577,-4.34766820010881,0.00322016700446247,4.12740451052622,-0.686136721344272,-36.2180688740455,-3.90591710998212,-17.2641016158845
287,"GSED-PAK",0.785763175906913,4.61299710732794,41.2406517930808,0.0800408047129522,1.21056166656985,18.6875761598841,43.0905498386006,0.076820197154479,1.90646608765866,22.6646902445228,-1.84989804551982,-4.2930481334046,0.00322060755847312,4.19239689270354,-0.695904421088811,-36.5023236234668,-3.97711408463874,-17.5476216164033
294,"GSED-PAK",0.804928131416838,4.61318724463481,41.8008651936512,0.0789155783513514,1.21247845826708,18.6566242590087,43.6515138736002,0.0756946823395366,1.91727590960666,22.7049418081667,-1.85064867994906,-4.23959793309323,0.00322089601181481,4.25511530303693,-0.704797451339576,-36.7603560764591,-4.04831754915802,-17.8301163833059
301,"GSED-PAK",0.824093086926763,4.61337734579636,42.3532866113365,0.077859151664683,1.21412082341542,18.6257296280663,44.2043081235949,0.0746386501577895,1.9269448404801,22.7452573455479,-1.85102151225846,-4.18742333232096,0.00322050150689357,4.31479066152092,-0.712824017064684,-36.9924453513201,-4.11952771748166,-18.1115898356191
308,"GSED-PAK",0.843258042436687,4.61356741082632,42.8988928022165,0.0768668809513431,1.21553763994603,18.5948921610228,44.7500459604097,0.0736480028973323,1.93554440915666,22.7856369660223,-1.85115315819321,-4.13665085356766,0.0032188780540108,4.37062503717585,-0.720006769210636,-37.1991862240118,-4.19074480499951,-18.3920458806954
315,"GSED-PAK",0.862422997946612,4.61375743973843,43.4385702326192,0.0759342332825631,1.2167684880061,18.5641117526443,45.2897213618883,0.0727186816610894,1.94314509363897,22.8260807810914,-1.85115112926906,-4.08735376064119,0.00321555162147373,4.42190582670357,-0.726376605632871,-37.3814908629684,-4.26196902844703,-18.6714884141545
322,"GSED-PAK",0.881587953456537,4.61394743254642,43.9731089448406,0.0750567606076699,1.217842531359,18.5333882977434,45.8242113576699,0.0718466946773609,1.94979354056637,22.8665889039697,-1.85110241282933,-4.03957287640149,0.00321006593030897,4.46793821862548,-0.731951009207378,-37.539923790842,-4.33320060622621,-18.9499213215574
329,"GSED-PAK",0.900752908966461,4.614137389264,44.5030458873894,0.0742301283621416,1.21879244941007,18.5027216912836,46.3541362582107,0.0710281554607347,1.95555085171084,22.9071614491559,-1.8510903708213,-3.99336611626198,0.00320197290140692,4.50803330121252,-0.73675840230077,-37.6752361952749,-4.40443975787227,-19.2273484763629
336,"GSED-PAK",0.919917864476386,4.61432730990487,45.0286646581724,0.07345006698593,1.21965823530769,18.4721118286295,46.8798810070546,0.0702592176304483,1.96050826200705,22.9477985324359,-1.85121634888219,-3.94885035779765,0.00319084935548172,4.54153841032653,-0.740850026699362,-37.788671491796,-4.47568670380645,-19.5037737388195
343,"GSED-PAK",0.939082819986311,4.61451719448275,45.5500760784257,0.0727126278404861,1.22046663282214,18.441558605345,47.4016648057999,0.0695362447948385,1.96473522592134,22.9885002701889,-1.85158872737423,-3.90616813768042,0.0031763830456476,4.56795309412995,-0.744268593099205,-37.8813686078331,-4.5469416648439,-19.7792009544019
350,"GSED-PAK",0.958247775496235,4.61470704301131,46.0672637702794,0.0720140744875074,1.22122760995536,18.4110619171878,47.9195589772843,0.0688557054896996,1.9682980932635,23.0292667793845,-1.8522952070049,-3.86542624042713,0.00315836899780772,4.58693869352655,-0.747070483308142,-37.9551494697369,-4.61820486219671,-20.0536339538646
357,"GSED-PAK",0.97741273100616,4.61489685550426,46.5800290776553,0.0713507832677695,1.22192927398887,18.3806216602957,48.4333796487574,0.068214095273801,1.97123830784346,23.0700981791395,-1.85335057110209,-3.82659765753026,0.00313668799396856,4.59829890197674,-0.749309033854589,-38.0120978205996,-4.68947651884385,-20.3270765578457
364,"GSED-PAK",0.996577686516085,4.61508663197525,47.0878155988035,0.0707192630959568,1.22257717713567,18.3502377310399,48.9425121563186,0.0676080170684282,1.97364727081367,23.1109945889577,-1.85469655751508,-3.78954098553691,0.0031112460275286,4.60188918775656,-0.751070093677998,-38.0549303203686,-4.76075685791782,-20.599532571361
371,"GSED-PAK",1.01574264202601,4.61527637243798,47.5898179144221,0.0701165234473497,1.2231878084766,18.3199100259077,49.4461181145905,0.0670344887782894,1.97564985330535,23.1519561281235,-1.85630020016838,-3.75418793415983,0.00308203466906039,4.59768505023428,-0.752462044828748,-38.086811970747,-4.83204610221587,-20.8710057822985
378,"GSED-PAK",1.03490759753593,4.61546607690609,48.0852120769871,0.0695399117047574,1.22377418992173,18.2896384426732,49.9433818546952,0.0664907978818753,1.97736583576975,23.1929829179045,-1.85816977770818,-3.72055257113809,0.00304911382288205,4.58576813636523,-0.753591645848021,-38.1108863223916,-4.9033444752313,-21.1414999639655
385,"GSED-PAK",1.05407255304586,4.61565574539324,48.5733283777335,0.0689871532034824,1.22432987879202,18.2594228797548,50.4337294506991,0.065974555429408,1.97886067735471,23.2340750802806,-1.86040107296556,-3.68880329340739,0.00301259777407435,4.56630250020827,-0.754530798562684,-38.1295564259391,-4.97465220052584,-21.4110188735163
392,"GSED-PAK",1.07323750855578,4.61584537791307,49.0535758513145,0.0684562203105708,1.2248376331009,18.2292632359596,50.9167568938537,0.0654835511946257,1.98015844695415,23.2752327379385,-1.86318104253922,-3.65926888553292,0.0029726691159451,4.53956613792971,-0.755320813853243,-38.1444633895367,-5.04596950197883,-21.6795662530752
399,"GSED-PAK",1.09240246406571,4.61603497447923,49.5254195923547,0.0679450311818311,1.22527037596964,18.1991594110955,51.3920789810808,0.0650155373289068,1.98126949592111,23.3164560156275,-1.86665938872604,-3.63219279261542,0.00292949385292428,4.5058365635037,-0.755999119951465,-38.1573088117422,-5.11729660453199,-21.9471458316915
406,"GSED-PAK",1.11156741957563,4.61622453510535,49.9884133492798,0.0674514506279986,1.22558513189203,18.1691113054262,51.8592784565666,0.0645682452777315,1.98217799495883,23.3577450390861,-1.8708651072868,-3.60758028836381,0.00288320535026708,4.46536116610474,-0.756592863066802,-38.1697741066143,-5.18863373365986,-22.2137613240378
413,"GSED-PAK",1.13073237508556,4.61641405980505,50.4422316772368,0.0669735730444529,1.22573050107317,18.1391188188452,52.3179788496527,0.0641395757029495,1.98284122284894,23.3990999324301,-1.87574717241584,-3.58528217958537,0.00283399734150343,4.41848470377877,-0.757110721775767,-38.1831239461501,-5.2599811135849,-22.4794164253079
420,"GSED-PAK",1.14989733059548,4.61660354859194,50.8867167741621,0.0665098085737949,1.2256482086779,18.1091818501952,52.7679293966109,0.0637277076586084,1.98318438154515,23.4405208170054,-1.88121262244879,-3.56506810852731,0.00278210091518648,4.3656064487527,-0.757536172867255,-38.1979698870479,-5.33133896681026,-22.7441148105486
427,"GSED-PAK",1.16906228610541,4.61679300147963,51.3219246966954,0.0660590098388164,1.22528025395618,18.0793002964049,53.2091083149389,0.0633312013970063,1.9831220965035,23.4820078115005,-1.88718361824344,-3.54673039637012,0.0027278084418101,4.3072109507448,-0.757841842547323,-38.2145831506539,-5.4027075150956,-23.0078601389851
434,"GSED-PAK",1.18822724161533,4.61698241848173,51.7479658974037,0.0656202076238088,1.22457154382441,18.0494740542939,53.6415715261155,0.0629487794042551,1.98258147827209,23.5235610350981,-1.89360562871189,-3.53010841188719,0.00267142821955374,4.24381258038049,-0.758009934447677,-38.2334820916574,-5.47408698080423,-23.2706560568643
441,"GSED-PAK",1.20739219712526,4.61717179961182,52.1649720473744,0.0651925941661015,1.22345728047024,18.0197030202689,54.0654479557948,0.0625793380124356,1.98146918934581,23.565180606094,-1.90047590842036,-3.51513948423074,0.00261325615366585,4.17590891285324,-0.758011908875575,-38.2550439316108,-5.5454775858251,-23.5325061942917
448,"GSED-PAK",1.22655715263518,4.61736114488348,52.5730353590282,0.0647757051696895,1.22187392287741,17.9899870899436,54.480857866616,0.0622219658053174,1.97969654178263,23.6068666415576,-1.9078225075878,-3.50182170820194,0.00255373936437202,4.10424089197416,-0.757822618905217,-38.2797364601563,-5.61687955161398,-23.7934141658852
455,"GSED-PAK",1.24572210814511,4.61755045431031,52.9721867554089,0.0643690711373926,1.21976332102223,17.9603261595488,54.8879063791438,0.0618757540378542,1.97717935323839,23.648619259247,-1.91571962373494,-3.49023992735651,0.00249331709953843,4.02955428714949,-0.757416032216165,-38.307907220233,-5.68829309969813,-24.0533835711103
462,"GSED-PAK",1.26488706365503,4.61773972790585,53.3622449777947,0.0639723399738182,1.21709840636593,17.9307201239243,55.2864211734894,0.0615399602739713,1.97388556637004,23.6904385732565,-1.92417619569473,-3.48037755899708,0.00243237969984687,3.95252075077412,-0.756787160004103,-38.3399713183896,-5.75971844933223,-24.3124179888937
469,"GSED-PAK",1.28405201916496,4.61792896568369,53.7428928745874,0.0635854700360737,1.21388903531675,17.9011688755431,55.6759961873222,0.061214149450964,1.96985827204725,23.7323246928083,-1.93310331273481,-3.47205877777359,0.00237132058510974,3.87381121256827,-0.755969236730493,-38.3768338797707,-5.83115581726518,-24.5705209782176
476,"GSED-PAK",1.30321697467488,4.61811816765736,54.1139454502946,0.0632085734313277,1.21015918465487,17.8716723062775,56.0563753704219,0.0608980616746911,1.96516055846099,23.7742777260991,-1.94242992012722,-3.46513649391634,0.00231051175663664,3.79406452865293,-0.755001373806125,-38.4193225614808,-5.90260541982156,-24.827696083241
483,"GSED-PAK",1.3223819301848,4.61830733384041,54.475395436178,0.0628417423169535,1.20592932337105,17.8422303083832,56.4274887294342,0.0605915062044637,1.95983793229947,23.8162977811127,-1.95209329325622,-3.45947221329726,0.00225023611248985,3.71378144140618,-0.753908608928419,-38.4679057642211,-5.97406747272954,-25.0839468318506
490,"GSED-PAK",1.34154688569473,4.61849646424639,54.8273952805433,0.0624850818490811,1.20122726877277,17.8128427743102,56.7893966498698,0.0602943276626496,1.95393626470559,23.8583849661999,-1.96200136932648,-3.45487271404384,0.00219075418643155,3.63343331181825,-0.75270899593282,-38.5226995132431,-6.04554219188973,-25.3392767383644
497,"GSED-PAK",1.36071184120465,4.61868555888882,55.1702745781771,0.0621388053432593,1.19609587144012,17.7835095964869,57.1422869160328,0.0600064274110238,1.94752421359684,23.9005393903697,-1.97201233785576,-3.45105602923018,0.00213237793223554,3.55358254813184,-0.751428342156724,-38.5837740506922,-6.11702979388282,-25.5936893053868
504,"GSED-PAK",1.37987679671458,4.61887461778123,55.5045674147359,0.0618031406802498,1.19057363721546,17.7542306674274,57.4865294129504,0.0597277178124856,1.94066298769613,23.9427611625728,-1.98196199821452,-3.44769812763827,0.00207542286776416,3.47480691339977,-0.750089350480671,-38.6511906104389,-6.18853049514539,-25.8471880211514
511,"GSED-PAK",1.3990417522245,4.61906364093713,55.8308519976984,0.0614782932098094,1.18468470672064,17.7250058795592,57.8226111905524,0.0594580795029153,1.93339878246194,23.9850503912954,-1.99175919285399,-3.44460264219168,0.00202021370689413,3.3977109987131,-0.748714075741301,-38.7252791577694,-6.26004451173619,-26.099776359061
518,"GSED-PAK",1.41820670773443,4.61925262837003,56.1496413859519,0.0611643500378786,1.17845124525196,17.6958351259272,58.1510435190111,0.0591973124415746,1.92578204167072,24.0274071851122,-2.00140213305922,-3.44173038340217,0.001967037596304,3.3228494929485,-0.747330796418766,-38.8066136378765,-6.33157205918508,-26.351457776552
525,"GSED-PAK",1.43737166324435,4.61944158009342,56.4615648933399,0.060861361651444,1.17189732947836,17.66671829834,58.4724358219922,0.0589452913549886,1.91785602193905,24.0698316484731,-2.01087092865235,-3.43900660265642,0.00191607029645541,3.25059093340669,-0.74595869246069,-38.8954480381946,-6.40311335013314,-26.6022357100255
532,"GSED-PAK",1.45653661875428,4.61963049612081,56.7672470216091,0.0605691918936688,1.16505106921742,17.6376552889296,58.7872975805518,0.058701766836011,1.90966083639602,24.1123238857134,-2.02005055894261,-3.43620244862369,0.00186742505765786,3.18120758251568,-0.744609767178603,-38.9917284256537,-6.47466859678382,-26.8521135808899
539,"GSED-PAK",1.4757015742642,4.61981937646568,57.0670929345808,0.0602876579162531,1.15794873623547,17.6086459902541,59.0958795000685,0.0584664798576337,1.90125180906692,24.1548840009172,-2.02878656548773,-3.43304234178523,0.00182117805861948,3.11490971075062,-0.74330307283145,-39.0954564401567,-6.54623801066304,-27.1010947948021
546,"GSED-PAK",1.49486652977413,4.62000822114149,57.3613276891581,0.0600164995773168,1.15062630031368,17.5796902952224,59.398283992077,0.0582391015769008,1.89267762462774,24.1975120976868,-2.03695630291888,-3.42931843483994,0.00177739800041599,3.05189804150577,-0.742051324314053,-39.2064298039136,-6.61782180246438,-27.349182741382
553,"GSED-PAK",1.51403148528405,4.62019703016173,57.6500864898471,0.0597552936545131,1.14312314315153,17.5507880980386,59.6946074153252,0.0580191798295188,1.88398107008399,24.2402082810287,-2.0445209254781,-3.4249675372741,0.0017361138249943,2.99231018103949,-0.740857926932462,-39.3240642752017,-6.68942018299008,-27.5963807960573
560,"GSED-PAK",1.53319644079398,4.62038580353985,57.9336101752524,0.0595035651609577,1.1354764264194,17.5219392935897,59.9851117195122,0.0578062120178318,1.87520862581969,24.2829726570257,-2.05150154425972,-3.4200178768566,0.00169735314312591,2.9362815584635,-0.739732199400294,-39.4479947038928,-6.76103336343597,-27.8426923216084
567,"GSED-PAK",1.5523613963039,4.62057454128931,58.2121880980378,0.059260851528915,1.1277116017849,17.4931437774602,60.2701431370267,0.0575996626114754,1.86638783903032,24.3258053335742,-2.05795503898889,-3.4145514376995,0.00166118891743967,2.88402543022659,-0.73867623724542,-39.5778531020218,-6.83266155611395,-28.0881206702892
574,"GSED-PAK",1.57152635181383,4.62076324342355,58.4860182770031,0.0590265756665231,1.11984796051492,17.4644014458081,60.5499932703141,0.0573989567134871,1.85753858090124,24.3687064200062,-2.06397499331101,-3.40871217622896,0.00162761895303597,2.83562462844125,-0.737690620386315,-39.7133404372362,-6.90430497419808,-28.3326691831693
581,"GSED-PAK",1.59069130732375,4.62095190995601,58.7551592084455,0.0588001243068555,1.11190061392928,17.4357121945467,60.8247776536152,0.0572035701194989,1.84867716833264,24.4116760249941,-2.06961844516976,-3.40259105747302,0.00159655418735662,2.79100444958489,-0.736776554403355,-39.85425725076,-6.97596383044742,-28.5763411873278
588,"GSED-PAK",1.60985626283368,4.62114054090013,59.0196361073208,0.0585811095106681,1.10389618920119,17.4070759180784,61.0945625327697,0.057013285643265,1.83983992894014,24.4547142519262,-2.07492642544896,-3.39625383901557,0.00156782386740312,2.74992723137037,-0.735943739738953,-40.0004222194972,-7.04763833384775,-28.8191399876719
595,"GSED-PAK",1.6290212183436,4.62132913626933,59.2795819575643,0.0583691534585032,1.09586931548317,17.3784925105841,61.3595851572062,0.0568278864177542,1.83107850806944,24.4978212028908,-2.08000319964188,-3.38985864117694,0.00154126704074902,2.71216675105393,-0.735209192586265,-40.1517023626375,-7.1193286923067,-29.0610688736131
602,"GSED-PAK",1.64818617385353,4.62151769607702,59.535237331612,0.0581638065755086,1.08784922752409,17.3499618663722,61.6202670878881,0.0566470908310811,1.82242373342623,24.5409969796059,-2.0850297562761,-3.38367529842455,0.00151671574442757,2.67748214811303,-0.734574505902136,-40.3075581396817,-7.19103511323363,-29.3021311204657
609,"GSED-PAK",1.66735112936345,4.62170622033661,59.7868385090373,0.0579645465051008,1.0798669043713,17.3214838798578,61.8769684135654,0.0564705848784001,1.8139106813847,24.584241683126,-2.09012990452803,-3.37788026484797,0.00149396162670065,2.64555720454755,-0.734043777013392,-40.4674708929461,-7.26275780326822,-29.5423299887797
616,"GSED-PAK",1.68651608487337,4.6218947090615,60.0345791255786,0.057770840989909,1.07197719548616,17.2930584443713,62.1299110060349,0.0562980653122974,1.80563420231511,24.6275554111427,-2.09533188045631,-3.37250101686575,0.00147277567761155,2.616032486093,-0.73365700682895,-40.6315413104319,-7.33449696677145,-29.7816687215856
623,"GSED-PAK",1.7056810403833,4.62208316226509,60.2787410918989,0.0575822142560002,1.06423376968604,17.2646854535749,62.3793459687965,0.0561292420024268,1.79769651312218,24.6709382620338,-2.10060487689767,-3.36746858158538,0.00145297225357334,2.58861905441466,-0.733462743436134,-40.8001427427971,-7.40625280845885,-30.0201505504003
630,"GSED-PAK",1.72484599589322,4.62227157996076,60.5197393366589,0.0573983001358904,1.05669692232926,17.2363648006851,62.6255723800603,0.0559639316948193,1.79022458754033,24.7143903327173,-2.10583304340146,-3.36257692084895,0.00143436844107114,2.56302300005116,-0.733527665211064,-40.9740582447754,-7.47802553203221,-30.25777869233
637,"GSED-PAK",1.74401095140315,4.62245996216189,60.757804449951,0.0572187046146025,1.04943750664237,17.2080963789076,62.8687394709628,0.0558020056042209,1.78338010263418,24.7579117187027,-2.11093502101185,-3.35768625039289,0.00141669901038158,2.53879586413006,-0.733942595991805,-41.1545802775146,-7.54981533979511,-30.4945563485946
644,"GSED-PAK",1.76317590691307,4.62264830888185,60.992914186289,0.0570431233768199,1.04252627207351,17.1798800810141,63.1087532876377,0.0556434119565426,1.77732326832608,24.8015025143463,-2.11583910134868,-3.35268721235086,0.00139971142027723,2.51550250256114,-0.734796996252574,-41.3429008300005,-7.62162243333223,-30.7304867070999
651,"GSED-PAK",1.782340862423,4.622836620134,61.2250076841045,0.056871420581187,1.03600902221441,17.1517157980422,63.345482072719,0.055488208915739,1.77214926710267,24.8451628084205,-2.12047438861448,-3.34747533562099,0.00138321166544806,2.49280287195523,-0.736140244888262,-41.5394040758088,-7.69344701037829,-30.9655729354723
658,"GSED-PAK",1.80150581793292,4.62302489593171,61.4541190221085,0.0567035230408064,1.02991540911382,17.1236034207005,63.5788940851017,0.0553365028372676,1.76791342579669,24.8888926872569,-2.12477506299327,-3.34195033362677,0.00136702020353884,2.47037693646622,-0.737998016682866,-41.7440133614176,-7.76528926655637,-31.1998181844876
665,"GSED-PAK",1.82067077344285,4.62321313628831,61.6804579605791,0.0565395057895121,1.02426163184682,17.0955428392026,63.8091688160579,0.0551885705929975,1.76464448748635,24.9326922359461,-2.12871085547881,-3.33605795997002,0.00135093519651464,2.44785320945791,-0.740382855639527,-41.9564881702698,-7.8371493967435,-31.4332255922387
672,"GSED-PAK",1.83983572895277,4.62340134121714,61.9043845153079,0.056379364045082,1.01905473866594,17.0675339442838,64.0366385103824,0.0550446523424702,1.76235886816625,24.9765615406881,-2.13225399507456,-3.32974066827205,0.00133471170261187,2.42477996646744,-0.743304129500314,-42.176661230963,-7.90902759640439,-31.6657982866063
679,"GSED-PAK",1.8590006844627,4.62358951073155,62.1262625684409,0.0562229657027193,1.01429542399572,17.0395766278326,64.261688463405,0.0549049143366016,1.76105725054283,25.0205006888387,-2.13542589496413,-3.32301554164763,0.00131805136611775,2.40060727175944,-0.746761826547111,-42.40417659999,-7.98092406100612,-31.8975393828402
686,"GSED-PAK",1.87816563997262,4.62377764484485,62.3464389108814,0.0560700960695468,1.00997478256773,17.011670782528,64.484751790085,0.0547694784062003,1.76070946342184,25.0645097680423,-2.13831287920354,-3.31599768913482,0.00130061766334657,2.37471252455698,-0.750734680854111,-42.6381919590016,-8.0528389855143,-32.1284519826589
693,"GSED-PAK",1.89733059548255,4.62396574357036,62.565196733789,0.0559204422067568,1.00608194709702,16.9838163013848,64.7062330798275,0.0546383489302954,1.76127094570624,25.1085888665851,-2.14103634603855,-3.30885641789281,0.00128209327646137,2.34650808738198,-0.755188998609225,-42.8775027743619,-8.12477256520029,-32.3585391770577
700,"GSED-PAK",1.91649555099247,4.6241538069214,62.7827036656552,0.0557737139564699,1.00261076577593,16.9560130770071,64.9264011349243,0.0545115256100163,1.76269979528046,25.152738072631,-2.14369746926909,-3.30173462843604,0.00126218834645362,2.31545225038005,-0.760089029504533,-43.1207305713448,-8.19672499562397,-32.5878040472377
707,"GSED-PAK",1.9356605065024,4.62434183491126,62.9989523161086,0.0556295363528858,0.999565035845051,16.9282610022988,65.1452810536726,0.0543889119842349,1.7649722697789,25.1969574748896,-2.14632873756396,-3.29468029433417,0.00124062436865089,2.28102442830718,-0.765407233933852,-43.3665302871718,-8.26869647259074,-32.8162496635994
714,"GSED-PAK",1.95482546201232,4.62452982755325,63.21387351479,0.0554874843556095,0.996959167565555,16.9005599703707,65.3627396611888,0.0542703491695267,1.76807716229082,25.2412471624558,-2.14886614639884,-3.28760109741055,0.00121713518608275,2.24272591702096,-0.771117994725261,-43.6133677404757,-8.34068719208508,-33.043879085702
721,"GSED-PAK",1.97399041752225,4.62471778486064,63.4274495257608,0.0553471247202245,0.994808532722459,16.8729098743186,65.5786791457185,0.0541556596914136,1.77200499286,25.285607223978,-2.15122961995766,-3.28037961115005,0.00119146502881087,2.20007481323283,-0.777196460137542,-43.8597217992684,-8.41269734965944,-33.2706953609633
728,"GSED-PAK",1.99315537303217,4.62490570684673,63.6396322379219,0.0552081584946948,0.9931303842852,16.8453106065599,65.7930278194107,0.0540447401672423,1.77675306798888,25.330037747,-2.15339558148877,-3.27298446789747,0.00116341832745255,2.15269482997297,-0.783622683703682,-44.1041975850178,-8.48472714044008,-33.4967015256224
735,"GSED-PAK",2.01232032854209,4.62509359352477,63.8503247206701,0.0550703699238549,0.991933118530916,16.8177620597709,66.0056852208026,0.0539375022857536,1.78231009306426,25.3745388197072,-2.1553605001325,-3.26541644545068,0.00113286763810128,2.10033388661473,-0.790376974533339,-44.3456488076368,-8.55677675993633,-33.7219006056996
742,"GSED-PAK",2.03148528405202,4.62528144490804,64.0594260800086,0.0549334651696559,0.991211608391773,16.7902641274168,66.2165637177552,0.0538337438859594,1.78865161493194,25.4191105313703,-2.15713763774667,-3.25770096881101,0.00109972128369647,2.04281033477088,-0.797440006540168,-44.5833050932342,-8.62884640395351,-33.9462956160659
749,"GSED-PAK",2.05065023956194,4.6254692610098,64.2667870799635,0.0547970164659608,0.990950160206895,16.7628167040587,66.4255371354545,0.0537331105725721,1.79574735090224,25.4637529722743,-2.15875005549093,-3.24987971281108,0.00106390589338868,1.97998195535649,-0.80479719069535,-44.8168385319345,-8.7009362682156,-34.1698895590506
756,"GSED-PAK",2.06981519507187,4.6256570418433,64.472268977153,0.0546607180332,0.99111661427323,16.7354196839249,66.6325096090047,0.0536353349312177,1.80354257229987,25.5084662307673,-2.16024063185162,-3.24202201677196,0.00102538310198228,1.9117678733567,-0.812425958026644,-45.0461203691266,-8.7730465468424,-34.3926854224606
763,"GSED-PAK",2.08898015058179,4.62584478742177,64.6757710826812,0.0545245554732816,0.991671607396605,16.7080729599607,66.8374122927111,0.0535403377607883,1.81196180184187,25.5532503924838,-2.16164121002984,-3.23417848758573,0.000984217712493268,1.83827326022976,-0.82029019444527,-45.2708326197295,-8.84517743252315,-34.6146861814685
770,"GSED-PAK",2.10814510609172,4.62603249775845,64.8772253808281,0.0543886601946886,0.992576337485473,16.6807764242459,67.0402263716806,0.0534480809411608,1.82092223930349,25.5981055425285,-2.16300099085252,-3.22642256435791,0.000940579253527786,1.75979985991123,-0.828345901818022,-45.4904599405006,-8.91732911828266,-34.8358948027129
777,"GSED-PAK",2.12731006160164,4.62622017286658,65.0766627284461,0.0542533084746857,0.993786472776795,16.6535299675612,67.2410490935323,0.0533585852750769,1.83033146973266,25.6430317653424,-2.16438636508623,-3.21884681197577,0.000894723199608788,1.67681207250205,-0.836544996955868,-45.7045628504685,-8.98950179778116,-35.0563142456924
784,"GSED-PAK",2.14647501711157,4.62640781275938,65.274172654941,0.0541188467840566,0.995254375348302,16.6263334809307,67.4400226608007,0.0532718751263183,1.84008489977008,25.6880291460862,-2.16585000585972,-3.2115202818854,0.000846971657738352,1.58990397039716,-0.844830524421779,-45.9125839534546,-9.06169566515551,-35.2759474602828
791,"GSED-PAK",2.16563997262149,4.62659541745004,65.4699618369275,0.0539855176354719,0.996924627984479,16.5991868563614,67.6374070949736,0.0531878589943857,1.8500709007614,25.7330977712944,-2.16744525804609,-3.20450672362802,0.000797658641086198,1.49970060116613,-0.85314627277692,-46.1142474283449,-9.13391091493293,-35.4947973854976
798,"GSED-PAK",2.18480492813142,4.62678298695179,65.6641648656958,0.0538533768196083,0.998743605411918,16.5720899870649,67.8333382201795,0.0531063199404629,1.86018841062538,25.7782377285837,-2.1691733544837,-3.19779832660278,0.000747056879145433,1.40671935088508,-0.861444805213462,-46.3095458660476,-9.20614774151887,-35.712866947886
805,"GSED-PAK",2.20396988364134,4.62697052127782,65.8567975730257,0.0537224020570646,1.00066771893611,16.5450427669609,68.0278435162887,0.0530270088514577,1.87036316408111,25.8234491058187,-2.17104594326295,-3.19140785749458,0.000695393205606888,1.31139436424721,-0.869695445145007,-46.4987475078016,-9.27840633885781,-35.9301590613902
812,"GSED-PAK",2.22313483915127,4.62715802044132,66.0477919287225,0.0535924622086717,1.00265706957543,16.5180450912024,68.2209360366592,0.052949551783991,1.88052891939561,25.8687319928966,-2.17314410793671,-3.18545044115042,0.000642910424680662,1.21419427175405,-0.87787184982018,-46.682177591947,-9.35068690169414,-36.1466766297698
819,"GSED-PAK",2.24229979466119,4.62734548445547,66.2371228982754,0.0534633232030064,1.00466986643571,16.4910968560954,68.4126574621178,0.0528734616184675,1.89061624693014,25.914086481511,-2.17553456384236,-3.18001762326953,0.000589861584538907,1.11560992316963,-0.885946380494435,-46.8601907940322,-9.42298962541563,-36.3624225462807
826,"GSED-PAK",2.26146475017112,4.62753291333346,66.424817016111,0.0533347851462998,1.00665806104154,16.4641979582716,68.6030207015989,0.0527982780669783,1.90054126872333,25.9595126639174,-2.1782036854879,-3.17508422109048,0.000536507079321444,1.01614503154979,-0.893883207681789,-47.0330859104284,-9.49531470564581,-36.5773996938081
833,"GSED-PAK",2.28062970568104,4.62772030708844,66.6109123592397,0.0532066999059106,1.00856205592485,16.4373482939527,68.7920762935626,0.052723667853283,1.91017788955754,26.0050106300118,-2.18116393432294,-3.17066158174244,0.000483032052627626,0.916157908383357,-0.901615833632689,-47.2006213956091,-9.56766233605919,-36.7916109406137
840,"GSED-PAK",2.29979466119096,4.62790766573358,66.7954751416321,0.0530789552063144,1.01031269823663,16.4105477590433,68.9799047515649,0.0526494127526635,1.91936816001429,26.050580467563,-2.18442960993279,-3.16676228794479,0.000429542453650865,0.815854216017128,-0.909055461777665,-47.3622247526965,-9.64003270851979,-37.0050591407094
847,"GSED-PAK",2.31895961670089,4.62809498928204,66.9785391215913,0.0529515048792894,1.01184377555237,16.3837962494555,69.1665173850746,0.0525754668535701,1.92796824576435,26.0962222626093,-2.18797826348327,-3.16334889510487,0.000376038025719228,0.715234781968831,-0.916124470211974,-47.5176119847749,-9.71242601315373,-37.2177471337287
854,"GSED-PAK",2.33812457221081,4.62828227774695,67.160104274118,0.0528243520827878,1.01309893960043,16.3570936612552,69.3519302686753,0.0525018687484327,1.93586553840794,26.1419361003721,-2.19182599455732,-3.1604397830976,0.000322483334355167,0.614232106480579,-0.922766598807507,-47.6668746098137,-9.78484243911684,-37.4296777466975
861,"GSED-PAK",2.35728952772074,4.62846953114147,67.340181081495,0.0526975555169681,1.01402518759227,16.3304398911302,69.5361523906299,0.0524286999411062,1.94295174133647,26.1877220673148,-2.19597130913488,-3.15802821070495,0.00026885557586187,0.512802293712946,-0.928926553744196,-47.8100682575487,-9.85728217618456,-37.6408537972364
868,"GSED-PAK",2.37645448323066,4.62865674947871,67.5188770358915,0.0525712724850578,1.0145713665318,16.3038348356461,69.7192541833071,0.052356194168882,1.94911126578336,26.2335802492418,-2.20037714741561,-3.1560537661954,0.000215078316175808,0.410798224718252,-0.934539899251561,-47.9469754065561,-9.92974541359569,-37.8512780918749
875,"GSED-PAK",2.39561943874059,4.62884393277181,67.696338370551,0.0524456492917963,1.01468704700035,16.2772783920153,69.9013385795934,0.0522845792369717,1.95423284454258,26.2795107321264,-2.20500020904238,-3.15444632942422,0.000161070054824686,0.308064169541579,-0.939545797542228,-48.0774745018751,-10.0022323401111,-38.0609534251468
882,"GSED-PAK",2.41478439425051,4.62903108103389,67.8726244492428,0.0523207055846894,1.01431705886853,16.2507704586357,70.082447729003,0.0522139297683183,1.95820450714264,26.325513603801,-2.20982327976012,-3.15317651047967,0.000106775816371113,0.20449680161002,-0.943887448274115,-48.2016788762992,-10.0747431451653,-38.2698825815526
889,"GSED-PAK",2.43394934976044,4.62921819427804,68.0477997986595,0.0521963839188475,1.01340268764542,16.2243109342401,70.2626207531011,0.0521442107373841,1.96091213168281,26.3715889525932,-2.21482095444161,-3.1522037332259,5.21731814633261e-05,0.100055558854056,-0.94750944403739,-48.3198318133848,-10.1472780183531,-38.4780683355649
896,"GSED-PAK",2.45311430527036,4.62940527251738,68.2218877912841,0.0520726893367985,1.01189896103996,16.197899716912,70.441812912287,0.0520754236865666,1.96228095289203,26.4177368647934,-2.21992512100297,-3.15143098853402,-2.73434976809372e-06,-0.00525074896087515,-0.950381991852068,-48.4325137259976,-10.2198371478814,-38.6855134494934
903,"GSED-PAK",2.47227926078029,4.62959231576499,68.3948436067365,0.0519497567264211,1.00978019338941,16.1715367024649,70.6198920563943,0.0520077113107221,1.96228997634745,26.4639574222413,-2.22504844965776,-3.15073895593175,-5.79545843010371e-05,-0.111434598524794,-0.952509782958042,-48.5407250935978,-10.2924207197763,-38.8922206741695
910,"GSED-PAK",2.49144421629021,4.62977932403398,68.5665954270985,0.0518276838701607,1.00701579275107,16.1452217866038,70.7967375170214,0.0519411444861622,1.96091933642194,26.5102507071635,-2.23014208992288,-3.15006336186988,-0.000113460616001503,-0.218440731570191,-0.953903543670874,-48.6457309055582,-10.3650289205598,-39.0981927521302
917,"GSED-PAK",2.51060917180014,4.6299662973374,68.7370133813585,0.0517064767452232,1.00357229230112,16.1189548657155,70.9721884683752,0.0518757240377383,1.95814919058406,26.5566168028455,-2.23517508701671,-3.14936756954126,-0.000169247292515051,-0.326255287332333,-0.954576898282933,-48.7489361317874,-10.43766193713,-39.303432416179
924,"GSED-PAK",2.52977412731006,4.63015323568835,68.9060016066099,0.051586136998657,0.999418854528234,16.0927358362593,71.1461312932896,0.0518115257470695,1.95397611302598,26.6030557919093,-2.24012968667971,-3.14863176107932,-0.000225388748412457,-0.435016620650677,-0.954557258497747,-48.852043386523,-10.51031995565,-39.5079423877555
931,"GSED-PAK",2.54893908281999,4.63034013909988,69.0735786459173,0.0514666558213014,0.994531476453702,16.066564595002,71.3185459375391,0.0517486632853699,1.94841179436019,26.6495677575337,-2.24496729162173,-3.14780294818108,-0.000282007464068479,-0.54495603589476,-0.953880317906488,-48.956812962617,-10.5830031625317,-39.7117253788851
938,"GSED-PAK",2.56810403832991,4.63052700758506,69.2397154967964,0.0513481135365714,0.988899954785168,16.0404410383071,71.4893463158226,0.0516872880447603,1.94149195230734,26.6961527830325,-2.24963081902625,-3.14680569198091,-0.000339174508188829,-0.656204883287956,-0.952591997522173,-49.0649470058363,-10.6557117447254,-39.9147840939011
945,"GSED-PAK",2.58726899383984,4.63071384115692,69.404202131841,0.0512306339521259,0.982525876625017,16.0143650624881,71.6582961707488,0.0516275168453272,1.93327840218958,26.7428109517823,-2.25409403890777,-3.14561489647572,-0.000396882893201299,-0.768742944562557,-0.95075252556456,-49.1782520555635,-10.7284458892942,-40.1171212279731
952,"GSED-PAK",2.60643394934976,4.63090063982853,69.5666950834442,0.051114337515882,0.975422124085689,15.988336563786,71.825019615243,0.0515694076302087,1.92385800646121,26.7895423466992,-2.25832453179879,-3.14420315357564,-0.000455070114326675,-0.882442004356282,-0.948435882375517,-49.2986425812212,-10.8012057829132,-40.3187394660514
959,"GSED-PAK",2.62559890485969,4.63108740361291,69.726882258621,0.0509993954312597,0.967600057413137,15.9623554383319,71.9892233043192,0.0515130928012467,1.91330377764691,26.8363470499592,-2.26234104569814,-3.1426107156825,-0.000513697369986937,-0.997217099677823,-0.945703720233769,-49.427787227643,-10.8739916116273,-40.5196414824418
966,"GSED-PAK",2.64476386036961,4.63127413252308,69.8844869470288,0.0508860068389591,0.959066494220746,15.9364215825164,72.150691970789,0.0514588422217531,1.90167566904932,26.883225143561,-2.26620502376025,-3.1409331800695,-0.000572835382794012,-1.11319135460817,-0.942609174828572,-49.5672942642106,-10.9468035610447,-40.7198299407413
973,"GSED-PAK",2.66392881587953,4.63146082657209,70.0392588952242,0.0507743949487675,0.949828839060695,15.9105348931442,72.3091768444411,0.0514069800246905,1.88902810024565,26.9301767103235,-2.26991794921695,-3.13918377760021,-0.00063258507592303,-1.23054315896246,-0.939199261184956,-49.7186495565006,-11.0196418171792,-40.9193074955016
980,"GSED-PAK",2.68309377138946,4.63164748577293,70.1909679390692,0.05066484243276,0.939898187975782,15.8846952673224,72.4644332471175,0.0513578316723406,1.87541127414337,26.977201834276,-2.27346530804822,-3.13735332793575,-0.00069298923958061,-1.34933508097038,-0.935513086167588,-49.8830895956356,-11.0925065669535,-41.1180767934943
987,"GSED-PAK",2.70225872689938,4.63183411013861,70.3393919906799,0.0505577365825733,0.929295988547629,15.8589026020044,72.6161960840794,0.0513117407930452,1.86088515007403,27.0243006002512,-2.27680409339945,-3.13539432823392,-0.000754004210471899,-1.46945747468014,-0.931589161526402,-50.0616151130735,-11.1653979982468,-41.3161404744847
994,"GSED-PAK",2.72142368240931,4.63202069968214,70.484418585416,0.050453406065818,0.918044011946445,15.833156794396,72.7643509377857,0.0512689843461969,1.84549819183162,27.0714730935298,-2.27993235236968,-3.13330954373392,-0.000815578280378981,-1.59078298659427,-0.927454179885177,-50.2549492592402,-11.2383162991338,-41.5135011689476
1001,"GSED-PAK",2.74058863791923,4.63220725441651,70.6260342547798,0.0503520591465104,0.906161890848387,15.8074577422162,72.908892116418,0.0512297278105628,1.82928459135769,27.1187193998527,-2.28285786163818,-3.13111034247099,-0.000877668664052346,-1.71320188796979,-0.923122700509299,-50.4635913334929,-11.3112616576365,-41.7101614971463
1008,"GSED-PAK",2.75975359342916,4.6323937743547,70.7642620681856,0.0502538347674874,0.893670089494984,15.7818053435309,73.0498338739564,0.0511941061601458,1.8122741322967,27.1660396047927,-2.28557180577074,-3.12878439903693,-0.000940271392658308,-1.83667899136073,-0.918604042801716,-50.6879189208294,-11.3842342612618,-41.9061240684247
1015,"GSED-PAK",2.77891854893908,4.63258025950969,70.8991022484949,0.0501587410910995,0.88059645695125,15.7561994971944,73.1871870399862,0.0511621096339959,1.79450352290443,27.213433795412,-2.28808479149133,-3.12634613247428,-0.00100336854289641,-1.96115553106454,-0.913907065953178,-50.9281288271871,-11.4572342982176,-42.1013914831624
1022,"GSED-PAK",2.79808350444901,4.63276670989445,71.0306028758834,0.0500667168223354,0.866974937755621,15.7306401027844,73.3210883257953,0.0511336304411185,1.77601383476458,27.2609020604945,-2.29048544991187,-3.12391087231864,-0.00106691361878303,-2.0865203772527,-0.909038897008956,-51.1842238621669,-11.5302619577101,-42.2959663334814
1029,"GSED-PAK",2.81724845995893,4.63295312552195,71.1588570006762,0.0499776087612464,0.852837020996453,15.7051270608151,73.451723978336,0.0511084609170066,1.7568317811609,27.3084444904171,-2.29286697765986,-3.12159722532328,-0.00113085215576024,-2.21265155606347,-0.903994760164453,-51.4559657821705,-11.603317429602,-42.4898512021575
1036,"GSED-PAK",2.83641341546886,4.63313950640513,71.2840088505928,0.049891161606148,0.838211222664798,15.6796602731285,73.5792910768917,0.0510862828803068,1.73696892640779,27.3560611776781,-2.29528222629884,-3.11946770987536,-0.00119512127415882,-2.33941717184424,-0.898757703742991,-51.7428774964734,-11.6764009045496,-42.6830486622733
1043,"GSED-PAK",2.85557837097878,4.63332585255696,71.4061556105255,0.0498070598503494,0.823126344750243,15.6542396423126,73.7038701821097,0.0510667049719654,1.71643715590346,27.40375221565,-2.29771457158417,-3.11749514090224,-0.00125964512161605,-2.46666614246518,-0.893310811153219,-52.044481097417,-11.7495125733374,-42.8755612767048
1050,"GSED-PAK",2.87474332648871,4.63351216399037,71.525407890632,0.0497250232631719,0.807602112625782,15.6288650706377,73.8255120669985,0.0510494167104627,1.69523984497403,27.4515176964546,-2.30010417636657,-3.11559528944299,-0.00132439344729082,-2.59433610143362,-0.887637732348251,-52.3605987070135,-11.8226526258169,-43.0673915976013
1057,"GSED-PAK",2.89390828199863,4.63369844071829,71.6418260022384,0.0496447920060231,0.791652478197185,15.6035364606824,73.9441872115211,0.0510341411026226,1.67337408403454,27.4993577128615,-2.30236120928268,-3.11364732794568,-0.00138934909659946,-2.72239145517444,-0.881721605837357,-52.6912430549603,-11.8958212521791,-43.2585421681156
1064,"GSED-PAK",2.91307323750856,4.63388468275365,71.7554512448761,0.0495660894100168,0.775290579442584,15.578253715768,74.0598471113604,0.0510205222108851,1.65082776656142,27.5472723591241,-2.30439586648428,-3.11153203303171,-0.00145443280086834,-2.85068191747759,-0.875537187118832,-53.036252772906,-11.9690186433561,-43.4490155225541
1071,"GSED-PAK",2.93223819301848,4.63407089010938,71.866262245242,0.0494885830665413,0.758528020513779,15.5530167400076,74.172398370449,0.0510081222043366,1.62757570049538,27.5952617309059,-2.30613612520706,-3.10915674276733,-0.00151953913779523,-2.97901407095133,-0.869047679981598,-53.3952233200023,-12.0422449908983,-43.6388141860285
1078,"GSED-PAK",2.9514031485284,4.63425706279839,71.974262517236,0.049411934874871,0.741374057297849,15.5278254381998,74.2818213028861,0.050996571964451,1.60359289189499,27.6433259239054,-2.30755878565013,-3.10649193191023,-0.00158463708957998,-3.10734041238027,-0.862218834597145,-53.7679381690353,-12.1155004857057,-43.8279406720318
1085,"GSED-PAK",2.97056810403833,4.63444320083357,72.0795599562304,0.0493358207203268,0.723833915030524,15.5026797157225,74.3881941030002,0.0509856122714297,1.57885878135521,27.6914650334848,-2.30863414676979,-3.10349535246572,-0.00164979155110295,-3.23579825288756,-0.855024866324682,-54.1546132194784,-12.1887853177623,-44.0163974821249
1092,"GSED-PAK",2.98973305954825,4.63462930422784,72.1823579030283,0.0492597835075691,0.705906950847791,15.4775794789971,74.4917031673198,0.0509749336290976,1.5533442834037,27.7396791563708,-2.30934526429148,-3.10013755371432,-0.00171515012152844,-3.36469319216415,-0.847437332555905,-54.5556668672959,-12.2620996773737,-44.2041871077573
1099,"GSED-PAK",3.00889801505818,4.63481537299408,72.282844338547,0.0491833869514542,0.687592459788128,15.4525246345379,74.5925592605424,0.0509642786844726,1.52702980246604,27.7879683883438,-2.30971492199542,-3.09644144790351,-0.00178089173301839,-3.494392109509,-0.839437342677914,-54.971903057968,-12.3354437538059,-44.3913120290589
1106,"GSED-PAK",3.0280629705681,4.63500140714517,72.3811756423113,0.0491063005271491,0.668887127456815,15.427515088193,74.69093127037,0.0509535150584159,1.49989479599755,27.8363328235968,-2.30975562805865,-3.09241776581642,-0.0018472145312668,-3.62529362135086,-0.831007668540738,-55.4043970789331,-12.4088177354038,-44.5777747163766
1113,"GSED-PAK",3.04722792607803,4.63518740669399,72.4774683170845,0.0490284155082048,0.649800213499526,15.4025507442274,74.7868949983573,0.050942737758912,1.47194046608652,27.8847725536977,-2.30942668127281,-3.08800984627526,-0.00191432225070722,-3.75779224855721,-0.822140252586999,-55.8541783128524,-12.4822218094703,-44.7635776316027
1120,"GSED-PAK",3.06639288158795,4.63537337165341,72.5717997423769,0.0489498798842649,0.630349835049342,15.3776315057841,74.8805167155606,0.0509322321660285,1.44319561765974,27.9332876688934,-2.30871697318371,-3.08320117762214,-0.00198235228176361,-3.89213705635668,-0.812845782610398,-56.3226337901784,-12.5556561631092,-44.9487232292076
1127,"GSED-PAK",3.08555783709788,4.6355593020363,72.6641846179129,0.0488708851225367,0.610559286247031,15.3527572760686,74.9717970882158,0.0509222256648787,1.41370742680993,27.9818782602791,-2.30761247030284,-3.07797406481745,-0.002051340542342,-4.02837958388142,-0.803148140562902,-56.8114820175506,-12.6291209842104,-45.133213956326
1134,"GSED-PAK",3.1047227926078,4.63574519785551,72.7545465107918,0.0487916366768312,0.590457994891694,15.3279279584026,75.0606619966668,0.0509129361123553,1.38354126851966,28.0305444188141,-2.30611548587497,-3.0723356609583,-0.00212129943552409,-4.16652347616091,-0.793083273627961,-57.3227045461777,-12.7026164604115,-45.3170522506351
1141,"GSED-PAK",3.12388774811773,4.63593105912388,72.8427725531027,0.0487124126204176,0.570076912372884,15.3031434563852,75.1470583698086,0.0509046698092693,1.35276859072504,28.0792862348844,-2.30428581670596,-3.06636862000141,-0.00219225718885167,-4.30659347573742,-0.782691678352157,-57.8585046783692,-12.7761427784992,-45.5002405389731
1148,"GSED-PAK",3.14305270362765,4.63611688585427,72.9287705486675,0.0486334755820841,0.549448033789976,15.2784036745335,75.2309805950643,0.050897717565989,1.32145699151853,28.1281037996978,-2.30221004639682,-3.06018880544522,-0.00226424198390485,-4.44861202463402,-0.772008957728552,-58.4210430368538,-12.8497001251643,-45.682781237825
1155,"GSED-PAK",3.16221765913758,4.63630267805949,73.0125155944476,0.0485550024426441,0.528603119887476,15.2537085183658,75.3124923077904,0.0508922236870427,1.28967147583495,28.1769972067874,-2.29997671334282,-3.05391130058898,-0.00233722124439861,-4.59249188789854,-0.76106835594747,-59.0125756991521,-12.9232886884215,-45.8646767559339
1162,"GSED-PAK",3.1813826146475,4.63648843575238,73.0941072188466,0.0484770590650254,0.507573110216074,15.2290578944047,75.3917683604825,0.0508881523916536,1.25748296457761,28.2259665517811,-2.29766114163586,-3.04762866238883,-0.00241109332662827,-4.73802489049243,-0.74990985436154,-59.6357863673671,-12.9969086573764,-46.045929493799
1169,"GSED-PAK",3.20054757015743,4.63667415894576,73.1736719741977,0.0483996328193945,0.486389925495954,15.204451710018,75.4689608503842,0.0508853805292026,1.22497473205696,28.2750119313745,-2.29528887618652,-3.04136806751174,-0.00248574770980813,-4.88499385080078,-0.738584806561008,-60.2938809456735,-13.0705602213564,-46.2265418422444
1176,"GSED-PAK",3.21971252566735,4.63685984765245,73.2513344555726,0.0483226806573965,0.46508774337034,15.1798898730312,75.5442170976265,0.0508837380767865,1.19224176101252,28.3241334425597,-2.2928826420539,-3.03515309330797,-0.00256105741938999,-5.03315502395913,-0.727154017642183,-60.9904837609983,-13.1442435695285,-46.406516182338
1183,"GSED-PAK",3.23887748117728,4.63704550188523,73.3272617333187,0.0482461389588588,0.44370162741412,15.15537229173,75.617723921539,0.0508829902860839,1.15938202213358,28.3733311827874,-2.29046218822023,-3.02900175968906,-0.00263685132722506,-5.1821862520258,-0.715680394719457,-61.7294714819202,-13.2179588910573,-46.5858548857175
1190,"GSED-PAK",3.2580424366872,4.63723112165692,73.401659689129,0.0481698865450959,0.422261705217236,15.1308988751331,75.6896833256447,0.0508828139686399,1.12647946504132,28.4226052510769,-2.28802363651579,-3.02290026326557,-0.00271292742354398,-5.33171656979509,-0.704217759824085,-62.5149220805595,-13.2917063759438,-46.7645603157373
1197,"GSED-PAK",3.27720739219713,4.63741670698031,73.4747489107658,0.048093765613714,0.400792817758451,15.1064695328049,75.7602850686343,0.0508828422109636,1.09359365008972,28.4719557480396,-2.28553615786846,-3.0167998388574,-0.0027890765972496,-5.48136950700573,-0.692800832331273,-63.350846292353,-13.3654862152347,-46.94263482815
1204,"GSED-PAK",3.29637234770705,4.63760225786817,73.5469051559619,0.0480176510380458,0.379308999922468,15.0820841743783,75.829830606675,0.0508828122025029,1.06075812047773,28.5213827745762,-2.28292545071319,-3.01059020236323,-0.00286516116445704,-5.63090175333529,-0.681449120555259,-64.2417067001437,-13.4392986001979,-47.1200807703391
1211,"GSED-PAK",3.31553730321697,4.63778777433329,73.6186015357188,0.0479414875210472,0.357820363617722,15.0577427097807,75.8986952099879,0.0508826205096029,1.02799401747771,28.5708864314806,-2.28009367426908,-3.00412763086477,-0.00294113298855566,-5.78023096904097,-0.67017365385999,-65.192369066926,-13.5131437216999,-47.2969004798205
1218,"GSED-PAK",3.3347022587269,4.63797325638843,73.6902622272325,0.047865234269556,0.336340404933027,15.033445049555,75.9671983440295,0.050882214779082,0.995320095302391,28.6204668199721,-2.27693611679705,-2.99726219530379,-0.00301698050952599,-5.92934195695879,-0.658979690369364,-66.2078153027903,-13.5870217704171,-47.4730962841449
1225,"GSED-PAK",3.35386721423682,4.63815870404636,73.762134291263,0.0477888531748012,0.314884033180425,15.0091911049359,76.0354975187616,0.0508815529131053,0.962751971831547,28.6701240422898,-2.27336322749859,-2.98987091777449,-0.00309269973830407,-6.07823378265544,-0.647867938651122,-67.2933380150459,-13.6609329373539,-47.6486705017508
1232,"GSED-PAK",3.37303216974675,4.63834411731983,73.8342888387379,0.0477123459041695,0.293469723629952,14.9849807872905,76.1035941429782,0.0508806353132073,0.930301859553434,28.7198582007458,-2.2693053042403,-2.98186351090973,-0.00316828940903785,-6.22690614913655,-0.636832135923482,-68.4543548294288,-13.7348774134552,-47.8236254421987
1239,"GSED-PAK",3.39219712525667,4.6385294962216,73.9068096093555,0.0476357134798666,0.272108941632072,14.9608140080308,76.1715029722541,0.0508794646877212,0.897965011475292,28.7696693980012,-2.26469336289864,-2.97315042309664,-0.00324375120785465,-6.37536426093231,-0.62585606984322,-69.6971554398298,-13.8088553899704,-47.9979634070101
1246,"GSED-PAK",3.4113620807666,4.63871484076439,73.9797678782348,0.0475589468956872,0.250804795458456,14.9366906787324,76.2392491767305,0.0508779589401503,0.865736047513685,28.8195577370852,-2.25948129849576,-2.96367202313082,-0.00331901204446317,-6.52347718658967,-0.614931252055229,-71.0298772727849,-13.8828670583528,-48.1716866893077
1253,"GSED-PAK",3.43052703627652,4.63890015096096,74.0531770097351,0.0474821063553149,0.229552765637234,14.9126107108632,76.3068116599424,0.050876075226626,0.833608863539407,28.8695233208617,-2.25363465020735,-2.95338594442991,-0.00339396887131108,-6.67105089414375,-0.604056097902173,-72.4627729289514,-13.9569126099984,-48.3447975738238
1260,"GSED-PAK",3.44969199178645,4.63908542682401,74.1269996660152,0.0474052963039582,0.208343902452609,14.8885740165837,76.3741894789189,0.050873861006291,0.801569586556642,28.9195662529839,-2.24718981290371,-2.94234194593186,-0.00346856470233285,-6.81797023800478,-0.593225684104033,-74.0080080448653,-14.0309922364003,-48.5172983358716
1267,"GSED-PAK",3.46885694729637,4.63927066836628,74.2011718445299,0.0473285341564498,0.18716684406564,14.8645805090904,76.4414500022079,0.0508713730000706,0.769591495181847,28.9696866382958,-2.24027815767799,-2.93071122749933,-0.00354283884362085,-6.9643074969019,-0.582424651116207,-75.6797151167303,-14.1051061292054,-48.6891912408867
1274,"GSED-PAK",3.4880219028063,4.63945587560047,74.2755270489713,0.0472518279830867,0.166011307266297,14.8406301020656,76.5085946156571,0.0508686904650021,0.737653136490236,29.0198845819102,-2.2330675666858,-2.91871465931857,-0.00361686248191544,-7.11019381244709,-0.571641829223939,-77.4946653035082,-14.1792544798446,-48.8604785447126
1281,"GSED-PAK",3.50718685831622,4.6396410485393,74.3499031109163,0.0471751897847938,0.144868920569802,14.8167227095951,76.5756168274445,0.0508658882191036,0.705737476592737,29.0701601888617,-2.22571371652819,-2.90655669355379,-0.00369069843430983,-7.25574361035874,-0.560868556022935,-79.4726898634856,-14.2534374792667,-49.0311624933112
1288,"GSED-PAK",3.52635181382615,4.63982618719546,74.4242728503305,0.0470986588243799,0.12373483614681,14.7928582461575,76.6425901564518,0.0508630386545552,0.673835945088731,29.1205135642323,-2.21831730612129,-2.89436630676626,-0.0037643798301753,-7.40101246357244,-0.550101108941921,-81.6372461207131,-14.3276553180748,-49.2012453230666
1295,"GSED-PAK",3.54551676933607,4.64001129158164,74.4986474289278,0.0470222539996087,0.102606620051931,14.7690366266617,76.7095633554968,0.0508601722522501,0.641945066557975,29.1709448136131,-2.21091592656899,-2.88219073327649,-0.00383791825264141,-7.54601898241039,-0.539338446506043,-84.0162927644114,-14.4019081869514,-49.370729261503
1302,"GSED-PAK",3.564681724846,4.64019636171053,74.573018386744,0.0469459792891177,0.0814827891734258,14.7452577662756,76.7765352862961,0.0508572994802824,0.61006143060487,29.2214540429323,-2.20351689955216,-2.8700395131603,-0.00391132019116468,-7.69077444365901,-0.528578641431444,-86.64351078667,-14.4761962766567,-49.5396165275972
0,"GSED-TZA",0,4.60517018598809,11.6045429955361,0.254962443058043,1.16967484623552,20.0072760138823,11.6050503129991,0.261950107186285,0.907877454013602,21.0681859305832,-0.000507317463066315,-0.00437152316778889,-0.00698766412824198,-2.6675553613241,0.261797392221918,28.8362037260148,-1.06090991670091,-5.03560164219387
7,"GSED-TZA",0.0191649555099247,4.60536181718076,12.3911445912889,0.245116485480406,1.19086936463026,19.9738789996303,12.4030362089615,0.251867363876831,0.930979954518945,21.1059002703549,-0.0118916176726138,-0.0958766665860562,-0.00675087839642491,-2.68033074730803,0.259889410111319,27.915682700774,-1.13202127072466,-5.36352989554623
14,"GSED-TZA",0.0383299110198494,4.60555341165795,13.1775907061357,0.23565251443437,1.21205910380533,19.9405441158256,13.2008705348206,0.242174525248723,0.954074529958685,21.143674877681,-0.0232798286849203,-0.17635070826211,-0.00652201081435341,-2.69310358207786,0.257984573846649,27.0402956735278,-1.20313076185534,-5.69026325279601
21,"GSED-TZA",0.0574948665297741,4.60574496943373,13.9638914583176,0.226555966438796,1.23326679042004,19.9072712344995,13.9985964604806,0.232856846814105,0.9772033323882,21.181509836192,-0.0347050021630491,-0.247917727045169,-0.00630088037530946,-2.70590298782994,0.256063458031836,26.2037029085891,-1.27423860169244,-6.01580629306793
28,"GSED-TZA",0.0766598220396988,4.60593649052216,14.7502581062757,0.217816296113181,1.25468275420407,19.8740602225372,14.7966139832405,0.223903879062596,1.0007686427584,21.2194052181427,-0.0463558769648227,-0.313287060251271,-0.00608758294941547,-2.71883764359151,0.253914111445672,25.3719092102859,-1.34534499560541,-6.34016355206382
35,"GSED-TZA",0.0958247775496235,4.60612797493728,15.5373186986455,0.20942663065274,1.27654053109918,19.8409109435525,15.5957536804133,0.215309018190003,1.02532597689816,21.2573610863,-0.0584349817677676,-0.374685205763131,-0.00588238753726347,-2.73206741952279,0.251214554201021,24.5009450517387,-1.41645014274756,-6.66333952270509
42,"GSED-TZA",0.114989733059548,4.60631942269314,16.3256275411738,0.201381751973206,1.29895376441791,19.8078232608132,16.3965275248461,0.207067025411573,1.05128782178837,21.29537749981,-0.070899983672291,-0.432408530189423,-0.00568527343836711,-2.745619891466,0.24766594262954,23.5583384013931,-1.48755423899677,-6.98533866802802
49,"GSED-TZA",0.134154688569473,4.60651083380377,17.1157406536348,0.193677060635525,1.32193774676687,19.7747970366426,17.1992840378762,0.199172785863774,1.07888877540219,21.3334545159255,-0.0835433842414055,-0.48573756940944,-0.00549572522824956,-2.7592751712618,0.243048971364684,22.5277134127269,-1.5586574792829,-7.306165431948
56,"GSED-TZA",0.153319644079398,4.6067022082832,17.9086281187921,0.186308611723958,1.34536697234564,19.7418321304249,18.0049106380647,0.191621919955934,1.10799285758867,21.3715921878771,-0.0962825192726626,-0.534756996067,-0.00531330823197532,-2.77280815952433,0.237374114756975,21.4237946689994,-1.62976005745223,-7.62582423960299
63,"GSED-TZA",0.172484599589322,4.60689354614545,18.7051871764828,0.179271792296342,1.36902717561965,19.7089284028682,18.8144383092808,0.18440974578618,1.13820004163427,21.4097905701766,-0.109251132798001,-0.580677089595119,-0.005137953489838,-2.78616158160934,0.230827133985378,20.2800145441875,-1.70086216730837,-7.94431950061964
70,"GSED-TZA",0.191649555099247,4.60708484740452,19.5060999400268,0.172561357154244,1.39272495912381,19.6760857162131,19.6285883526259,0.177530948424467,1.16920656186339,21.4480497184558,-0.122488412599107,-0.624030676066019,-0.00496959127022292,-2.79928165445323,0.223518397260419,19.1171008229882,-1.7719640022427,-8.2616556073998
77,"GSED-TZA",0.210814510609172,4.60727611207442,20.311923678848,0.166171081150594,1.41631171056039,19.6433039344111,20.4478890714428,0.170979235256265,1.2008087095807,21.4863696904026,-0.135965392594755,-0.664936082740407,-0.00480815410567095,-2.81212750686623,0.21550300097969,17.9464888337576,-1.84306575599145,-8.57783693824605
84,"GSED-TZA",0.229979466119097,4.60746734016914,21.1228821700087,0.160093946151931,1.43967661259094,19.6105829234914,21.272508099288,0.164747243610346,1.2328242151394,21.5247505477789,-0.14962592927937,-0.70337699993344,-0.00465329745841411,-2.82450701841175,0.206852397451541,16.7787422498147,-1.91416762428751,-8.89286786408324
91,"GSED-TZA",0.249144421629021,4.60765853170267,21.938777922404,0.154321736586608,1.46272863192922,19.5779225521048,22.1022463251566,0.158826545929816,1.26506991173462,21.563192357287,-0.163468402752589,-0.73960085480782,-0.00450480934320763,-2.8363075686342,0.197658720194601,15.6243317749593,-1.98526980518213,-9.20675274925718
98,"GSED-TZA",0.268309377138946,4.60784968668898,22.7589872428557,0.148844835559805,1.48537107264374,19.5453226923902,22.9365414323595,0.153207570960786,1.2973235509714,21.6016951924269,-0.177554189503791,-0.774110560772222,-0.00436273540098059,-2.84759778751224,0.188047521672344,14.4950364565216,-2.05637250003668,-9.51949595491746
105,"GSED-TZA",0.287474332648871,4.60804080514205,23.5828288885507,0.143652627202977,1.50747149322569,19.5127832194553,23.7746843400378,0.147879597108205,1.32930606296216,21.6402591331744,-0.191855451487136,-0.80697370675093,-0.00422696990522872,-2.85838613837702,0.178165430263534,13.4028900663042,-2.12747591371906,-9.83110183952304
112,"GSED-TZA",0.306639288158795,4.60823188707584,24.4098636346171,0.138733628222727,1.52888132120426,19.4803040112569,24.616190517143,0.142830838464002,1.36072377712258,21.6788842660144,-0.206326882525978,-0.838175518597362,-0.00409721024127441,-2.86857536183059,0.168157544081689,12.3579485351009,-2.19858025475753,-10.1415747590119
119,"GSED-TZA",0.32580424366872,4.60842293250429,25.2395748230453,0.134075856920979,1.5494791549922,19.4478849473761,25.4604774427507,0.138049110423653,1.39136660137312,21.7175706806101,-0.220902619705313,-0.867629525809269,-0.00397325350267377,-2.87814495180768,0.15811255361908,11.3638313197284,-2.269685733234,-10.4509190581819
126,"GSED-TZA",0.344969199178645,4.60861394144136,26.0711965740164,0.12966716869334,1.56916525989077,19.4155259088258,26.3067157630454,0.13352236591651,1.42106434645698,21.7563184687209,-0.235519189029041,-0.895281612309389,-0.00385519722317004,-2.88730445772707,0.148100913433785,10.4218302150098,-2.3407925598951,-10.7591390669357
133,"GSED-TZA",0.364134154688569,4.60880491390098,26.9037766868645,0.125494856660265,1.58786617277419,19.3832267793014,27.1539132443768,0.129238102775583,1.44967539849667,21.7951277260052,-0.250136557512278,-0.921180513692911,-0.00374324611531848,-2.89639513032661,0.138190774277522,9.53253220830174,-2.41190094670374,-11.066239101806
140,"GSED-TZA",0.383299110198494,4.60899584989709,27.7363298065319,0.121546683133399,1.6055570779608,19.3509874436864,28.0009151016705,0.125184103577787,1.47718898886431,21.8339985497556,-0.264585295138644,-0.94491660068231,-0.00363742044438777,-2.90565682097772,0.12836808909649,8.69002477436429,-2.48301110606919,-11.3722234633793
147,"GSED-TZA",0.402464065708419,4.6091867494436,28.5676643151609,0.117811282654447,1.62224036425666,19.3188077869016,28.8463237974274,0.12134883744206,1.5036476921354,21.8729310381277,-0.278659482266548,-0.966013847114201,-0.00353755478761383,-2.91519462582646,0.118592672121264,7.88699857962373,-2.55412325122614,-11.6770964383965
154,"GSED-TZA",0.421629021218344,4.60937761255443,29.3962494949724,0.114277740204708,1.63795493159166,19.2866876953296,29.6885188990723,0.11772120355404,1.5291689058997,21.9119252919543,-0.292269404099901,-0.984452626597799,-0.003443463349332,-2.92510036031978,0.108786025691964,7.11406210734837,-2.6252375966246,-11.9808623005326
161,"GSED-TZA",0.440793976728268,4.60956843924349,30.2202076471595,0.110935309853777,1.65273896571909,19.2546270573426,30.5255549781439,0.11429022515371,1.55387374073021,21.9509814150942,-0.305347330984386,-1.00030067005502,-0.00335491529993279,-2.93543502554198,0.0988652249888768,6.36250052996051,-2.69635435775161,-12.2835253092488
168,"GSED-TZA",0.459958932238193,4.60975922952466,31.0374931435178,0.107773777721139,1.66661692840121,19.222625761454,31.3554184111522,0.111045626275557,1.57784313855664,21.9900995115415,-0.317925267634426,-1.01394044074165,-0.00327184855441745,-2.94640019976874,0.0887737898445708,5.62627473386095,-2.76747375008756,-12.585089706552
175,"GSED-TZA",0.479123887748118,4.60994998341185,31.8459431771613,0.104783408478327,1.67961297460479,19.1906836968635,32.1760663041136,0.107977749640864,1.6011334430171,22.0292796865297,-0.330123126952358,-1.02598970250802,-0.00319434116253688,-2.95833277981929,0.078479531587689,4.90149849345508,-2.83859598966623,-12.8855597189678
182,"GSED-TZA",0.498288843258042,4.61014070091894,32.6432626933339,0.101955416900401,1.69177973392913,19.1588007520081,32.9853600847282,0.105077745423079,1.62383448766318,22.0685220440563,-0.342097391394347,-1.03711886277917,-0.00312232852267866,-2.97144605654326,0.0679452462659458,4.18424702653803,-2.90972129204824,-13.1849395543546
189,"GSED-TZA",0.517453798767967,4.61033138205979,33.4269819483191,0.0992819226789094,1.7032184091132,19.1269768134869,33.7809942585681,0.102337552973776,1.64612917345313,22.1078266842036,-0.354012310248962,-1.04796296858305,-0.00305563029486708,-2.98583482414327,0.0570892356600778,3.46808966032236,-2.98084987071675,-13.4832333964632
196,"GSED-TZA",0.536618754277892,4.61052202684827,34.1946791251748,0.0967551332819992,1.71403142945557,19.0952117689879,34.5606219013791,0.099749167079126,1.6682061126804,22.1471937085274,-0.365942776204285,-1.05884314596111,-0.0029940337971268,-3.00156270453044,0.0458253167751701,2.74698170848566,-3.05198193953949,-13.7804454131107
203,"GSED-TZA",0.555783709787817,4.61071263529825,34.9444424750092,0.0943673626815962,1.72430862902066,19.063505507939,35.3223274381368,0.0973047058939671,1.69017820532055,22.1866232206483,-0.37788496312757,-1.0698189800471,-0.00293734321237087,-3.01870622328553,0.0341304237001092,2.01933876514733,-3.12311771270927,-14.076579755511
210,"GSED-TZA",0.574948665297741,4.61090320742357,35.6751096701524,0.0921112477655093,1.73410985528426,19.0318579208091,36.0649544780831,0.0949965814522839,1.71203296185354,22.2261153247376,-0.3898448079307,-1.08095189241847,-0.00288533368677457,-3.03730265096313,0.0220768934307161,1.28951334014121,-3.19425740392852,-14.3716405555285
217,"GSED-TZA",0.594113620807666,4.61109374323807,36.3862301996685,0.0899799321367158,1.74346775998001,19.0002688988104,36.7880410709294,0.0928175615450034,1.73367880035946,22.2656701265734,-0.401810871260892,-1.09223231127251,-0.00283762940828751,-3.05721176149587,0.0097889596205567,0.564635134174052,-3.26540122776305,-14.665631931131
224,"GSED-TZA",0.613278576317591,4.6112842427556,37.0778514511402,0.0879668585115088,1.75240866919667,18.9687383343453,37.4915677565501,0.0907606162824175,1.75500477289749,22.3052877338007,-0.413716305409935,-1.10349161202429,-0.00279375777090866,-3.07816086463692,-0.00259610370082286,-0.147925734500238,-3.33654939945534,-14.9585579853303
231,"GSED-TZA",0.632443531827515,4.61147470598997,37.7505524839248,0.0860659203351314,1.76093970930021,18.9372661203686,38.1759050292938,0.088819167406161,1.7758754951537,22.3449682541424,-0.425352545369002,-1.11419112406795,-0.00275324707102967,-3.09983436169735,-0.0149357858534871,-0.841037893379705,-3.40770213377371,-15.2504228021984
238,"GSED-TZA",0.65160848733744,4.611665132955,38.4054154139849,0.0842715758660038,1.7690374312022,18.9058521501503,38.8418297768653,0.0869872519449048,1.79610289503172,22.3847117956989,-0.436414362880335,-1.12356798170273,-0.00271567607890096,-3.12192421094184,-0.0270654638295156,-1.50689940450419,-3.4788596455486,-15.5412304491543
245,"GSED-TZA",0.670773442847365,4.61185552366451,39.0439084238851,0.0825788399696776,1.77665337342778,18.8744963169708,39.4905474584911,0.0852594733157654,1.81545884064666,22.4245184673372,-0.446639034605965,-1.13100238753447,-0.00268063334608779,-3.14408855912098,-0.0388054672188742,-2.13750190034889,-3.55002215036634,-15.8309849798433
252,"GSED-TZA",0.68993839835729,4.6120458781323,39.6676483749689,0.0809831834594528,1.78375908207058,18.8431985128253,40.123533174021,0.0836310258611108,1.83375918385239,22.4643883765856,-0.455884799052072,-1.1362030284692,-0.00264784240165809,-3.16610058814233,-0.0500001017818088,-2.72664492819432,-3.62118986376026,-16.1196904320555
259,"GSED-TZA",0.709103353867214,4.61223619637215,40.277961819435,0.0794800729981564,1.7903419675471,18.8119586303207,40.7420415927977,0.082097294563665,1.85086874031536,22.5043216318409,-0.464079773362741,-1.13906852779017,-0.00261722156550868,-3.18795105175978,-0.0605267727682621,-3.27018180435363,-3.69236300152016,-16.4073508276558
266,"GSED-TZA",0.728268309377139,4.61242647839787,40.8757633462898,0.0780647692354778,1.79640612202738,18.7807765626183,41.3470325279124,0.0806536553312006,1.86669438154953,22.5443183421308,-0.471269181622574,-1.13978961199799,-0.0025888860957228,-3.20988067446126,-0.0702882595221592,-3.76538656873297,-3.76354177951253,-16.6939701719844
273,"GSED-TZA",0.747433264887064,4.61261672422323,41.4619050881941,0.0767325393015335,1.80198168667943,18.7496522021752,41.939447715524,0.079295648071037,1.88121272134413,22.5843786142882,-0.477542627329896,-1.13864786815763,-0.00256310876950357,-3.23234481570465,-0.0792310346647012,-4.2116999191931,-3.83472641211297,-16.9795524490849
280,"GSED-TZA",0.766598220396988,4.612806933862,42.0372686817098,0.0754789779169011,1.80713070098446,18.7185854380586,42.5202660212089,0.0780191763673757,1.89445970664651,22.6245025480407,-0.482997339499086,-1.13592266628381,-0.00254019845047454,-3.25586422306394,-0.0873290056620428,-4.60970509721893,-3.90591710998212,-17.2641016158845
287,"GSED-TZA",0.785763175906913,4.61299710732794,42.6027614572673,0.0742997563066633,1.81190781649459,18.6875761598841,43.0905498386006,0.076820197154479,1.90646608765866,22.6646902445228,-0.487788381333303,-1.13200779094339,-0.00252044084781576,-3.28096118101254,-0.094558271164066,-4.95987165867679,-3.97711408463874,-17.5476216164033
294,"GSED-TZA",0.804928131416838,4.61318724463481,43.159442448888,0.0731905644730265,1.81636255978329,18.6566242590087,43.6515138736002,0.0756946823395366,1.91727590960666,22.7049418081667,-0.492071424712265,-1.12727230065178,-0.00250411786651,-3.30818201373449,-0.100913349823364,-5.26337129245354,-4.04831754915802,-17.8301163833059
301,"GSED-TZA",0.824093086926763,4.61337734579636,43.7083321291386,0.0721470375570573,1.82054239405555,18.6257296280663,44.2043081235949,0.0746386501577895,1.9269448404801,22.7452573455479,-0.495975994456337,-1.12200827364969,-0.00249161260073215,-3.33823373743331,-0.106402446424553,-5.52182108119105,-4.11952771748166,-18.1115898356191
308,"GSED-TZA",0.843258042436687,4.61356741082632,44.2504072538437,0.0711647044973047,1.82449619742593,18.5948921610228,44.7500459604097,0.0736480028973323,1.93554440915666,22.7856369660223,-0.499638706565968,-1.11650992941549,-0.00248329840002762,-3.37184757540461,-0.111048211730733,-5.73731148742375,-4.19074480499951,-18.3920458806954
315,"GSED-TZA",0.862422997946612,4.61375743973843,44.7865542890762,0.0702392122381287,1.82826355022492,18.5641117526443,45.2897213618883,0.0727186816610894,1.94314509363897,22.8260807810914,-0.50316707281204,-1.11099617679578,-0.00247946942296073,-3.40967323158645,-0.114881543414046,-5.91214437821034,-4.26196902844703,-18.6714884141545
322,"GSED-TZA",0.881587953456537,4.61394743254642,45.3175632768771,0.0693663013047738,1.83187361639907,18.5333882977434,45.8242113576699,0.0718466946773609,1.94979354056637,22.8665889039697,-0.506648080792822,-1.105634043188,-0.00248039337258714,-3.45234166126325,-0.117919924167303,-6.04781592070769,-4.33320060622621,-18.9499213215574
329,"GSED-TZA",0.900752908966461,4.614137389264,45.8439711655002,0.0685418318328636,1.83535907553684,18.5027216912836,46.3541362582107,0.0710281554607347,1.95555085171084,22.9071614491559,-0.510165092710459,-1.10058159614633,-0.00248632362787105,-3.5004761305473,-0.120191776174,-6.14618515641506,-4.40443975787227,-19.2273484763629
336,"GSED-TZA",0.919917864476386,4.61432730990487,46.3660615525978,0.0677617383398122,1.83875992096955,18.4721118286295,46.8798810070546,0.0702592176304483,1.96050826200705,22.9477985324359,-0.513819454456822,-1.09603404151026,-0.00249747929063608,-3.55466424885686,-0.121748341037497,-6.2100396818965,-4.47568670380645,-19.5037737388195
343,"GSED-TZA",0.939082819986311,4.61451719448275,46.8839452591512,0.0670222653114213,1.84210289665039,18.441558605345,47.4016648057999,0.0695362447948385,1.96473522592134,22.9885002701889,-0.517719546648685,-1.09219696981052,-0.00251397948341724,-3.6153512327773,-0.122632329270953,-6.24167204074256,-4.5469416648439,-19.7792009544019
350,"GSED-TZA",0.958247775496235,4.61470704301131,47.3976059070363,0.0663198657357365,1.84539797076406,18.4110619171878,47.9195589772843,0.0688557054896996,1.9682980932635,23.0292667793845,-0.521953070247925,-1.08922761683878,-0.00253583975396315,-3.68283170715969,-0.122900122499436,-6.24397914726746,-4.61820486219671,-20.0536339538646
357,"GSED-TZA",0.97741273100616,4.61489685550426,47.9068448399208,0.0656511087278262,1.84863325077477,18.3806216602957,48.4333796487574,0.068214095273801,1.97123830784346,23.0700981791395,-0.526534808836679,-1.08713208257435,-0.00256298654597477,-3.75726825326545,-0.122605057068694,-6.21969736387805,-4.68947651884385,-20.3270765578457
364,"GSED-TZA",0.996577686516085,4.61508663197525,48.4111056558003,0.0650126972371499,1.85181428907805,18.3502377310399,48.9425121563186,0.0676080170684282,1.97364727081367,23.1109945889577,-0.531406500518315,-1.08577691889015,-0.00259531983127831,-3.83877525745431,-0.121832981735618,-6.1729866089694,-4.76075685791782,-20.599532571361
371,"GSED-TZA",1.01574264202601,4.61527637243798,48.9095829351192,0.0644018054734054,1.85495757493723,18.3199100259077,49.4461181145905,0.0670344887782894,1.97564985330535,23.1519561281235,-0.536535179471322,-1.08509059948429,-0.00263268330488395,-3.92735642930211,-0.12069227836812,-6.10899133599997,-4.83204610221587,-20.8710057822985
378,"GSED-TZA",1.03490759753593,4.61546607690609,49.4014527300996,0.0638159275862243,1.85807613044472,18.2896384426732,49.9433818546952,0.0664907978818753,1.97736583576975,23.1929829179045,-0.541929124595669,-1.08508696141633,-0.00267487029565101,-4.02291802905279,-0.119289705325035,-6.03275848945766,-4.9033444752313,-21.1414999639655
385,"GSED-TZA",1.05407255304586,4.61565574539324,49.8860453317229,0.0632529129898632,1.86116351310375,18.2594228797548,50.4337294506991,0.065974555429408,1.97886067735471,23.2340750802806,-0.547684118976143,-1.08594808462762,-0.00272164243954484,-4.12529106385107,-0.117697164250954,-5.94772363703181,-4.97465220052584,-21.4110188735163
392,"GSED-TZA",1.07323750855578,4.61584537791307,50.3627697743887,0.0627108448814207,1.8642024811099,18.2292632359596,50.9167568938537,0.0654835511946257,1.98015844695415,23.2752327379385,-0.553987119464949,-1.0880251478307,-0.002772706313205,-4.23420273125408,-0.115955965844246,-5.85589330099355,-5.04596950197883,-21.6795662530752
399,"GSED-TZA",1.09240246406571,4.61603497447923,50.8310911524684,0.0621877635073907,1.86716595776648,18.1991594110955,51.3920789810808,0.0650155373289068,1.98126949592111,23.3164560156275,-0.560987828612348,-1.0915842280264,-0.00282777382151613,-4.34938160583172,-0.114103538154627,-5.75911244732404,-5.11729660453199,-21.9471458316915
406,"GSED-TZA",1.11156741957563,4.61622453510535,51.2905632141343,0.0616816671563433,1.87001096774922,18.1691113054262,51.8592784565666,0.0645682452777315,1.98217799495883,23.3577450390861,-0.568715242432354,-1.09665089711703,-0.0028865781213882,-4.47058474172866,-0.112167027209605,-5.65877673422235,-5.18863373365986,-22.2137613240378
413,"GSED-TZA",1.13073237508556,4.61641405980505,51.7408605142803,0.0611907708556734,1.87268611144508,18.1391188188452,52.3179788496527,0.0641395757029495,1.98284122284894,23.3990999324301,-0.577118335372411,-1.10309753561178,-0.00294880484727604,-4.59748106369285,-0.110155111403856,-5.55541765697131,-5.2599811135849,-22.4794164253079
420,"GSED-TZA",1.14989733059548,4.61660354859194,52.1818252505898,0.0607135840838629,1.87513311420062,18.1091818501952,52.7679293966109,0.0637277076586084,1.98318438154515,23.4405208170054,-0.586104146021079,-1.11072038020639,-0.00301412357474551,-4.72969087620768,-0.10805126734453,-5.44837224163414,-5.33133896681026,-22.7441148105486
427,"GSED-TZA",1.16906228610541,4.61679300147963,52.6135134794499,0.0602490250727767,1.87729397544744,18.0793002964049,53.2091083149389,0.0633312013970063,1.9831220965035,23.4820078115005,-0.595594835488967,-1.11934752216426,-0.00308217632422953,-4.86675802170276,-0.105828121056059,-5.3364400125765,-5.4027075150956,-23.0078601389851
434,"GSED-TZA",1.18822724161533,4.61698241848173,53.0360356531747,0.0597961781596843,1.87911360228347,18.0494740542939,53.6415715261155,0.0629487794042551,1.98258147827209,23.5235610350981,-0.605535872940813,-1.12885557919571,-0.00315260124457077,-5.00820075370305,-0.10346787598862,-5.21884609145028,-5.47408698080423,-23.2706560568643
441,"GSED-TZA",1.20739219712526,4.61717179961182,53.4495234425994,0.0593542778513223,1.88052719707778,18.0197030202689,54.0654479557948,0.0625793380124356,1.98146918934581,23.565180606094,-0.615924513195381,-1.13922021639213,-0.00322506016111328,-5.15355429370698,-0.100941992268036,-5.09430037119894,-5.5454775858251,-23.5325061942917
448,"GSED-TZA",1.22655715263518,4.61736114488348,53.854069059892,0.0589228737370035,1.88147121899545,17.9899870899436,54.480857866616,0.0622219658053174,1.97969654178263,23.6068666415576,-0.626788806723994,-1.15047528851059,-0.00329909206831391,-5.30213410266761,-0.0982253227871794,-4.96163531703359,-5.61687955161398,-23.7934141658852
455,"GSED-TZA",1.24572210814511,4.61755045431031,54.2497034278442,0.058501512223365,1.88188751819399,17.9603261595488,54.8879063791438,0.0618757540378542,1.97717935323839,23.648619259247,-0.638202951299583,-1.16273874046339,-0.00337424181448916,-5.45325364831089,-0.0952918350444012,-4.81958477304167,-5.68829309969813,-24.0533835711103
462,"GSED-TZA",1.26488706365503,4.61773972790585,54.6362452874822,0.0580898478802202,1.88174902631577,17.9307201239243,55.2864211734894,0.0615399602739713,1.97388556637004,23.6904385732565,-0.650175886007212,-1.17601369777029,-0.00345011239375117,-5.60629610157615,-0.0921365400542704,-4.66777515495536,-5.75971844933223,-24.3124179888937
469,"GSED-TZA",1.28405201916496,4.61792896568369,55.0133774869557,0.0576878181130259,1.88106559995003,17.9011688755431,55.6759961873222,0.061214149450964,1.96985827204725,23.7323246928083,-0.662618700366451,-1.19013353283714,-0.00352633133793812,-5.7606474476345,-0.0887926720972165,-4.50756652685147,-5.83115581726518,-24.5705209782176
476,"GSED-TZA",1.30321697467488,4.61811816765736,55.3809150305207,0.0572954998794193,1.87986121605787,17.8716723062775,56.0563753704219,0.0608980616746911,1.96516055846099,23.7742777260991,-0.675460339901164,-1.2049661353195,-0.0036025617952718,-5.91572489534426,-0.0852993424031179,-4.34057879066735,-5.90260541982156,-24.827696083241
483,"GSED-TZA",1.3223819301848,4.61830733384041,55.738850649187,0.0569129517645073,1.87815634381087,17.8422303083832,56.4274887294342,0.0605915062044637,1.95983793229947,23.8162977811127,-0.688638080247237,-1.22039469725333,-0.00367855443995633,-6.07107277964537,-0.0816815884885984,-4.16777260723604,-5.97406747272954,-25.0839468318506
490,"GSED-TZA",1.34154688569473,4.61849646424639,56.0873367910089,0.0565402438748665,1.8759788006972,17.8128427743102,56.7893966498698,0.0602943276626496,1.95393626470559,23.8583849661999,-0.702059858860871,-1.23625166012832,-0.00375408378778312,-6.22626361933655,-0.0779574640083924,-3.98976493842488,-6.04554219188973,-25.3392767383644
497,"GSED-TZA",1.36071184120465,4.61868555888882,56.4267030505216,0.0561775438190407,1.87337143747755,17.7835095964869,57.1422869160328,0.0600064274110238,1.94752421359684,23.9005393903697,-0.715583865511192,-1.25228426115094,-0.00382888359198311,-6.38078912073293,-0.0741527761192888,-3.80754065092406,-6.11702979388282,-25.5936893053868
504,"GSED-TZA",1.37987679671458,4.61887461778123,56.7574835131305,0.0558250317381228,1.87037276017481,17.7542306674274,57.4865294129504,0.0597277178124856,1.94066298769613,23.9427611625728,-0.729045899819909,-1.26820301601939,-0.00390268607436287,-6.53412890580433,-0.0702902275213186,-3.62196980964552,-6.18853049514539,-25.8471880211514
511,"GSED-TZA",1.3990417522245,4.61906364093713,57.0802563860631,0.0554828667711568,1.86700690959121,17.7250058795592,57.8226111905524,0.0594580795029153,1.93339878246194,23.9850503912954,-0.742354804489324,-1.28384863499664,-0.00397521273175847,-6.68574021393267,-0.06639187287073,-3.43394614049505,-6.26004451173619,-26.099776359061
518,"GSED-TZA",1.41820670773443,4.61925262837003,57.3955347279557,0.0551511008431671,1.86329605120336,17.6958351259272,58.1510435190111,0.0591973124415746,1.92578204167072,24.0274071851122,-0.755508791055426,-1.29921794233741,-0.00404621159840748,-6.83512718993945,-0.0624859904673667,-3.24470729891928,-6.33157205918508,-26.351457776552
525,"GSED-TZA",1.43737166324435,4.61944158009342,57.7039478524011,0.0548297526699978,1.85926426186038,17.66671829834,58.4724358219922,0.0589452913549886,1.91785602193905,24.0698316484731,-0.768487969591156,-1.3142739117807,-0.0041155386849908,-6.98196342809746,-0.0585917600786723,-3.05506562580402,-6.40311335013314,-26.6022357100255
532,"GSED-TZA",1.45653661875428,4.61963049612081,58.0061202608953,0.0545186728653854,1.85493965155995,17.6376552889296,58.7872975805518,0.058701766836011,1.90966083639602,24.1123238857134,-0.781177319656422,-1.32881991825876,-0.0041830939706255,-7.12601033340509,-0.0547211848360725,-2.86549233210145,-6.47466859678382,-26.8521135808899
539,"GSED-TZA",1.4757015742642,4.61981937646568,58.302457117009,0.054217670539397,1.8503584922484,17.6086459902541,59.0958795000685,0.0584664798576337,1.90125180906692,24.1548840009172,-0.793422383059458,-1.34260186965918,-0.00424880931823667,-7.267085907314,-0.0508933168185204,-2.67683199962331,-6.54623801066304,-27.1010947948021
546,"GSED-TZA",1.49486652977413,4.62000822114149,58.5931834773952,0.0539264859844143,1.84555675388679,17.5796902952224,59.398283992077,0.0582391015769008,1.89267762462774,24.1975120976868,-0.805100514681833,-1.35542722882234,-0.00431261559248651,-7.40501737787282,-0.0471208707409472,-2.48964060904007,-6.61782180246438,-27.349182741382
553,"GSED-TZA",1.51403148528405,4.62019703016173,58.8784345463094,0.0536447139636017,1.84057381835437,17.5507880980386,59.6946074153252,0.0580191798295188,1.88398107008399,24.2402082810287,-0.816172869015794,-1.36724723447341,-0.0043744658659171,-7.53968925236595,-0.0434072517296258,-2.30401740330069,-6.68942018299008,-27.5963807960573
560,"GSED-TZA",1.53319644079398,4.62038580353985,59.1584511621064,0.0533719041954051,1.83544684750122,17.5219392935897,59.9851117195122,0.0578062120178318,1.87520862581969,24.2829726570257,-0.826660557405788,-1.37810955703678,-0.00443430782242665,-7.67098840702237,-0.0397617783184689,-2.12039224708068,-6.76103336343597,-27.8426923216084
567,"GSED-TZA",1.5523613963039,4.62057454128931,59.4335226771998,0.0531076190726456,1.83020129317455,17.4931437774602,60.2701431370267,0.0575996626114754,1.86638783903032,24.3258053335742,-0.836620459826904,-1.38811759236213,-0.00449204353882977,-7.79873237996161,-0.0361865458557746,-1.938854567043,-6.83266155611395,-28.0881206702892
574,"GSED-TZA",1.57152635181383,4.62076324342355,59.7038471101398,0.0528513199469825,1.8248564468207,17.4644014458081,60.5499932703141,0.0573989567134871,1.85753858090124,24.3687064200062,-0.846146160174349,-1.39743394585841,-0.00454763676650469,-7.92285614040807,-0.0326821340805388,-1.75943231632272,-6.90430497419808,-28.3326691831693
581,"GSED-TZA",1.59069130732375,4.62095190995601,59.9694829569738,0.0526024376649656,1.81942741993888,17.4357121945467,60.8247776536152,0.0572035701194989,1.84867716833264,24.4116760249941,-0.855294696641465,-1.40616164930712,-0.00460113245453325,-8.04343582912995,-0.029249748393753,-1.58219882274708,-6.97596383044742,-28.5763411873278
588,"GSED-TZA",1.60985626283368,4.62114054090013,60.2304554324081,0.0523606064396201,1.81394083988159,17.4070759180784,61.0945625327697,0.057013285643265,1.83983992894014,24.4547142519262,-0.864107100361615,-1.41437644290869,-0.00465267920364482,-8.16069298787106,-0.0258990890585542,-1.4076816494288,-7.04763833384775,-28.8191399876719
595,"GSED-TZA",1.6290212183436,4.62132913626933,60.4868975201288,0.0521254707760556,1.80843133598052,17.3784925105841,61.3595851572062,0.0568278864177542,1.83107850806944,24.4978212028908,-0.872687637077448,-1.42225152735564,-0.00470241564169866,-8.27483817914707,-0.0226471720889134,-1.2368214682827,-7.1193286923067,-29.0610688736131
602,"GSED-TZA",1.64818617385353,4.62151769607702,60.7390497923223,0.0518966123755209,1.80292814316364,17.3499618663722,61.6202670878881,0.0566470908310811,1.82242373342623,24.5409969796059,-0.881217295565804,-1.43007704641873,-0.00475047845556015,-8.38609430045729,-0.0194955902625906,-1.0697616533965,-7.19103511323363,-29.3021311204657
609,"GSED-TZA",1.66735112936345,4.62170622033661,60.9871485283132,0.05167354949746,1.79746224065723,17.3214838798578,61.8769684135654,0.0564705848784001,1.8139106813847,24.584241683126,-0.88981988525218,-1.43804699562027,-0.00479703538094013,-8.49475065871859,-0.0164484407274648,-0.906794413653732,-7.26275780326822,-29.5423299887797
616,"GSED-TZA",1.68651608487337,4.6218947090615,61.2313873635907,0.0514557932469285,1.79208847810156,17.2930584443713,62.1299110060349,0.0562980653122974,1.80563420231511,24.6275554111427,-0.898523642444196,-1.44620139944659,-0.00484227206536886,-8.60113405053573,-0.0135457242135431,-0.750192048653891,-7.33449696677145,-29.7816687215856
623,"GSED-TZA",1.7056810403833,4.62208316226509,61.4720482085691,0.0512429066846666,1.78686052449277,17.2646854535749,62.3793459687965,0.0561292420024268,1.79769651312218,24.6709382620338,-0.907297760227372,-1.45448424656652,-0.00488633531776021,-8.70550740298424,-0.0108359886294067,-0.602770743020864,-7.40625280845885,-30.0201505504003
630,"GSED-TZA",1.72484599589322,4.62227157996076,61.7095459916606,0.0510345518360062,1.78183867536784,17.2363648006851,62.6255723800603,0.0559639316948193,1.79022458754033,24.7143903327173,-0.916026388399757,-1.46270341904518,-0.00492937985881307,-8.80813715107402,-0.00838591217249052,-0.468427940877089,-7.47802553203221,-30.25777869233
637,"GSED-TZA",1.74401095140315,4.62245996216189,61.9441113027087,0.0508303671531282,1.77709378413189,17.2080963789076,62.8687394709628,0.0558020056042209,1.78338010263418,24.7579117187027,-0.924628168254088,-1.47072802164444,-0.00497163845109273,-8.90942609904448,-0.00628631850228079,-0.352494596804992,-7.54981533979511,-30.4945563485946
644,"GSED-TZA",1.76317590691307,4.62264830888185,62.1757218959791,0.0506300719521162,1.77269660041153,17.1798800810141,63.1087532876377,0.0556434119565426,1.77732326832608,24.8015025143463,-0.933031391658574,-1.47845004544139,-0.00501334000442646,-9.00976383033784,-0.00462666791454813,-0.260316623149014,-7.62162243333223,-30.7304867070999
651,"GSED-TZA",1.782340862423,4.622836620134,62.404316909655,0.0504335359185755,1.76869292797687,17.1517157980422,63.345482072719,0.055488208915739,1.77214926710267,24.8451628084205,-0.941165163064007,-1.48576525470841,-0.00505467299716352,-9.10945423529392,-0.00345633912579535,-0.195036568869066,-7.69344701037829,-30.9655729354723
658,"GSED-TZA",1.80150581793292,4.62302489593171,62.6299304221992,0.0502406846934017,1.76511241905494,17.1236034207005,63.5788940851017,0.0553365028372676,1.76791342579669,24.8888926872569,-0.948963662902536,-1.49257654848844,-0.00509581814386587,-9.20878241773165,-0.00280100674174899,-0.158435741302589,-7.76528926655637,-31.1998181844876
665,"GSED-TZA",1.82067077344285,4.62321313628831,62.852772193642,0.0500515753765212,1.76197127289896,17.0955428392026,63.8091688160579,0.0551885705929975,1.76464448748635,24.9326922359461,-0.956396622415909,-1.4988388662026,-0.00513699521647633,-9.30807803369367,-0.00267321458738823,-0.15148743026399,-7.8371493967435,-31.4332255922387
672,"GSED-TZA",1.83983572895277,4.62340134121714,63.073202239527,0.0498661942598556,1.75927653793954,17.0675339442838,64.0366385103824,0.0550446523424702,1.76235886816625,24.9765615406881,-0.963436270855425,-1.50450787746958,-0.00517845808261455,-9.40774055651373,-0.00308233022671311,-0.17489798941576,-7.90902759640439,-31.6657982866063
679,"GSED-TZA",1.8590006844627,4.62358951073155,63.2915844417526,0.0496844151546407,1.75702890877919,17.0395766278326,64.261688463405,0.0549049143366016,1.76105725054283,25.0205006888387,-0.970104021652375,-1.50961489629209,-0.00522049918196089,-9.5082548530282,-0.00402834176364597,-0.228745644833765,-7.98092406100612,-31.8975393828402
686,"GSED-TZA",1.87816563997262,4.62377764484485,63.5082655909746,0.0495060393802732,1.75521948032734,17.011670782528,64.484751790085,0.0547694784062003,1.76070946342184,25.0645097680423,-0.976486199110369,-1.51429007944249,-0.00526343902592705,-9.61016825263611,-0.00548998309450122,-0.311805167664161,-8.0528389855143,-32.1284519826589
693,"GSED-TZA",1.89733059548255,4.62396574357036,63.7235288781049,0.0493307822688967,1.7538373854768,16.9838163013848,64.7062330798275,0.0546383489302954,1.76127094570624,25.1085888665851,-0.982704201722555,-1.51871644345329,-0.00530756666139865,-9.71399532619434,-0.00743356022944353,-0.42205659768394,-8.12477256520029,-32.3585391770577
700,"GSED-TZA",1.91649555099247,4.6241538069214,63.9375419313882,0.0491583802138478,1.75287647259758,16.9560130770071,64.9264011349243,0.0545115256100163,1.76269979528046,25.152738072631,-0.988859203536151,-1.52304638213535,-0.00535314539616851,-9.82020836192648,-0.00982332268287478,-0.557288467904531,-8.19672499562397,-32.5878040472377
707,"GSED-TZA",1.9356605065024,4.62434183491126,64.1502973602054,0.0489884958344908,1.75234053910786,16.9282610022988,65.1452810536726,0.0543889119842349,1.7649722697789,25.1969574748896,-0.994983693467134,-1.5273304180657,-0.00540041614974403,-9.92925938895302,-0.0126317306710413,-0.715690035890686,-8.26869647259074,-32.8162496635994
714,"GSED-TZA",1.95482546201232,4.62452982755325,64.3617259939506,0.0488207488599455,1.75224399544626,16.9005599703707,65.3627396611888,0.0542703491695267,1.76807716229082,25.2412471624558,-1.00101366723815,-1.53147446454503,-0.00544960030958121,-10.0415795972826,-0.0158331668445593,-0.895502027979648,-8.34068719208508,-33.043879085702
721,"GSED-TZA",1.97399041752225,4.62471778486064,64.5718100964385,0.0486547531259919,1.75260221357515,16.8729098743186,65.5786791457185,0.0541556596914136,1.77200499286,25.285607223978,-1.00686904928001,-1.53536036772365,-0.00550090656542174,-10.1575838920007,-0.0194027792848543,-1.09496188571898,-8.41269734965944,-33.2706953609633
728,"GSED-TZA",1.99315537303217,4.62490570684673,64.7805015563229,0.0484902417600019,1.75343244664123,16.8453106065599,65.7930278194107,0.0540447401672423,1.77675306798888,25.330037747,-1.01252626308776,-1.5389567810543,-0.00555449840724038,-10.2775929536379,-0.0233206213476507,-1.31254149874903,-8.48472714044008,-33.4967015256224
735,"GSED-TZA",2.01232032854209,4.62509359352477,64.9877034427543,0.0483270218239999,1.75474309109883,16.8177620597709,66.0056852208026,0.0539375022857536,1.78231009306426,25.3745388197072,-1.01798177804834,-1.54226378325288,-0.00561048046175371,-10.4018173330128,-0.0275670019654284,-1.54670065959361,-8.55677675993633,-33.7219006056996
742,"GSED-TZA",2.03148528405202,4.62528144490804,65.1933148614892,0.0481648325861522,1.75652902005716,16.7902641274168,66.2165637177552,0.0538337438859594,1.78865161493194,25.4191105313703,-1.02324885626604,-1.54530648951761,-0.00566891129980726,-10.5304050779307,-0.0321225948747816,-1.79591121080356,-8.62884640395351,-33.9462956160659
749,"GSED-TZA",2.05065023956194,4.6254692610098,65.3971865763077,0.0480032968959929,1.75877454003232,16.7628167040587,66.4255371354545,0.0537331105725721,1.79574735090224,25.4637529722743,-1.02835055914676,-1.54812531970913,-0.00572981367657927,-10.6634691636557,-0.0369728108699245,-2.05890939231224,-8.7009362682156,-34.1698895590506
756,"GSED-TZA",2.06981519507187,4.6256570418433,65.5991798435816,0.0478421456844674,1.76144749149813,16.7354196839249,66.6325096090047,0.0536353349312177,1.80354257229987,25.5084662307673,-1.03332976542306,-1.55078920407857,-0.00579318924675033,-10.8010684638766,-0.0420950808017475,-2.33402202134147,-8.7730465468424,-34.3926854224606
763,"GSED-TZA",2.08898015058179,4.62584478742177,65.7991939741691,0.0476813656298114,1.76450851143716,16.7080729599607,66.8374122927111,0.0535403377607883,1.81196180184187,25.5532503924838,-1.03821831854201,-1.55334906443592,-0.00585897213097693,-10.9430989344036,-0.0474532904047169,-2.61889021923532,-8.84517743252315,-34.6146861814685
770,"GSED-TZA",2.10814510609172,4.62603249775845,65.9971609521041,0.047521070851274,1.76791879793455,16.6807764242459,67.0402263716806,0.0534480809411608,1.82092223930349,25.5981055425285,-1.04306541957649,-1.55587991871267,-0.00592701008988684,-11.0892851258994,-0.0530034413689466,-2.91080202245322,-8.91732911828266,-34.8358948027129
777,"GSED-TZA",2.12731006160164,4.62622017286658,66.1931116339935,0.0473615015352508,1.77163401940383,16.6535299675612,67.2410490935323,0.0533585852750769,1.83033146973266,25.6430317653424,-1.04793745953883,-1.55847874723244,-0.00599708373982608,-11.2392105392405,-0.0586974503288291,-3.20693007247493,-8.98950179778116,-35.0563142456924
784,"GSED-TZA",2.14647501711157,4.62640781275938,66.3871355489973,0.0472029582529584,1.77560653809919,16.6263334809307,67.4400226608007,0.0532718751263183,1.84008489977008,25.6880291460862,-1.05288711180333,-1.56121998519926,-0.00606891687335985,-11.3923470104426,-0.0644783616708928,-3.50409710328852,-9.06169566515551,-35.2759474602828
791,"GSED-TZA",2.16563997262149,4.62659541745004,66.579439373485,0.0470456499316487,1.77978093698147,16.5991868563614,67.6374070949736,0.0531878589943857,1.8500709007614,25.7330977712944,-1.05796772148858,-1.56417545693765,-0.00614220906273702,-11.5481412090405,-0.0702899637799297,-3.79931189399292,-9.13391091493293,-35.4947973854976
798,"GSED-TZA",2.18480492813142,4.62678298695179,66.7701576985012,0.0468896221901777,1.78410359095356,16.5720899870649,67.8333382201795,0.0531063199404629,1.86018841062538,25.7782377285837,-1.06318052167833,-1.56734217948609,-0.00621669775028517,-11.7061354604398,-0.0760848196718198,-4.0901673850468,-9.20614774151887,-35.712866947886
805,"GSED-TZA",2.20396988364134,4.62697052127782,66.9593063555805,0.0467348525685974,1.78853091149711,16.5450427669609,68.0278435162887,0.0530270088514577,1.87036316408111,25.8234491058187,-1.06853716070816,-1.57073501889312,-0.00629215628286032,-11.8659460888814,-0.0818322525840072,-4.37520659920665,-9.27840633885781,-35.9301590613902
812,"GSED-TZA",2.22313483915127,4.62715802044132,67.1468173142833,0.0465812240626058,1.79302299980656,16.5180450912024,68.2209360366592,0.052949551783991,1.88052891939561,25.8687319928966,-1.07411872237596,-1.57447080731752,-0.00636832772138528,-12.0271607725123,-0.087505919589052,-4.65326104196131,-9.35068690169414,-36.1466766297698
819,"GSED-TZA",2.24229979466119,4.62734548445547,67.3326655398537,0.0464285306827197,1.79753806516372,16.4910968560954,68.4126574621178,0.0528734616184675,1.89061624693014,25.914086481511,-1.07999192226409,-1.57864342992685,-0.00644493093574781,-12.1893493228307,-0.0930781817664255,-4.92316629128517,-9.42298962541563,-36.3624225462807
826,"GSED-TZA",2.26146475017112,4.62753291333346,67.5168775664736,0.0462765968073168,1.80202805926905,16.4641979582716,68.6030207015989,0.0527982780669783,1.90054126872333,25.9595126639174,-1.08614313512528,-1.58322931558605,-0.0065216812596615,-12.352071882701,-0.0985132094542829,-5.18342911440477,-9.49531470564581,-36.5773996938081
833,"GSED-TZA",2.28062970568104,4.62772030708844,67.6994914709088,0.0461252922949834,1.80643338483025,16.4373482939527,68.7920762935626,0.052723667853283,1.91017788955754,26.0050106300118,-1.09258482265383,-1.58824225335393,-0.00659837555829956,-12.5150161719803,-0.103744504727291,-5.43114362774462,-9.56766233605919,-36.7916109406137
840,"GSED-TZA",2.29979466119096,4.62790766573358,67.8805734668853,0.045974518512411,1.810684889174,16.4105477590433,68.9799047515649,0.0526494127526635,1.91936816001429,26.050580467563,-1.09933128467958,-1.59369788728889,-0.00667489424025253,-12.6780032127041,-0.108683270840294,-5.66245044095579,-9.64003270851979,-37.0050591407094
847,"GSED-TZA",2.31895961670089,4.62809498928204,68.0601573124619,0.0458242343766509,1.81471636005136,16.3837962494555,69.1665173850746,0.0525754668535701,1.92796824576435,26.0962222626093,-1.10636007261267,-1.59956018379988,-0.0067512324769192,-12.8410319127024,-0.113251885712983,-5.87415720989139,-9.71242601315373,-37.2177471337287
854,"GSED-TZA",2.33812457221081,4.62828227774695,68.238242982395,0.0456744415956981,1.81847144936616,16.3570936612552,69.3519302686753,0.0525018687484327,1.93586553840794,26.1419361003721,-1.11368728628031,-1.60584901092989,-0.00682742715273462,-13.0041602622734,-0.117394089041777,-6.06416544499894,-9.78484243911684,-37.4296777466975
861,"GSED-TZA",2.35728952772074,4.62846953114147,68.4148409587234,0.0455251898527073,1.82189715450526,16.3304398911302,69.5361523906299,0.0524286999411062,1.94295174133647,26.1877220673148,-1.12131143190653,-1.61255892561814,-0.00690351008839888,-13.1674256583773,-0.121054586831207,-6.23044742984402,-9.85728217618456,-37.6408537972364
868,"GSED-TZA",2.37645448323066,4.62865674947871,68.5900587333721,0.0453766137652119,1.82494232264782,16.3038348356461,69.7192541833071,0.052356194168882,1.94911126578336,26.2335802492418,-1.12919544993495,-1.61963214202787,-0.00697958040367012,-13.3309544638721,-0.124168943135536,-6.37054155477532,-9.92974541359569,-37.8512780918749
875,"GSED-TZA",2.39561943874059,4.62884393277181,68.7640425393412,0.0452288379959452,1.82755652455038,16.2772783920153,69.9013385795934,0.0522845792369717,1.95423284454258,26.2795107321264,-1.13729604025227,-1.62700180477557,-0.00705574124102647,-13.494880027718,-0.126676319992201,-6.48215080132132,-10.0022323401111,-38.0609534251468
882,"GSED-TZA",2.41478439425051,4.62903108103389,68.9368517401559,0.0450818776385083,1.82968459025862,16.2507704586357,70.082447729003,0.0522139297683183,1.95820450714264,26.325513603801,-1.14559598884709,-1.63464037853946,-0.00713205212980996,-13.6592900811259,-0.128519916884029,-6.5631509076425,-10.0747431451653,-38.2698825815526
889,"GSED-TZA",2.43394934976044,4.62921819427804,69.1085508622654,0.044935681362804,1.83126780545661,16.2243109342401,70.2626207531011,0.0521442107373841,1.96091213168281,26.3715889525932,-1.15406989083577,-1.64250903035784,-0.00720852937458017,-13.8242180150827,-0.1296443262262,-6.611429657225,-10.1472780183531,-38.4780683355649
896,"GSED-TZA",2.45311430527036,4.62940527251738,69.2791632779092,0.044790251762826,1.83226119802819,16.197899716912,70.441812912287,0.0520754236865666,1.96228095289203,26.4177368647934,-1.16264963437787,-1.65051066449068,-0.0072851719237406,-13.9896546355318,-0.130019754863841,-6.62595000334773,-10.2198371478814,-38.6855134494934
903,"GSED-TZA",2.47227926078029,4.62959231576499,69.4486441664641,0.0446457030103105,1.83263908248538,16.1715367024649,70.6198920563943,0.0520077113107221,1.96228997634745,26.4639574222413,-1.17124788993016,-1.65852404446448,-0.00736200830041164,-14.1556090719452,-0.129650893862072,-6.60712205763798,-10.2924207197763,-38.8922206741695
910,"GSED-TZA",2.49144421629021,4.62977932403398,69.6169217097687,0.0445021170171019,1.8323708670602,16.1452217866038,70.7967375170214,0.0519411444861622,1.96091933642194,26.5102507071635,-1.17981580725271,-1.66648329941623,-0.00743902746906023,-14.3220322591122,-0.12854846936174,-6.55552051397994,-10.3650289205598,-39.0981927521302
917,"GSED-TZA",2.51060917180014,4.6299662973374,69.7838660365683,0.0443594966470091,1.83142308510342,16.1189548657155,70.9721884683752,0.0518757240377383,1.95814919058406,26.5566168028455,-1.18832243180692,-1.67434942820797,-0.00751622739072912,-14.4889108155122,-0.126726105480633,-6.47172881872371,-10.43766193713,-39.303432416179
924,"GSED-TZA",2.52977412731006,4.63015323568835,69.9493812837135,0.0442178410389861,1.82976489927819,16.0927358362593,71.1461312932896,0.0518115257470695,1.95397611302598,26.6030557919093,-1.19675000957609,-1.68210131432539,-0.00759368470808339,-14.6563618781539,-0.124211213747792,-6.35684402279794,-10.51031995565,-39.5079423877555
931,"GSED-TZA",2.54893908281999,4.63034013909988,70.1134859940262,0.0440771403767942,1.82737230678022,16.066564595002,71.3185459375391,0.0517486632853699,1.94841179436019,26.6495677575337,-1.20505994351286,-1.68968664135169,-0.00767152290857565,-14.8245817795732,-0.12103948757997,-6.21221283561962,-10.5830031625317,-39.7117253788851
938,"GSED-TZA",2.56810403832991,4.63052700758506,70.2761511647794,0.043937461143809,1.82423510449144,16.0404410383071,71.4893463158226,0.0516872880447603,1.94149195230734,26.6961527830325,-1.21319515104324,-1.69702929676211,-0.00774982690095133,-14.9936806400833,-0.117256847815899,-6.03952273284197,-10.6557117447254,-39.9147840939011
945,"GSED-TZA",2.58726899383984,4.63071384115692,70.4371667683246,0.0437989067657178,1.82035487968845,16.0143650624881,71.6582961707488,0.0516275168453272,1.93327840218958,26.7428109517823,-1.22112940242424,-1.70410052663617,-0.00782861007960939,-15.1636386136165,-0.112923522501124,-5.84103781293111,-10.7284458892942,-40.1171212279731
952,"GSED-TZA",2.60643394934976,4.63090063982853,70.5961893368124,0.0436615774360476,1.81574451465778,15.988336563786,71.825019615243,0.0515694076302087,1.92385800646121,26.7895423466992,-1.22883027843065,-1.71086661028891,-0.00790783019416109,-15.33434366915,-0.108113491803425,-5.61961909040739,-10.8012057829132,-40.3187394660514
959,"GSED-TZA",2.62559890485969,4.63108740361291,70.7529067770157,0.0435256163144129,1.8104153698194,15.9623554383319,71.9892233043192,0.0515130928012467,1.91330377764691,26.8363470499592,-1.2363165273035,-1.71736333656113,-0.00798747648683375,-15.505721074935,-0.102888407827502,-5.37752598565611,-10.8739916116273,-40.5196414824418
966,"GSED-TZA",2.64476386036961,4.63127413252308,70.9070423783498,0.0433911898822479,1.8043742629606,15.9364215825164,72.150691970789,0.0514588422217531,1.90167566904932,26.883225143561,-1.24364959243928,-1.72368352744668,-0.00806765233950521,-15.6778737942432,-0.0973014060887183,-5.11661413522533,-10.9468035610447,-40.7198299407413
973,"GSED-TZA",2.66392881587953,4.63146082657209,71.0583458871294,0.0432584845452702,1.79762859880737,15.9105348931442,72.3091768444411,0.0514069800246905,1.88902810024565,26.9301767103235,-1.25083095731173,-1.72983708555091,-0.00814849547942031,-15.8509515157409,-0.0913995014382787,-4.83844054127056,-11.0196418171792,-40.9193074955016
980,"GSED-TZA",2.68309377138946,4.63164748577293,71.2065871389748,0.0431277366741182,1.79018947357624,15.8846952673224,72.4644332471175,0.0513578316723406,1.87541127414337,26.977201834276,-1.25784610814263,-1.73581169655069,-0.0082300949982224,-16.0250048147084,-0.0852218005671321,-4.5441659513356,-11.0925065669535,-41.1180767934943
987,"GSED-TZA",2.70225872689938,4.63183411013861,71.3515440457603,0.0429992707929476,1.78207833502243,15.8589026020044,72.6161960840794,0.0513117407930452,1.86088515007403,27.0243006002512,-1.26465203831901,-1.7415564385316,-0.00831247000009762,-16.1999376197821,-0.0788068150516039,-4.23491020111955,-11.1653979982468,-41.3161404744847
994,"GSED-TZA",2.72142368240931,4.63202069968214,71.4931041426043,0.0428733604780444,1.77331695448968,15.833156794396,72.7643509377857,0.0512689843461969,1.84549819183162,27.0714730935298,-1.27124679518143,-1.74707364086619,-0.00839562386815251,-16.3756391417091,-0.0721812373419433,-3.91120607223704,-11.2383162991338,-41.5135011689476
1001,"GSED-TZA",2.74058863791923,4.63220725441651,71.6312539607675,0.0427501761241511,1.76392496482756,15.8074577422162,72.908892116418,0.0512297278105628,1.82928459135769,27.1187193998527,-1.27763815565049,-1.75237631318058,-0.0084795516864117,-16.552013935673,-0.065359626530129,-3.57296108210366,-11.3112616576365,-41.7101614971463
1008,"GSED-TZA",2.75975359342916,4.6323937743547,71.7660165694231,0.0426298287223649,1.75392283045093,15.7818053435309,73.0498338739564,0.0511941061601458,1.8122741322967,27.1660396047927,-1.28381730453327,-1.7574541055746,-0.00856427743778084,-16.7290301172366,-0.0583513018457718,-3.21978340946813,-11.3842342612618,-41.9061240684247
1015,"GSED-TZA",2.77891854893908,4.63258025950969,71.8973921911914,0.0425123180261446,1.74333840059804,15.7561994971944,73.1871870399862,0.0511621096339959,1.79450352290443,27.213433795412,-1.28979484879484,-1.76232329859891,-0.00864979160785131,-16.9066359259426,-0.0511651223063885,-2.85121325499418,-11.4572342982176,-42.1013914831624
1022,"GSED-TZA",2.79808350444901,4.63276670989445,72.0254289060072,0.0423975849619236,1.73220561998045,15.7306401027844,73.3210883257953,0.0511336304411185,1.77601383476458,27.2609020604945,-1.29565941978808,-1.76710336599334,-0.0087360454791949,-17.0847354350375,-0.0438082147841281,-2.46665954547225,-11.5302619577101,-42.2959663334814
1029,"GSED-TZA",2.81724845995893,4.63295312552195,72.1502197639547,0.0422854928910601,1.72055597785957,15.7051270608151,73.451723978336,0.0511084609170066,1.7568317811609,27.3084444904171,-1.30150421438134,-1.77191785827274,-0.00882296802594653,-17.2632238726067,-0.0362758033013375,-2.06484216020766,-11.603317429602,-42.4898512021575
1036,"GSED-TZA",2.83641341546886,4.63313950640513,72.2719089925128,0.0421758193258815,1.70841799039936,15.6796602731285,73.5792910768917,0.0510862828803068,1.73696892640779,27.3560611776781,-1.30738208437884,-1.77683430384319,-0.00891046355442533,-17.4419884400323,-0.0285509360084297,-1.64372174852176,-11.6764009045496,-42.6830486622733
1043,"GSED-TZA",2.85557837097878,4.63332585255696,72.3905937763332,0.0420682916889154,1.69582045976227,15.6542396423126,73.7038701821097,0.0510667049719654,1.71643715590346,27.40375221565,-1.31327640577653,-1.78182828463641,-0.00899841328305001,-17.6209005221503,-0.0206166961411902,-1.20113317695797,-11.7495125733374,-42.8755612767048
1050,"GSED-TZA",2.87474332648871,4.63351216399037,72.506384725333,0.0419626681067503,1.68278311149405,15.6288650706377,73.8255120669985,0.0510494167104627,1.69523984497403,27.4515176964546,-1.31912734166556,-1.78681773377802,-0.00908674860371243,-17.7999068143125,-0.0124567334799872,-0.734806553592894,-11.8226526258169,-43.0673915976013
1057,"GSED-TZA",2.89390828199863,4.63369844071829,72.6193421505982,0.0418587247292449,1.66931989767309,15.6035364606824,73.9441872115211,0.0510341411026226,1.67337408403454,27.4993577128615,-1.32484506092287,-1.79168249849455,-0.00917541637337765,-17.9789767695456,-0.00405418636145249,-0.242276153319989,-11.8958212521791,-43.2585421681156
1064,"GSED-TZA",2.91307323750856,4.63388468275365,72.72950735142,0.0417562242955635,1.65544395645009,15.578253715768,74.0598471113604,0.0510205222108851,1.65082776656142,27.5472723591241,-1.33033975994039,-1.7963036811837,-0.00926429791532162,-18.1579833248847,0.00461618988867407,0.279628800906914,-11.9690186433561,-43.4490155225541
1071,"GSED-TZA",2.93223819301848,4.63407089010938,72.8368589542552,0.0416548834431211,1.64116689214931,15.5530167400076,74.172398370449,0.0510081222043366,1.62757570049538,27.5952617309059,-1.33553941619385,-1.80058815076141,-0.00935323876121542,-18.3367635525705,0.0135911916539306,0.835057420050813,-12.0422449908983,-43.6388141860285
1078,"GSED-TZA",2.9514031485284,4.63425706279839,72.9414004727638,0.0415544149972415,1.62649796083019,15.5278254381998,74.2818213028861,0.050996571964451,1.60359289189499,27.6433259239054,-1.34042083012227,-1.80450722210575,-0.00944215696720956,-18.515277799048,0.0229050689351937,1.42835934550236,-12.1155004857057,-43.8279406720318
1085,"GSED-TZA",2.97056810403833,4.63444320083357,73.0432398020785,0.0414545445239109,1.61144238790071,15.5026797157225,74.3881941030002,0.0509856122714297,1.57885878135521,27.6914650334848,-1.34495430092169,-1.80802117478402,-0.00953106774751876,-18.69364183915,0.0325836065455019,2.0637442012093,-12.1887853177623,-44.0163974821249
1092,"GSED-TZA",2.98973305954825,4.63462930422784,73.1425802827626,0.0413548868939848,1.59599953066904,15.4775794789971,74.4917031673198,0.0509749336290976,1.5533442834037,27.7396791563708,-1.34912288455719,-1.81110489785265,-0.00962004673511278,-18.8721123309545,0.0426552472653452,2.7460266034442,-12.2620996773737,-44.2041871077573
1099,"GSED-TZA",3.00889801505818,4.63481537299408,73.2396098954939,0.0412550757629112,1.58016868434572,15.4525246345379,74.5925592605424,0.0509642786844726,1.52702980246604,27.7879683883438,-1.35294936504847,-1.81378595728669,-0.0097092029215614,-19.0509964472813,0.0531388818796825,3.47988505488675,-12.3354437538059,-44.3913120290589
1106,"GSED-TZA",3.0280629705681,4.63500140714517,73.3344850195582,0.0411548346865461,1.56394653470801,15.427515088193,74.69093127037,0.0509535150584159,1.49989479599755,27.8363328235968,-1.3564462508118,-1.81607891043916,-0.00979868037186987,-19.2306268971554,0.0640517387104611,4.27041542389388,-12.4088177354038,-44.5777747163767
1113,"GSED-TZA",3.04722792607803,4.63518740669399,73.4273221574792,0.0410540738998661,1.54734234157347,15.4025507442274,74.7868949983573,0.050942737758912,1.47194046608652,27.8847725536977,-1.35957284087813,-1.81792925205411,-0.00988866385904596,-19.4113318091469,0.0754018754869461,5.12261719982592,-12.4822218094703,-44.7635776316026
1120,"GSED-TZA",3.06639288158795,4.63537337165341,73.5181986885275,0.0409529187258049,1.53037422224694,15.3776315057841,74.8805167155606,0.0509322321660285,1.44319561765974,27.9332876688934,-1.36231802703303,-1.81932241761618,-0.00997931344022362,-19.5933164831518,0.0871786045872036,6.04066444773238,-12.5556561631092,-44.9487232292076
1127,"GSED-TZA",3.08555783709788,4.6355593020363,73.6071293121907,0.0408515303996614,1.51306547104091,15.3527572760687,74.9717970882158,0.0509222256648787,1.41370742680993,27.9818782602791,-1.36466777602512,-1.82024151617891,-0.0100706952652173,-19.7766203926218,0.0993580442309778,7.0281900163163,-12.6291209842104,-45.1332139563259
1134,"GSED-TZA",3.1047227926078,4.63574519785551,73.6940375953264,0.0407500812829416,1.49544551592603,15.3279279584026,75.0606619966668,0.0509129361123553,1.38354126851966,28.0305444188141,-1.36662440134033,-1.8206932432877,-0.0101628548294137,-19.9612428695651,0.111904247406375,8.08824788624552,-12.7026164604114,-45.317052250635
1141,"GSED-TZA",3.12388774811773,4.63593105912388,73.7788106697873,0.0406488037414886,1.4775453084634,15.3031434563852,75.1470583698086,0.0509046698092693,1.35276859072504,28.0792862348844,-1.3682477000213,-1.82076015974966,-0.0102558660677807,-20.1472008485815,0.124776717738357,9.22380358280503,-12.7761427784992,-45.5002405389731
1148,"GSED-TZA",3.14305270362765,4.63611688585427,73.8613563391551,0.0405479164627119,1.45939684392375,15.2784036745335,75.2309805950643,0.050897717565989,1.32145699151853,28.1281037996978,-1.36962425590917,-1.82055882440409,-0.0103498011032771,-20.3345092829724,0.137939852405226,10.4384670322652,-12.8497001251642,-45.6827812378249
1155,"GSED-TZA",3.16221765913758,4.63630267805949,73.9416497001534,0.0404475659486332,1.44103188322294,15.2537085183658,75.3124923077904,0.0508922236870427,1.28967147583495,28.1769972067874,-1.37084260763699,-1.82020613795991,-0.0104446577384095,-20.5230917057939,0.151360407387991,11.7363538097948,-12.9232886884216,-45.8646767559341
1162,"GSED-TZA",3.1813826146475,4.63648843575238,74.0197902809482,0.0403478057935795,1.42248136608282,15.2290578944047,75.3917683604825,0.0508881523916536,1.25748296457761,28.2259665517811,-1.37197807953433,-1.8197982477003,-0.0105403465980741,-20.7127712496846,0.164998401505203,13.1213230042147,-12.9969086573764,-46.0459294937989
1169,"GSED-TZA",3.20054757015743,4.63667415894576,74.0959046336336,0.0402486241314816,1.40377721339471,15.2044517100181,75.4689608503842,0.0508853805292026,1.22497473205696,28.2750119313745,-1.37305621675061,-1.81936547327407,-0.010636756397721,-20.9033641629479,0.178802481337749,14.5964220043549,-13.0705602213564,-46.2265418422443
1176,"GSED-TZA",3.21971252566735,4.63685984765245,74.1701173530444,0.0401499838613298,1.38495360297287,15.1798898730312,75.5442170976265,0.0508837380767865,1.19224176101252,28.3241334425597,-1.3740997445821,-1.81893439018149,-0.0107337542154567,-21.0946652528925,0.192711841960342,16.1638224949174,-13.1442435695285,-46.406516182338
1183,"GSED-TZA",3.23887748117728,4.63704550188523,74.2425955092883,0.0400518309303141,1.36604559856306,15.15537229173,75.617723921539,0.0508829902860839,1.15938202213358,28.3733311827874,-1.37512841225069,-1.81852658469002,-0.0108311593557698,-21.2864049358594,0.206663576429488,17.8253218080069,-13.2179588910574,-46.5858548857176
1190,"GSED-TZA",3.2580424366872,4.63723112165692,74.3135449838213,0.0399540637288164,1.34708332792613,15.1308988751331,75.6896833256447,0.0508828139686399,1.12647946504132,28.4226052510769,-1.37613834182342,-1.81813198491368,-0.0109287502398235,-21.478274072183,0.220603862884806,19.583478414914,-13.2917063759438,-46.7645603157373
1197,"GSED-TZA",3.27720739219713,4.63741670698031,74.3831863641693,0.0398565506448436,1.3280916322115,15.1064695328049,75.7602850686343,0.0508828422109636,1.09359365008972,28.4719557480396,-1.37709870446496,-1.8177052834706,-0.01102629156612,-21.6699600238608,0.234497982121779,21.4428807356864,-13.3654862152347,-46.9426348281499
1204,"GSED-TZA",3.29637234770705,4.63760225786817,74.451895407825,0.0397591875746355,1.30908454647455,15.0820841743783,75.829830606675,0.0508828122025029,1.06075812047773,28.5213827745762,-1.37793519885008,-1.81714133847582,-0.0111236246278674,-21.8612614876664,0.248326425996823,23.4102781023242,-13.4392986001978,-47.120080770339
1211,"GSED-TZA",3.31553730321697,4.63778777433329,74.5201452255557,0.0396619285423057,1.29007218279425,15.0577427097807,75.8986952099879,0.0508826205096029,1.02799401747771,28.5708864314806,-1.37854998443221,-1.81630261313214,-0.0112206919672972,-22.0521110251771,0.262078165316536,25.4941333179713,-13.5131437216999,-47.2969004798205
1218,"GSED-TZA",3.3347022587269,4.63797325638843,74.5883599943182,0.0395647397186478,1.27106803742988,15.033445049555,75.9671983440295,0.050882214779082,0.995320095302391,28.6204668199721,-1.37883834971136,-1.81504436094519,-0.0113174750604342,-22.2424969305521,0.275747942127489,27.7044483909182,-13.587021770417,-47.4730962841448
1225,"GSED-TZA",3.35386721423682,4.63815870404636,74.6567867746352,0.0394675896076928,1.2520870198638,15.0091911049359,76.0354975187616,0.0508815529131053,0.962751971831547,28.6701240422898,-1.37871074412637,-1.81324616674754,-0.0114139633054125,-22.4324193188543,0.289335048032256,30.0529166906636,-13.6609329373539,-47.6486705017507
1232,"GSED-TZA",3.37303216974675,4.63834411731983,74.7254966772,0.0393704796436211,1.23314760553634,14.9849807872906,76.1035941429782,0.0508806353132073,0.930301859553434,28.7198582007458,-1.37809746577818,-1.81081784808889,-0.0115101556695862,-22.6218788321586,0.302845745982904,32.5534924898761,-13.7348774134552,-47.8236254421985
1239,"GSED-TZA",3.39219712525667,4.6385294962216,74.7945734414702,0.0392734107237268,1.21426125996809,14.9608140080308,76.1715029722541,0.0508794646877212,0.897965011475292,28.7696693980012,-1.37692953078388,-1.80767016148472,-0.0116060539639944,-22.8108806474831,0.316296248492802,35.2236717968721,-13.8088553899704,-47.99796340701
1246,"GSED-TZA",3.4113620807666,4.63871484076439,74.8640883423292,0.0391763754813514,1.19543109160084,14.9366906787323,76.2392491767305,0.0508779589401503,0.865736047513685,28.8195577370852,-1.3751608344013,-1.80374393668743,-0.011701583458799,-22.9993177842766,0.329695044087154,38.0826286526948,-13.8828670583528,-48.1716866893078
1253,"GSED-TZA",3.43052703627652,4.63890015096096,74.9340547439022,0.0390794235372875,1.17665258113266,14.9126107108632,76.3068116599424,0.050876075226626,0.833608863539407,28.8695233208617,-1.37275691604017,-1.79899655899371,-0.0117966516893385,-23.1870316976903,0.343043717593257,41.1516398874087,-13.9569126099985,-48.344797573824
1260,"GSED-TZA",3.44969199178645,4.63908542682401,75.0044353081095,0.0389826407225573,1.15791677901764,14.8885740165837,76.3741894789189,0.050873861006291,0.801569586556642,28.9195662529839,-1.36975417080947,-1.79347784919872,-0.0118912202837337,-23.373929260575,0.356347192461002,44.4561767858219,-14.0309922364003,-48.5172983358717
1267,"GSED-TZA",3.46885694729637,4.63927066836628,75.0751660321683,0.0388860410668459,1.13921232358664,14.8645805090904,76.4414500022079,0.0508713730000706,0.769591495181847,28.9696866382958,-1.36628397003963,-1.78736009063168,-0.0119853319332247,-23.5600716599649,0.369620828404792,48.0281851760139,-14.1051061292054,-48.6891912408867
1274,"GSED-TZA",3.4880219028063,4.63945587560047,75.1460804195368,0.0387896308800548,1.12052893179929,14.8406301020656,76.5085946156571,0.0508686904650021,0.737653136490236,29.0198845819102,-1.36251419612026,-1.78086423226682,-0.0120790595849474,-23.7455681963305,0.382875795309057,51.9045844678144,-14.1792544798446,-48.8604785447125
1281,"GSED-TZA",3.50718685831622,4.6396410485393,75.2170163015553,0.0386934196737722,1.10185823234044,14.8167227095951,76.5756168274445,0.0508658882191036,0.705737476592737,29.0701601888617,-1.35860052588917,-1.77419468778246,-0.0121724685453314,-23.9305140861765,0.396120755747699,56.1286269874953,-14.2534374792667,-49.0311624933112
1288,"GSED-TZA",3.52635181382615,4.63982618719546,75.2879464979541,0.0385974392674954,1.08319537755023,14.7928582461575,76.6425901564518,0.0508630386545552,0.673835945088731,29.1205135642323,-1.35464365849771,-1.76748157353823,-0.0122655993870597,-24.1149559906627,0.409359432461504,60.7506078363925,-14.3276553180748,-49.2012453230665
1295,"GSED-TZA",3.54551676933607,4.64001129158164,75.3588821702093,0.0385017046958927,1.06453793365271,14.7690366266617,76.7095633554968,0.0508601722522501,0.641945066557975,29.1709448136131,-1.35068118528754,-1.76077287655523,-0.0123584675563573,-24.2989101473415,0.422592867094738,65.8300669495951,-14.4019081869513,-49.3707292615029
1302,"GSED-TZA",3.564681724846,4.64019636171053,75.4298148581223,0.0384062187360053,1.04588441770541,14.7452577662756,76.7765352862961,0.0508572994802824,0.61006143060487,29.2214540429323,-1.34672042817384,-1.75407814790285,-0.0124510807442771,-24.4823867399889,0.43582298710054,71.439196978643,-14.4761962766567,-49.5396165275973
